EVTDESC_TIANXIA_1802;Right as the gates are shut I start to consider whether dispatching a foraging party to gather additional food in [seclusion_food_province.GetName] would be a wise idea. One of my courtiers would go, while I would remain in seclusion with the rest of my court. The risk of us all catching a disease as a result should be minimal.;;;;;;;;;;;;;x
EVTOPTA_TIANXIA_1802;[gather_food_option_1.GetBestName] is the [gather_food_option_1.GetManWoman] for the job!;;;;;;;;;;;;;x
EVTOPTB_TIANXIA_1802;I will send [gather_food_option_2.GetBestName]!;;;;;;;;;;;;;x
EVTOPTC_TIANXIA_1802;I think [gather_food_option_3.GetBestName] would be best!;;;;;;;;;;;;;x
EVTOPTD_TIANXIA_1802;It is not worth it...;;;;;;;;;;;;;x
EVTDESC_TIANXIA_1805;As [From.GetBestName] no longer resides in my court [From.GetSheHe] has not returned with the party I sent to gather additional food. Even so, the supplies that have been brought back are fairly substantial.;;;;;;;;;;;;;x
EVTOPTA_TIANXIA_1805;This will do just fine!;;;;;;;;;;;;;x
EVTDESC_TIANXIA_1806;[From.GetBestName] has returned with the party that was sent to acquire more food for us. They succeded, and the peasants in [seclusion_food_province.GetName] seem content enough with what happened.;;;;;;;;;;;;;x
EVTOPTA_TIANXIA_1806;Good work, [From.GetFirstName]!;;;;;;;;;;;;;x
EVTOPTB_TIANXIA_1806;Thank you for the food. You can leave now!;;;;;;;;;;;;;x
EVTDESC_TIANXIA_1807;[From.GetBestName] has returned with the party that was sent to acquire more food for us. They managed to acquire quite a bit of food, but the peasants in [seclusion_food_province.GetName] were apparently most upset with them.;;;;;;;;;;;;;x
EVTOPTA_TIANXIA_1807;I can't say it's completely unexpected...;;;;;;;;;;;;;x
EVTOPTB_TIANXIA_1807;Thank you for the food. You can leave now!;;;;;;;;;;;;;x
EVTDESC_TIANXIA_1808;The party [From.GetBestName] left with has returned without [From.GetHerHim], bringing a smaller amount of food than expected. It seems some of the peasants of [seclusion_food_province.GetName] saw fit to attack the party over the supposed theft of their food, and [From.GetBestName] was killed in the fighting.;;;;;;;;;;;;;x
EVTOPTA_TIANXIA_1808;Those peasants should show proper respect!;;;;;;;;;;;;;x
EVTDESC_TIANXIA_1812;[From.GetBestName]'s party has returned without [From.GetHerHim], with a number of those that have returned looking less than healthy. It seems [From.GetBestName] died from some kind of disease, and it might perhaps spread in my court now.;;;;;;;;;;;;;x
EVTOPTA_TIANXIA_1812;This might have been a mistake, even if we now have some more food...;;;;;;;;;;;;;x
EVTDESC_TIANXIA_1813;It seems [From.GetBestName] has died. The others that left with [From.GetHerHim] have returned with the food that they had managed to gather, but it seems to be a smaller amount than they probably would have been able to gather if [From.GetBestName] still had been alive.;;;;;;;;;;;;;x
EVTOPTA_TIANXIA_1813;I see...;;;;;;;;;;;;;x
EVTDESC_TIANXIA_1814;Life in seclusion is unlikely to be the same as life outside seclusion. I should perhaps try to focus on something in particular to make the most of this time.;;;;;;;;;;;;;x
EVTOPTA_TIANXIA_1814;We shall pray for things to get better!;;;;;;;;;;;;;x
EVTOPTB_TIANXIA_1814;We should enjoy ourselves!;;;;;;;;;;;;;x
EVTOPTC_TIANXIA_1814;I think I will try to keep busy!;;;;;;;;;;;;;x
EVTOPTD_TIANXIA_1814;We should aim to make the food last for as long as possible!;;;;;;;;;;;;;x
EVTOPTE_TIANXIA_1814;We should grow our own food!;;;;;;;;;;;;;x
EVTOPTF_TIANXIA_1814;This is an opportunity to discover secrets!;;;;;;;;;;;;;x
EVTOPTG_TIANXIA_1814;Finally I can afford to relax!;;;;;;;;;;;;;x
EVTOPTH_TIANXIA_1814;Let's try to live as we normally would...;;;;;;;;;;;;;x
EVTDESC_TIANXIA_1816;Now that I am in charge I need to decide how to spend my time in seclusion. I could perhaps focus on something in particular, if just trying to live as I normally would does not seem like the best idea.;;;;;;;;;;;;;x
EVTOPTA_TIANXIA_1816;We shall pray for things to get better!;;;;;;;;;;;;;x
EVTOPTB_TIANXIA_1816;We should enjoy ourselves!;;;;;;;;;;;;;x
EVTOPTC_TIANXIA_1816;I think I will try to keep busy!;;;;;;;;;;;;;x
EVTOPTD_TIANXIA_1816;We should aim to make the food last for as long as possible!;;;;;;;;;;;;;x
EVTOPTE_TIANXIA_1816;We should grow our own food!;;;;;;;;;;;;;x
EVTOPTF_TIANXIA_1816;This is an opportunity to discover secrets!;;;;;;;;;;;;;x
EVTOPTG_TIANXIA_1816;Finally I can afford to relax!;;;;;;;;;;;;;x
EVTOPTH_TIANXIA_1816;Let's try to live as we normally would...;;;;;;;;;;;;;x
EVTDESC_TIANXIA_1817;I have realized that my former approach to this time in seclusion is not right for me, and should consider some other approach instead.;;;;;;;;;;;;;x
EVTOPTA_TIANXIA_1817;We shall pray for things to get better!;;;;;;;;;;;;;x
EVTOPTB_TIANXIA_1817;We should enjoy ourselves!;;;;;;;;;;;;;x
EVTOPTC_TIANXIA_1817;I think I will try to keep busy!;;;;;;;;;;;;;x
EVTOPTD_TIANXIA_1817;We should aim to make the food last for as long as possible!;;;;;;;;;;;;;x
EVTOPTE_TIANXIA_1817;We should grow our own food!;;;;;;;;;;;;;x
EVTOPTF_TIANXIA_1817;This is an opportunity to discover secrets!;;;;;;;;;;;;;x
EVTOPTG_TIANXIA_1817;Finally I can afford to relax!;;;;;;;;;;;;;x
EVTOPTH_TIANXIA_1817;Let's try to live as we normally would...;;;;;;;;;;;;;x
EVTDESC_TIANXIA_1818;I have been in seclusion for quite some time now, and perhaps I could focus on something better with this time than what I am currently trying to focus on.;;;;;;;;;;;;;x
EVTOPTA_TIANXIA_1818;Perhaps it is time...;;;;;;;;;;;;;x
EVTOPTB_TIANXIA_1818;I see little reason to change my approach!;;;;;;;;;;;;;x
EVTDESC_TIANXIA_1819;I need to decide on my new approach to the time I am spending in seclusion. Attempting to live as I normally would is certainly an option, but perhaps it is not the most appealing one.;;;;;;;;;;;;;x
EVTOPTB_TIANXIA_1819;We should enjoy ourselves!;;;;;;;;;;;;;x
EVTOPTA_TIANXIA_1819;We shall pray for things to get better!;;;;;;;;;;;;;x
EVTOPTC_TIANXIA_1819;I think I will try to keep busy!;;;;;;;;;;;;;x
EVTOPTD_TIANXIA_1819;We should aim to make the food last for as long as possible!;;;;;;;;;;;;;x
EVTOPTE_TIANXIA_1819;We should grow our own food!;;;;;;;;;;;;;x
EVTOPTF_TIANXIA_1819;This is an opportunity to discover secrets!;;;;;;;;;;;;;x
EVTOPTG_TIANXIA_1819;Finally I can afford to relax!;;;;;;;;;;;;;x
EVTOPTH_TIANXIA_1819;Let's try to live as we normally would...;;;;;;;;;;;;;x
EVTDESC_TIANXIA_1822;It would perhaps be a good idea for me to appoint someone to guard the food reserves while we remain in seclusion, seeing as there might be those that would seek to eat more than their alloted share. I should pick someone I trust for this important task.;;;;;;;;;;;;;x
EVTOPTA_TIANXIA_1822;[food_guard_option_1.GetBestName] seems like the [food_guard_option_1.GetManWoman] for the job!;;;;;;;;;;;;;x
EVTOPTB_TIANXIA_1822;I will put [food_guard_option_2.GetBestName] in charge of the food!;;;;;;;;;;;;;x
EVTOPTC_TIANXIA_1822;[food_guard_option_3.GetBestName] is clearly a good choice!;;;;;;;;;;;;;x
EVTOPTD_TIANXIA_1822;Actually, I don't really see the point...;;;;;;;;;;;;;x
EVTDESC_TIANXIA_1823;Several people that I am close to have been asking me whether I would be willing to help them get some more food. This is not in accordance with the instructions I have been given by [From.GetBestName], but I guess I am in a position to decide...;;;;;;;;;;;;;x
EVTOPTA_TIANXIA_1823;I will let them eat...;;;;;;;;;;;;;x
EVTOPTB_TIANXIA_1823;I will have to refuse...;;;;;;;;;;;;;x
EVTDESC_TIANXIA_1824;[bribing_courtier.GetBestName] just approached me with the suggestion that [bribing_courtier.GetSheHe] could pay me quite handsomely in exchange for me giving [bribing_courtier.GetHerHim] and certain others access to the food supplies. [From.GetBestName] would probably not approve, but perhaps [From.GetSheHe] does not need to know.;;;;;;;;;;;;;x
EVTOPTA_TIANXIA_1824;We have a deal!;;;;;;;;;;;;;x
EVTOPTB_TIANXIA_1824;I will not be bribed!;;;;;;;;;;;;;x
EVTDESC_TIANXIA_1825;I have been quite hungry of late, and that is somewhat interfering with my ability to carry out the important task of guarding [From.GetBestName]'s food. Perhaps I should get myself something to eat so that I can focus?;;;;;;;;;;;;;x
EVTOPTA_TIANXIA_1825;I'm sure [From.GetBestName] would understand!;;;;;;;;;;;;;x
EVTOPTB_TIANXIA_1825;I am better than this...;;;;;;;;;;;;;x
EVTDESC_TIANXIA_1826;One of my agents just came to inform me that [Root.GetSheHe] has proof that [From.GetBestName] has not been guarding the food as well as could be desired. It seems [From.GetSheHe] might be letting people eat just due to being friends or family or in exchange for money, and [From.GetSheHe] might even be eating on the job.;;;;;;;;;;;;;x
EVTOPTA_TIANXIA_1826;I can let it slide...;;;;;;;;;;;;;x
EVTOPTB_TIANXIA_1826;I need to find someone else to guard the food...;;;;;;;;;;;;;x
EVTOPTC_TIANXIA_1826;Guards! Throw [From.GetHerHim] in a cell!;;;;;;;;;;;;;x
EVTDESC_TIANXIA_1827;I have been very hungry lately, and neither [From.GetBestName] nor [food_guard.GetBestName] has been willing to give me more to eat. At this time, the food reserves seem unguarded, however, which might be an opportunity for me...;;;;;;;;;;;;;x
EVTOPTA_TIANXIA_1827;I will grab some without anyone noticing...;;;;;;;;;;;;;x
EVTOPTB_TIANXIA_1827;It is too risky...;;;;;;;;;;;;;x
EVTDESC_TIANXIA_1828;I just caught [From.GetBestName] attempting to steal some food from the food reserves. [From.GetSheHeCap] is in no position to deny it, and I could easily summon the guards and have [From.GetHerHim] dragged before [FromFrom.GetBestName].;;;;;;;;;;;;;x
EVTOPTA_TIANXIA_1828;Leave before I change my mind!;;;;;;;;;;;;;x
EVTOPTB_TIANXIA_1828;Guards! Seize [From.GetHerHim]!;;;;;;;;;;;;;x
EVTDESC_TIANXIA_1829;[From.GetBestName] just had the guards drag [FromFrom.GetBestName] in front of me. Apparently, [FromFrom.GetSheHe] was caught attempting to steal from the food reserves.;;;;;;;;;;;;;x
EVTOPTA_TIANXIA_1829;I can let it slide...;;;;;;;;;;;;;x
EVTOPTB_TIANXIA_1829;Guards! Take [FromFrom.GetHerHim] to the dungeons!;;;;;;;;;;;;;x
EVTDESC_TIANXIA_1830;As I returned to watch over the food reserves after speaking to one of the servants about an important matter I noticed that the doors were standing slightly ajar. Inside, I could see signs that someone had been inside, clearly having stolen some of the food.;;;;;;;;;;;;;x
EVTOPTA_TIANXIA_1830;Who could have done this?;;;;;;;;;;;;;x
EVTDESC_TIANXIA_1831;[From.GetBestName] just informed me that someone apparently has gotten inside one of the storerooms where the food reserves are being stored. [From.GetSheHeCap] does not know who it was, and [From.GetSheHe] regrets to inform me that some of the food has gone missing.;;;;;;;;;;;;;x
EVTOPTA_TIANXIA_1831;Who could have done this?;;;;;;;;;;;;;x
EVTDESC_TIANXIA_1832;[food_guard.GetBestName] guards [From.GetBestName]'s food reserves very carefully, and I and many others are suffering from the lack of food. If [food_guard.GetSheHe] could be removed from the picture, we could all eat our fill... so perhaps I should make sure that happens...;;;;;;;;;;;;;x
EVTOPTA_TIANXIA_1832;[food_guard.GetSheHeCap] must die!;;;;;;;;;;;;;x
EVTOPTB_TIANXIA_1832;It would be risky and wrong...;;;;;;;;;;;;;x
EVTDESC_TIANXIA_1833;Without warning, a throwing knife comes flying in my direction as I am on my way back to my chambers after spending the day watching over [FromFrom.GetBestName]'s food stores. Luckily, the knife misses, but I am unable to catch any sign of the attacker when I search for them.;;;;;;;;;;;;;x
EVTOPTA_TIANXIA_1833;Who was that?;;;;;;;;;;;;;x
EVTDESC_TIANXIA_1834;I have just been informed that [From.GetBestName] was attacked by an unknown assailant. [From.GetSheHeCap] is unharmed, but it seems someone might not be very happy with the way [From.GetSheHe] is guarding my food stores.;;;;;;;;;;;;;x
EVTOPTA_TIANXIA_1834;Dangerous times...;;;;;;;;;;;;;x
EVTDESC_TIANXIA_1835;Without warning, a throwing knife comes flying in my direction as I am on my way back to my chambers after spending the day watching over [FromFrom.GetBestName]'s food stores. The knife misses, and as I turn towards where it came from I can see [From.GetBestName] standing there.;;;;;;;;;;;;;x
EVTOPTA_TIANXIA_1835;I saw you!;;;;;;;;;;;;;x
EVTDESC_TIANXIA_1836;I have just beeen informed that [From.GetBestName] was attacked by [FromFrom.GetBestName]. Apparently, [FromFrom.GetBestName] has taken issue with how well [From.GetBestName] has been guarding the food stores.;;;;;;;;;;;;;x
EVTOPTA_TIANXIA_1836;Don't do it again!;;;;;;;;;;;;;x
EVTOPTB_TIANXIA_1836;Guards! Throw [FromFrom.GetHerHim] in a cell!;;;;;;;;;;;;;x
EVTDESC_TIANXIA_1837;Without warning, a throwing knife comes flying in my direction as I am on my way back to my chambers after spending the day watching over [FromFrom.GetBestName]'s food stores. I try to dodge out of the way, but the attacker's aim is true, and the wound is fatal.;;;;;;;;;;;;;x
EVTOPTA_TIANXIA_1837;Who was th-?;;;;;;;;;;;;;x
EVTDESC_TIANXIA_1838;One of my guards just informed me that [From.GetBestName]'s body has been found with a throwing knife embedded in [From.GetHerHis] chest. Despite searching the scene for any clues as to who might have attacked [From.GetHerHim], the guards have not been able to identify any obvious suspects.;;;;;;;;;;;;;x
EVTOPTA_TIANXIA_1838;Who did this?;;;;;;;;;;;;;x
EVTDESC_TIANXIA_1839;Without warning, a throwing knife comes flying in my direction as I am on my way back to my chambers after spending the day watching over [FromFrom.GetBestName]'s food stores. I try to dodge out of the way, but the attacker's aim is true, and the wound is fatal. Looking over where it came from, I can see [From.GetBestName].;;;;;;;;;;;;;x
EVTOPTA_TIANXIA_1839;You? No!;;;;;;;;;;;;;x
EVTDESC_TIANXIA_1840;I have just been informed that [From.GetBestName] has been murdered in cold blood. Several people saw [FromFrom.GetBestName] throw the knife that did the deed, and [FromFrom.GetSheHe] has not denied this, stating that [From.GetBestName] had it coming after not letting [FromFrom.GetHerHim] eat.;;;;;;;;;;;;;x
EVTOPTA_TIANXIA_1840;I suppose I can't fault [FromFrom.GetHerHim]...;;;;;;;;;;;;;x
EVTOPTB_TIANXIA_1840;Guards! Throw [FromFrom.GetHerHim] in a cell!;;;;;;;;;;;;;x
EVTDESC_TIANXIA_1841;It seems my faith and my prayers has inspired [converting_courtier.GetBestName] to convert from the [converting_courtier.Religion.GetName] faith to the [Root.Religion.GetName] faith.;;;;;;;;;;;;;x
EVTOPTA_TIANXIA_1841;That is good news!;;;;;;;;;;;;;x
EVTDESC_TIANXIA_1842;Though [praying_courtier.GetBestName] does not follow the [Root.Religion.GetName] faith it seems my prayers have inspired [praying_courtier.GetHerHim] to start praying for us all to be safe in these dangerous times.;;;;;;;;;;;;;x
EVTOPTA_TIANXIA_1842;I will allow it...;;;;;;;;;;;;;x
EVTOPTB_TIANXIA_1842;How can I be sure what [praying_courtier.GetSheHe] truly is praying for?;;;;;;;;;;;;;x
EVTOPTC_TIANXIA_1842;[praying_courtier.GetSheHeCap] needs to stop at once!;;;;;;;;;;;;;x
EVTDESC_TIANXIA_1843;[annoyed_courtier.GetBestName] is most displeased with my prayers, telling me that they are a waste of time as the [Root.Religion.GetName] faith's teachings will not save us in these times. Clearly, [annoyed_courtier.GetHerHis] [annoyed_courtier.Religion.GetName] beliefs are the reason for this.;;;;;;;;;;;;;x
EVTOPTA_TIANXIA_1843;You can't please everyone...;;;;;;;;;;;;;x
EVTDESC_TIANXIA_1844;[happy_courtier.GetBestName] has let me know that [happy_courtier.GetBestName] fully approves of my decision to pray for us to remain safe in these dangerous times. [happy_courtier.GetSheHeCap] has also been praying, [happy_courtier.GetSheHe] tells me, and our shared [Root.Religion.GetName] faith will be our salvation.;;;;;;;;;;;;;x
EVTOPTA_TIANXIA_1844;I knew I made a good choice!;;;;;;;;;;;;;x
EVTDESC_TIANXIA_1845;[Root.Capital.GetName] is not suffering from disease, and it might be safe to reopen the gates soon. My prayers might be the reason why we are safe.;;;;;;;;;;;;;x
EVTOPTA_TIANXIA_1845;Faith alone will save us in these dark times!;;;;;;;;;;;;;x
EVTDESC_TIANXIA_1846;I have been praying night and day, and yet [Root.Capital.GetName] is suffering from disease. Why is it not working? Why? Am I not a good [Root.Religion.GetName]?;;;;;;;;;;;;;x
EVTOPTA_TIANXIA_1846;Is my faith... wrong?;;;;;;;;;;;;;x
EVTOPTB_TIANXIA_1846;I must pray harder!;;;;;;;;;;;;;x
EVTDESC_TIANXIA_1847;I am sick, even though I have been praying to remain healthy. This should not be happening according to the teachings of the [Root.Religion.GetName] faith!;;;;;;;;;;;;;x
EVTOPTA_TIANXIA_1847;Prayer is pointless!;;;;;;;;;;;;;x
EVTDESC_TIANXIA_1848;My prayers have not been effective, and my faith has been shaken. Maybe, just maybe, the [conversion_target.Religion.GetName] faith is the key to our salvation...;;;;;;;;;;;;;x
EVTOPTA_TIANXIA_1848;Conversion is the only choice!;;;;;;;;;;;;;x
EVTOPTB_TIANXIA_1848;I will convert in secret...;;;;;;;;;;;;;x
EVTOPTC_TIANXIA_1848;I don't think so!;;;;;;;;;;;;;x
EVTDESC_TIANXIA_1849;[conversion_target.GetBestName] has asked me for an audience. It seems [conversion_target.GetSheHe] thinks my attempt to pray for salvation is laudable but ultimately pointless, seeing as I am not praying to [conversion_target.Religion.GetHighGodName] in accordance with the teachings of the [conversion_target.Religion.GetName] faith. [conversion_target.GetSheHeCap] suggests that I should convert.;;;;;;;;;;;;;x
EVTOPTA_TIANXIA_1849;You have convinced me, [conversion_target.GetFirstName]!;;;;;;;;;;;;;x
EVTOPTB_TIANXIA_1849;I won't convert... at least not publicly...;;;;;;;;;;;;;x
EVTOPTC_TIANXIA_1849;Never suggest that again!;;;;;;;;;;;;;x
EVTOPTD_TIANXIA_1849;Guards! Imprison [conversion_target.GetHerHim]!;;;;;;;;;;;;;x
EVTDESC_TIANXIA_1850;Lately I have been spending quite a bit of time in the company of [seclusion_friend.GetBestName] as we both are in seclusion together. [seclusion_friend.GetSheHeCap] is a very interesting [seclusion_friend.GetManWoman], and I have enjoyed [seclusion_friend.GetHerHis] company quite a bit. The feeling seems to be mutual.;;;;;;;;;;;;;x
EVTOPTA_TIANXIA_1850;This seclusion thing might not be so bad...;;;;;;;;;;;;;x
EVTDESC_TIANXIA_1851;I have noticed that [friendly_courtier_1.GetBestName] and [friendly_courtier_2.GetBestName] seems to be getting along quite well. Perhaps the festive atmosphere I arranged helped them find common ground.;;;;;;;;;;;;;x
EVTOPTA_TIANXIA_1851;This can only meen good things!;;;;;;;;;;;;;x
EVTOPTB_TIANXIA_1851;Good for them!;;;;;;;;;;;;;x
EVTOPTC_TIANXIA_1851;A strange choice...;;;;;;;;;;;;;x
EVTOPTD_TIANXIA_1851;I see...;;;;;;;;;;;;;x
EVTOPTE_TIANXIA_1851;A strange choice...;;;;;;;;;;;;;x
EVTOPTF_TIANXIA_1851;I see...;;;;;;;;;;;;;x
EVTOPTG_TIANXIA_1851;They might be conspiring against me...;;;;;;;;;;;;;x
EVTDESC_TIANXIA_1852;Being stuck in seclusion has been unpleasant despite me trying to make things enjoyable for everyone. One of the main causes for this is [seclusion_rival.GetBestName]. That [seclusion_rival.GetManWoman] has been doing everything possible to get on my nerves, and [seclusion_rival.GetSheHe] seems to think that I have been most unpleasant towards [seclusion_rival.GetHerHim] even though that is unwarranted.;;;;;;;;;;;;;x
EVTOPTA_TIANXIA_1852;I hate [seclusion_rival.GetHerHim]!;;;;;;;;;;;;;x
EVTDESC_TIANXIA_1853;Despite the festivities I have arranged in seclusion it seems [rival_courtier_1.GetBestName] and [rival_courtier_2.GetBestName] have not been getting along. In fact, the two of them seem to be considering each other fierce rivals.;;;;;;;;;;;;;x
EVTOPTA_TIANXIA_1853;Unfortunate, that...;;;;;;;;;;;;;x
EVTOPTB_TIANXIA_1853;I see...;;;;;;;;;;;;;x
EVTOPTC_TIANXIA_1853;It seems I might have an ally...;;;;;;;;;;;;;x
EVTOPTD_TIANXIA_1853;Good! Good!;;;;;;;;;;;;;x
EVTOPTE_TIANXIA_1853;It seems I might have an ally...;;;;;;;;;;;;;x
EVTOPTF_TIANXIA_1853;Good! Good!;;;;;;;;;;;;;x
EVTOPTG_TIANXIA_1853;I hope they destroy each other!;;;;;;;;;;;;;x
EVTDESC_TIANXIA_1854;[seclusion_lover.GetBestName] is a most intriguing [seclusion_lover.GetManWoman], and I find myself drawn to [seclusion_lover.GetHerHim]. Perhaps [seclusion_lover.GetSheHe] and I am meant to be lovers...;;;;;;;;;;;;;x
EVTOPTA_TIANXIA_1854;I will proposition [seclusion_lover.GetHerHim]!;;;;;;;;;;;;;x
EVTOPTB_TIANXIA_1854;It is not meant to be...;;;;;;;;;;;;;x
EVTDESC_TIANXIA_1855;It seems [From.GetBestName] has become quite enamored with me of late, seeing as [From.GetSheHe] just suggested that the two of us should try to slip away from the festivities to get to know one another much more intimately.;;;;;;;;;;;;;x
EVTOPTA_TIANXIA_1855;I never thought you'd ask!;;;;;;;;;;;;;x
EVTOPTB_TIANXIA_1855;I think not!;;;;;;;;;;;;;x
EVTDESC_TIANXIA_1856;It seems [From.GetBestName] does not have the same feelings for me as I have for [From.GetHerHim], seeing as [From.GetSheHe] turned down my suggestion that the two of us should retire somewhere more privately to get to know one another much more intimately.;;;;;;;;;;;;;x
EVTOPTA_TIANXIA_1856;I see...;;;;;;;;;;;;;x
EVTDESC_TIANXIA_1857;[From.GetBestName] was receptive to my suggestion, and with the rest of the court distracted by the ongoing festivities we were able to slip away without anyone noticing. After a very enjoyable time together, I need to decide whether I see this as a lasting thing or not.;;;;;;;;;;;;;x
EVTOPTA_TIANXIA_1857;This is the start of a lasting relationship!;;;;;;;;;;;;;x
EVTOPTB_TIANXIA_1857;It was fun, but let's not make a habit of it...;;;;;;;;;;;;;x
EVTDESC_TIANXIA_1858;I have been having a good time at the festivities arranged by [From.GetBestName], especially in the company of [lover_courtier_2.GetBestName]. [lover_courtier_2.GetSheHeCap] is a most intriguing [lover_courtier_2.GetManWoman], and I find myself drawn to [lover_courtier_2.GetHerHim].;;;;;;;;;;;;;x
EVTOPTA_TIANXIA_1858;I should proposition [lover_courtier_2.GetHerHim]!;;;;;;;;;;;;;x
EVTOPTB_TIANXIA_1858;It's probably nothing...;;;;;;;;;;;;;x
EVTDESC_TIANXIA_1859;I have been having a good time at the festivities arranged by [FromFrom.GetBestName], especially in the company of [lover_courtier_1.GetBestName]. [lover_courtier_1.GetSheHeCap] seems to have enjoyed my company quite a lot as well, seeing as [lover_courtier_1.GetSheHe] just propositioned me.;;;;;;;;;;;;;x
EVTOPTA_TIANXIA_1859;Let's slip away right now!;;;;;;;;;;;;;x
EVTOPTB_TIANXIA_1859;I don't think so!;;;;;;;;;;;;;x
EVTDESC_TIANXIA_1860;It seems [From.GetBestName] does not feel the same way about me that I feel about [From.GetHerHim], seeing as [From.GetSheHe] did not appreciate my suggestion that the two of us should get to know each other much more intimately.;;;;;;;;;;;;;x
EVTOPTA_TIANXIA_1860;I see...;;;;;;;;;;;;;x
EVTDESC_TIANXIA_1861;I have a very enjoyable time with [From.GetBestName], and [From.GetSheHe] seems to have felt the same way. As we are getting dressed again, I know that we need to decide whether this should become something lasting or not.;;;;;;;;;;;;;x
EVTOPTA_TIANXIA_1861;We should do this again!;;;;;;;;;;;;;x
EVTOPTB_TIANXIA_1861;This shouldn't become a long-term thing...;;;;;;;;;;;;;x
EVTDESC_TIANXIA_1862;[annoyed_courtier.GetBestName] has let me know that [annoyed_courtier.GetSheHe] most definitely do not agree with my decision to attempt to make our time in seclusion more enjoyable. Apparently [annoyed_courtier.GetSheHe] thinks it a frivolous waste of our limited supplies of food.;;;;;;;;;;;;;x
EVTOPTA_TIANXIA_1862;You can't please everyone...;;;;;;;;;;;;;x
EVTDESC_TIANXIA_1863;[happy_courtier.GetBestName] just told me [happy_courtier.GetSheHe] is very pleased with my decision to try to liven up the atmosphere while we are in seclusion. Plentiful food, plentiful drink, and general festivities seem to be just what [happy_courtier.GetSheHe] would have decided on if [happy_courtier.GetSheHe] was in charge.;;;;;;;;;;;;;x
EVTOPTA_TIANXIA_1863;I am glad to hear that!;;;;;;;;;;;;;x
EVTDESC_TIANXIA_1864;I seem to have gained some weight lately, most likely due to the ongoing festivities. Some might think this unseemly, seeing as we are stuck in seclusion with fairly limited supplies, but I am not really sure I agree.;;;;;;;;;;;;;x
EVTOPTA_TIANXIA_1864;I think losing weight would be worse...;;;;;;;;;;;;;x
EVTDESC_TIANXIA_1865;It is not just food that I have ensured a plentiful supply of at the ongoing festivities, but also a variety of strong drinks. I have found myself drinking more than I usually in the past, and I cannot say that that feels wrong.;;;;;;;;;;;;;x
EVTOPTA_TIANXIA_1865;Another round!;;;;;;;;;;;;;x
EVTDESC_TIANXIA_1866;Though some might think it wrong when supplies are limited and while the peasants outside the walls might be starving, I have found that I enjoy the plentiful food during the festivities quite a bit.;;;;;;;;;;;;;x
EVTOPTA_TIANXIA_1866;Time for the third dessert!;;;;;;;;;;;;;x
EVTDESC_TIANXIA_1867;Good food, pleasant company, plentiful drinks, and not a care in the world. Can a [Root.GetManWoman] really ask for more in life?;;;;;;;;;;;;;x
EVTOPTA_TIANXIA_1867;This truly is the life!;;;;;;;;;;;;;x
EVTOPTB_TIANXIA_1867;I am having fun, but not that much fun...;;;;;;;;;;;;;x
EVTDESC_TIANXIA_1868;Some of the more pious [Root.Religion.GetName] faithful stuck with me in seclusion have started to express their concern that the festivities I have arranged and my participation in them are decadent and unseemly. They seem to think that this might bring shame on me and my dynasty.;;;;;;;;;;;;;x
EVTOPTA_TIANXIA_1868;If this is decadence, then so be it!;;;;;;;;;;;;;x
EVTDESC_TIANXIA_1869;Having been spending more time talking to people during the festivities than I often have in the past, and I seem to have become better at saying the right thing at the right time as a result.;;;;;;;;;;;;;x
EVTOPTA_TIANXIA_1869;I think that will be most useful!;;;;;;;;;;;;;x
EVTDESC_TIANXIA_1870;I have spent quite a bit of time socializing with the people at my court during the recent festivities, and it has been rather enjoyable. Perhaps it is something I should be focusing on more in the future, too.;;;;;;;;;;;;;x
EVTOPTA_TIANXIA_1870;This truly is the life!;;;;;;;;;;;;;x
EVTOPTB_TIANXIA_1870;I think I'd rather focus on other things...;;;;;;;;;;;;;x
EVTDESC_TIANXIA_1871;It has become clear to me that maintaining a proper appearance is more necessary than I once considered, what with all the ongoing festivities having nearly everyone making an effort.;;;;;;;;;;;;;x
EVTOPTA_TIANXIA_1871;I must look my best!;;;;;;;;;;;;;x
EVTDESC_TIANXIA_1872;Today some of the peasants outside approached the walls and demanded to speak to me. Apparently they seem to think that there are some kind of festivities underway inside while they are suffering outside.;;;;;;;;;;;;;x
EVTOPTA_TIANXIA_1872;Festivities? Here? Certainly not!;;;;;;;;;;;;;x
EVTOPTB_TIANXIA_1872;Why wouldn't we be enjoying ourselves?;;;;;;;;;;;;;x
EVTDESC_TIANXIA_1873;It seems that despite our attempts to keep the peasants outside the walls from figuring out that we are having an enjoyable time while in seclusion they have found out. My guards have informed me that there are signs of unrest.;;;;;;;;;;;;;x
EVTOPTA_TIANXIA_1873;This might not be good...;;;;;;;;;;;;;x
EVTDESC_TIANXIA_1874;The unrest outside the walls has grown beyond the point where it can be ignored. The peasants are up in arms, and are attempting to gain entry by force. I doubt the experience would be pleasant, should they gain entry.;;;;;;;;;;;;;x
EVTOPTA_TIANXIA_1874;Drive them back!;;;;;;;;;;;;;x
EVTDESC_TIANXIA_1875;Under my capable leadership, the guards successfully repel the assault by the disorganized rabble outside the walls. The peasants flee in disarray, leaving their dead and dying behind.;;;;;;;;;;;;;x
EVTOPTA_TIANXIA_1875;And stay out!;;;;;;;;;;;;;x
EVTDESC_TIANXIA_1876;Despite my leadership the guards lose control of the walls, and the peasant mob forces its way inside, hungry for blood. I am in a fight for my life, as is the rest of my court.;;;;;;;;;;;;;x
EVTOPTA_TIANXIA_1876;To arms!;;;;;;;;;;;;;x
EVTDESC_TIANXIA_1878;The peasant mob is unstoppable, and though I believe that some members of my court manage to slip away in the confusion I and many others are cornered. Their leader, one [peasant_commander.GetBestName], directs the mob to show no mercy, particularly not to me.;;;;;;;;;;;;;x
EVTOPTA_TIANXIA_1878;Don't you know who I am?;;;;;;;;;;;;;x
EVTDESC_TIANXIA_1879;The peasant mob cannot be stopped, and they leave many dead in their wake. They corner me and my personal guards, and show us no mercy.;;;;;;;;;;;;;x
EVTOPTA_TIANXIA_1879;Don't you know who I am?;;;;;;;;;;;;;x
EVTDESC_TIANXIA_1880;In the end, we manage to drive the peasant mob back outside the walls, but I and many others are left crippled for life by the wounds the rabble inflicted. Dead and dying peasants are left behind by those that flee.;;;;;;;;;;;;;x
EVTOPTA_TIANXIA_1880;That went rather poorly...;;;;;;;;;;;;;x
EVTOPTB_TIANXIA_1880;At least there's fresh meat...;;;;;;;;;;;;;x
EVTDESC_TIANXIA_1881;Though I and several others are wounded in the fighting, the peasant mob proves too disorganized to prevail even though they managed to get over the walls. Soon, they are driven back, leaving the corpses of their fallen comrades behind.;;;;;;;;;;;;;x
EVTOPTA_TIANXIA_1881;Not as bad as it could have been...;;;;;;;;;;;;;x
EVTOPTB_TIANXIA_1881;Well, I suppose we can replenish the food stores now...;;;;;;;;;;;;;x
EVTDESC_TIANXIA_1882;The peasants clearly let their early success get to their heads and are taken by surprise when I lead the counterattack. Soon, they have been pushed back outside the walls, leaving their dead and dying behind.;;;;;;;;;;;;;x
EVTOPTA_TIANXIA_1882;And stay out!;;;;;;;;;;;;;x
EVTOPTB_TIANXIA_1882;It's nice when the food delivers itself!;;;;;;;;;;;;;x
EVTDESC_TIANXIA_1883;[annoyed_courtier.GetBestName] has informed me that my insistence that everyone should try to stay busy while we are in seclusion most definitely is not to [annoyed_courtier.GetHerHis] liking. Apparently, [annoyed_courtier.GetSheHe] seems to think we should be relaxing instead.;;;;;;;;;;;;;x
EVTOPTA_TIANXIA_1883;You can't please everyone...;;;;;;;;;;;;;x
EVTDESC_TIANXIA_1884;I have just learned that [happy_courtier.GetBestName] has been expressing quite a bit of satisfaction with the fact that I keep finding things for everyone to do while in seclusion. Clearly, [happy_courtier.GetSheHe] would have been bored out of [happy_courtier.GetHerHis] mind if we had just been trying to relax.;;;;;;;;;;;;;x
EVTOPTA_TIANXIA_1884;I am glad to hear that!;;;;;;;;;;;;;x
EVTDESC_TIANXIA_1885;Seeing as there is less to do in seclusion than there otherwise would be, I have taken the time to go over the ledgers for the past several decades to check for any discrepancies, which I have been meaning to do for quite some time.;;;;;;;;;;;;;x
EVTOPTA_TIANXIA_1885;It's as good a way as any to pass the time...;;;;;;;;;;;;;x
EVTDESC_TIANXIA_1886;The numbers do not add up. That much is clear to me. It might just be someone writing the wrong number by accident in places, or minor rounding errors in others, but taken all together it does not look good.;;;;;;;;;;;;;x
EVTOPTA_TIANXIA_1886;Something is wrong here...;;;;;;;;;;;;;x
EVTOPTB_TIANXIA_1886;Someone has stolen from me!;;;;;;;;;;;;;x
EVTDESC_TIANXIA_1887;The numbers in the ledgers are what they should be, barring a couple of minor rounding errors. I have checked my calculations several times, and they always come out the same.;;;;;;;;;;;;;x
EVTOPTA_TIANXIA_1887;Everything looks good to me!;;;;;;;;;;;;;x
EVTOPTB_TIANXIA_1887;The ledgers are accurate, it seems...;;;;;;;;;;;;;x
EVTDESC_TIANXIA_1888;Having checked the ledgers carefully, I have realized that there might be parts of my demesne that do not pay quite as much in taxes as they could. I am clearly missing out on some money that some would say rightfully is mine.;;;;;;;;;;;;;x
EVTOPTA_TIANXIA_1888;Double the taxes! Triple the taxes!;;;;;;;;;;;;;x
EVTOPTB_TIANXIA_1888;I don't need that much money...;;;;;;;;;;;;;x
EVTDESC_TIANXIA_1889;I did not think I would enjoy looking over the ledgers as much as I have. Perhaps I should make a habit of doing it more often in the future.;;;;;;;;;;;;;x
EVTOPTA_TIANXIA_1889;Numbers are fun!;;;;;;;;;;;;;x
EVTOPTB_TIANXIA_1889;I don't really think I will keep doing this...;;;;;;;;;;;;;x
EVTDESC_TIANXIA_1890;Being stuck in seclusion with less to do than normal alongside a good number of guards that likewise have less to do seems like an excellet opportunity to get some dueling practice.;;;;;;;;;;;;;x
EVTOPTA_TIANXIA_1890;I will get my sword!;;;;;;;;;;;;;x
EVTDESC_TIANXIA_1891;While some of the guards are not very good duelists there are a few that stand out as exceptional swords[Root.GetMenWomen], and sparring with them turns out to be quite useful.;;;;;;;;;;;;;x
EVTOPTA_TIANXIA_1891;I learned a few new tricks!;;;;;;;;;;;;;x
EVTDESC_TIANXIA_1892;I get distracted for a moment while sparring with the guards and fail to block an incoming blow as well as I should have. The wound I take is not as bad as it could have been, but it certainly hurts.;;;;;;;;;;;;;x
EVTOPTA_TIANXIA_1892;Ow!;;;;;;;;;;;;;x
EVTDESC_TIANXIA_1893;While it is somewhat enjoyable I do not learn anything useful from sparring with my guards. Perhaps I need to find better sparring partners, once I am out of seclusion.;;;;;;;;;;;;;x
EVTOPTA_TIANXIA_1893;That's that, I guess...;;;;;;;;;;;;;x
EVTDESC_TIANXIA_1894;I have taken the time to read as much as possible lately, trying to learn anything that could be of use when it comes to keeping myself and my realm safe.;;;;;;;;;;;;;x
EVTOPTA_TIANXIA_1894;I have learned a few new things!;;;;;;;;;;;;;x
EVTDESC_TIANXIA_1895;Lately, I have found myself drawn to [seclusion_lover.GetBestName]. [seclusion_lover.GetSheHeCap] is surely as bored in seclusion as I am, and seeing as I am all but irresistible [seclusion_lover.GetSheHe] might appreciate a good tumble with me quite a bit.;;;;;;;;;;;;;x
EVTOPTA_TIANXIA_1895;I will proposition [seclusion_lover.GetHerHim]!;;;;;;;;;;;;;x
EVTOPTB_TIANXIA_1895;Actually, it would be a bad idea...;;;;;;;;;;;;;x
EVTDESC_TIANXIA_1896;It seems [From.GetBestName] has gotten it into [From.GetHerHis] mind that I would appreciate a good tumble with [From.GetHerHim], seeing as [From.GetSheHe] just told me as much. [From.GetSheHeCap] has suggested we retire somewhere private without delay.;;;;;;;;;;;;;x
EVTOPTA_TIANXIA_1896;An excellent idea!;;;;;;;;;;;;;x
EVTOPTB_TIANXIA_1896;I don't think so!;;;;;;;;;;;;;x
EVTDESC_TIANXIA_1897;It seems [From.GetBestName] is not as interested in a good tumble with me as I had thought, seeing as [From.GetSheHe] just turned me down.;;;;;;;;;;;;;x
EVTOPTA_TIANXIA_1897;I see...;;;;;;;;;;;;;x
EVTDESC_TIANXIA_1898;I gave [From.GetBestName] a good tumble once we had retired to a private location, and [From.GetSheHe] seems to have enjoyed it as much as I did. We could perhaps try to do it again in the future.;;;;;;;;;;;;;x
EVTOPTA_TIANXIA_1898;I look forward to the next time!;;;;;;;;;;;;;x
EVTOPTB_TIANXIA_1898;I think we should end it here...;;;;;;;;;;;;;x
EVTDESC_TIANXIA_1899;I have had more time for poetry than usual lately, seeing as I am stuck in seclusion. My latest poem took more time than I would have liked, but the result was quite good.;;;;;;;;;;;;;x
EVTOPTA_TIANXIA_1899;Time well spent!;;;;;;;;;;;;;x
EVTDESC_TIANXIA_1900;Having found myself with less to do than I anticipated, I have decided to take up poetry. My first attempts were not promising, but I have gotten a lot better with practice.;;;;;;;;;;;;;x
EVTOPTA_TIANXIA_1900;And it's quite fun!;;;;;;;;;;;;;x
EVTDESC_TIANXIA_1901;There was a time when I would have found it unthinkable to work as hard as I have been recently, but I seem to have changed as a person as I am finding it quite pleasant.;;;;;;;;;;;;;x
EVTOPTA_TIANXIA_1901;Hard work is rewarding!;;;;;;;;;;;;;x
EVTDESC_TIANXIA_1902;Some would think that being stuck in seclusion without relaxing would be frustrating, but I cannot say I would agree with that sentiment-;;;;;;;;;;;;;x
EVTOPTA_TIANXIA_1902;I don't mind this at all!;;;;;;;;;;;;;x
EVTDESC_TIANXIA_1903;Working hard has made me reconsider my past priorities. They no longer strike me as being as being ambitious enough.;;;;;;;;;;;;;x
EVTOPTA_TIANXIA_1903;I can surely achieve greater things!;;;;;;;;;;;;;x
EVTDESC_TIANXIA_1904;I am working as hard as I can, but each time I think I have taken care of everything there is to do in seclusion I keep finding more things that require my attention, and delegating a few of them has not helped.;;;;;;;;;;;;;x
EVTOPTA_TIANXIA_1904;This is just too much...;;;;;;;;;;;;;x
EVTDESC_TIANXIA_1905;Today I was approached by [annoyed_courtier.GetBestName]. [annoyed_courtier.GetSheHeCap] launched into a long tirade about how we all will starve to death thanks to my insistence that we eat less and how displeased [annoyed_courtier.GetSheHe] is with me.;;;;;;;;;;;;;x
EVTOPTA_TIANXIA_1905;You can't please everyone...;;;;;;;;;;;;;x
EVTDESC_TIANXIA_1906;[happy_courtier.GetBestName] came to see me today, apparently wishing to express [happy_courtier.GetHerHis] appreciation for my wise decision to ensure that everyone eats a bit less to conserve our food stores for as long as possible.;;;;;;;;;;;;;x
EVTOPTA_TIANXIA_1906;I knew people would see it my way!;;;;;;;;;;;;;x
EVTDESC_TIANXIA_1907;I spent some time today going over the food stores and having them reorganized in such a fashion that we both have a better idea what we still have and that the things that are more likely to spoil are consumed first.;;;;;;;;;;;;;x
EVTOPTA_TIANXIA_1907;Time well spent!;;;;;;;;;;;;;x
EVTDESC_TIANXIA_1908;While there has been some grumbling about my insistence that everyone should eat a bit less and I have had second thoughts a few times, I am finding myself more and more content with having simpler and smaller meals than I once had.;;;;;;;;;;;;;x
EVTOPTA_TIANXIA_1908;I ate too much before!;;;;;;;;;;;;;x
EVTDESC_TIANXIA_1909;I seem to have lost some weight recently, most likely because I am eating less than I once did. I suppose that that is to be expected.;;;;;;;;;;;;;x
EVTOPTA_TIANXIA_1909;It's probably fine...;;;;;;;;;;;;;x
EVTDESC_TIANXIA_1910;[annoyed_courtier.GetBestName] has expressed quite a lot of unhappiness with my decision that we all should help grow food in seclusion. If [annoyed_courtier.GetSheHe] put as much time into helping out as [annoyed_courtier.GetSheHe] put into complaining, things would be going much smoother.;;;;;;;;;;;;;x
EVTOPTA_TIANXIA_1910;You can't please everyone...;;;;;;;;;;;;;x
EVTDESC_TIANXIA_1911;It seems [annoyed_courtier.GetBestName] thinks I am setting a bad precedent by insisting that we all put some work in to grow additional food while in seclusion. Apparently [annoyed_courtier.GetSheHe] thinks that it is work only fit for peasants and that they might get ideas from us lowering ourselves to their level.;;;;;;;;;;;;;x
EVTOPTA_TIANXIA_1911;You can't please everyone...;;;;;;;;;;;;;x
EVTDESC_TIANXIA_1912;Helping out with the attempt to grow additional food has made both me and my clothes quite dirty, and it is taking a lot of time and effort. I cannot really find the time to clean up as much as I once would have.;;;;;;;;;;;;;x
EVTOPTA_TIANXIA_1912;It's worth it, I think...;;;;;;;;;;;;;x
EVTDESC_TIANXIA_1913;Gardening has at times taken some effort in the past, but doing it on the scale that I currently am is harder work than I had thought it would have been. It looked so easy when I saw the peasants do it in the past.;;;;;;;;;;;;;x
EVTOPTA_TIANXIA_1913;Maybe the peasants do have a hard life...;;;;;;;;;;;;;x
EVTDESC_TIANXIA_1914;While I have dedicated most of the gardens towards growing food while in seclusion I have also been able to grow some potentially useful herbs in a few places that were not really suited for food. Some of them are ready for harvest.;;;;;;;;;;;;;x
EVTOPTA_TIANXIA_1914;These will be useful!;;;;;;;;;;;;;x
EVTDESC_TIANXIA_1915;The latest harvest from the gardens has been completed, and it was quite bountiful. The food stores should last us quite a while longer now, which will be good if we need to remain in seclusion.;;;;;;;;;;;;;x
EVTOPTA_TIANXIA_1915;Time well spent!;;;;;;;;;;;;;x
EVTDESC_TIANXIA_1916;[annoyed_courtier.GetBestName] seems to be rather annoyed with me investigating various rumours and me trying to keep track of people. I am unsure why that is the case.;;;;;;;;;;;;;x
EVTOPTA_TIANXIA_1916;You can't please everyone...;;;;;;;;;;;;;x
EVTOPTB_TIANXIA_1916;What is [annoyed_courtier.GetSheHe] up to...?;;;;;;;;;;;;;x
EVTDESC_TIANXIA_1917;Recently, I have noticed that [sneaky_courtier.GetBestName] frequently vanishes for long periods of time and have caught [sneaky_courtier.GetHerHim] sneaking about in various places. [sneaky_courtier.GetSheHeCap] might be up to something!;;;;;;;;;;;;;x
EVTOPTA_TIANXIA_1917;I will follow [sneaky_courtier.GetHerHim]!;;;;;;;;;;;;;x
EVTOPTB_TIANXIA_1917;It's probably nothing...;;;;;;;;;;;;;x
EVTDESC_TIANXIA_1919;[sneaky_courtier.GetBestName] did [sneaky_courtier.GetHerHis] best to ensure that [sneaky_courtier.GetSheHe] was not followed, but [sneaky_courtier.GetSheHe] was not good enough to notice me. I managed to follow [sneaky_courtier.GetHerHim] to [discovered_lover.GetBestName]'s chambers. Judging by the sounds that came from inside not long thereafter, the two of them are lovers.;;;;;;;;;;;;;x
EVTOPTA_TIANXIA_1919;This has to end!;;;;;;;;;;;;;x
EVTOPTB_TIANXIA_1919;I suppose they need to get married...;;;;;;;;;;;;;x
EVTOPTC_TIANXIA_1919;I will leave them be...;;;;;;;;;;;;;x
EVTOPTD_TIANXIA_1919;Guards! Seize that person!;;;;;;;;;;;;;x
EVTOPTE_TIANXIA_1919;Guards! Seize that person!;;;;;;;;;;;;;x
EVTOPTF_TIANXIA_1919;Guards! Seize them both!;;;;;;;;;;;;;x
EVTDESC_TIANXIA_1920;[sneaky_courtier.GetBestName] failed to notice that I was following [sneaky_courtier.GetHerHim], and [sneaky_courtier.GetSheHe] led me directly to a meeting where the disguised people inside praised [sneaky_courtier.TrueReligion.GetHighGodName] in the [sneaky_courtier.TrueReligion.GetName] fashion.;;;;;;;;;;;;;x
EVTOPTA_TIANXIA_1920;This warrants execution!;;;;;;;;;;;;;x
EVTOPTB_TIANXIA_1920;[sneaky_courtier.GetSheHeCap] should be imprisoned!;;;;;;;;;;;;;x
EVTOPTC_TIANXIA_1920;Apostates should be branded!;;;;;;;;;;;;;x
EVTOPTD_TIANXIA_1920;I can let this slide...;;;;;;;;;;;;;x
EVTDESC_TIANXIA_1921;I followed [sneaky_courtier.GetBestName] to some kind of meeting where a group of hooded people had gathered. They chanted [sneaky_courtier.GetDWDevil]'s name while sacrificing a terrified servant in a horrifying ritual.;;;;;;;;;;;;;x
EVTOPTA_TIANXIA_1921;This warrants execution!;;;;;;;;;;;;;x
EVTOPTB_TIANXIA_1921;[sneaky_courtier.GetSheHeCap] should be imprisoned!;;;;;;;;;;;;;x
EVTOPTC_TIANXIA_1921;Apostates should be branded!;;;;;;;;;;;;;x
EVTOPTD_TIANXIA_1921;Surely there's an explanation for this...;;;;;;;;;;;;;x
EVTDESC_TIANXIA_1922;"Ah, our most loyal [sneaky_courtier.GetBrotherSister] has brought the sacrifice, just as expected," a voice suddenly says, catching me by surprise as I am moving down the hidden passageway I saw [sneaky_courtier.GetBestName] sneak down. Within moments, I am seized by hooded figures, who drag me away and push me down on a black altar.;;;;;;;;;;;;;x
EVTOPTA_TIANXIA_1922;No! Get away from me!;;;;;;;;;;;;;x
EVTDESC_TIANXIA_1923;I manage to follow [sneaky_courtier.GetBestName] to a forgotten room filled with cobwebs. Inside, I overhear [sneaky_courtier.GetHerHim] discuss [sneaky_courtier.GetHerHis] plot to [sneaky_courtier.GetPlot].;;;;;;;;;;;;;x
EVTOPTA_TIANXIA_1923;Good to know!;;;;;;;;;;;;;x
EVTOPTB_TIANXIA_1923;Guards! Seize them!;;;;;;;;;;;;;x
EVTDESC_TIANXIA_1924;As I am following [sneaky_courtier.GetBestName] I notice that [sneaky_courtier.GetSheHe] is stalking [sneaky_courtier.PlotTarget.GetBestName] with a throwing knife at the ready. Just as [sneaky_courtier.GetSheHe] is about to throw the knife [sneaky_courtier.GetSheHe] catches sight of me.;;;;;;;;;;;;;x
EVTOPTA_TIANXIA_1924;Go right ahead! Kill [sneaky_courtier.PlotTarget.GetHerHim]!;;;;;;;;;;;;;x
EVTOPTB_TIANXIA_1924;Guards! Seize [sneaky_courtier.GetHerHim]!;;;;;;;;;;;;;x
EVTDESC_TIANXIA_1925;I spend quite some time following [sneaky_courtier.GetBestName], but [sneaky_courtier.GetSheHe] does not seem to be up to anything in particular, even if [sneaky_courtier.GetSheHe] perhaps seems to be sneaking about from time to time.;;;;;;;;;;;;;x
EVTOPTA_TIANXIA_1925;Nothing to it, then...;;;;;;;;;;;;;x
EVTOPTB_TIANXIA_1925;I'm sure [sneaky_courtier.GetSheHe] is up to something!;;;;;;;;;;;;;x
EVTDESC_TIANXIA_1926;As I make my way down a hidden passageway towards where [sneaky_courtier.GetBestName] tends to be sneaking about quite a lot these days I notice movement in one of the side passages at an intersection.;;;;;;;;;;;;;x
EVTOPTA_TIANXIA_1926;Who goes th-?;;;;;;;;;;;;;x
EVTDESC_TIANXIA_1927;I catch sight of [sneaky_courtier.GetBestName] hurrying around a corner and move to follow [sneaky_courtier.GetHerHim] as quickly as possible. There is no sign of [sneaky_courtier.GetHerHim] on the other side.;;;;;;;;;;;;;x
EVTOPTA_TIANXIA_1927;Did [sneaky_courtier.GetSheHe] notice me?;;;;;;;;;;;;;x
EVTDESC_TIANXIA_1928;IT seems [sneaky_courtier.GetBestName] has noticed that I seem to be trying to keep track of where [sneaky_courtier.GetSheHe] is and that I have been following [sneaky_courtier.GetHerHim] from time to time, seeing as [sneaky_courtier.GetSheHe] just told me to stop doing that.;;;;;;;;;;;;;x
EVTOPTA_TIANXIA_1928;Fine!;;;;;;;;;;;;;x
EVTOPTB_TIANXIA_1928;I'll make some vague promises...;;;;;;;;;;;;;x
EVTOPTC_TIANXIA_1928;You're hiding something!;;;;;;;;;;;;;x
EVTDESC_TIANXIA_1929;Today I lost sight of [sneaky_courtier.GetBestName] when I was following [sneaky_courtier.GetHerHim]. I might have been a bit distracted.;;;;;;;;;;;;;x
EVTOPTA_TIANXIA_1929;Where did [sneaky_courtier.GetSheHe] go?;;;;;;;;;;;;;x
EVTDESC_TIANXIA_1930;I did not watch where I was going when following [sneaky_courtier.GetBestName] today, which resulted in me slipping and falling down a flight of stairs.;;;;;;;;;;;;;x
EVTOPTA_TIANXIA_1930;Ow!;;;;;;;;;;;;;x
EVTDESC_TIANXIA_1931;After carefully studying [plot_target.GetBestName]'s movements over the past few days I believe I have figured out the perfect place to ambush and kill [plot_target.GetHerHim].;;;;;;;;;;;;;x
EVTOPTA_TIANXIA_1931;Time for [plot_target.GetHerHim] to die!;;;;;;;;;;;;;x
EVTOPTB_TIANXIA_1931;It is too risky..;;;;;;;;;;;;;x
EVTDESC_TIANXIA_1932;[plot_target.GetBestName] comes by my hiding place right on schedule and is taken completely by surprise by my attack. I slip away without anyone noticing and pretend to be surprised when I get the report that a body has been discovered.;;;;;;;;;;;;;x
EVTOPTA_TIANXIA_1932;All according to plan!;;;;;;;;;;;;;x
EVTDESC_TIANXIA_1933;[plot_target.GetBestName] comes by my hiding place right on schedule and is taken completely by surprise by my attack. Unfortunately, [plot_target.GetSheHe] cries out in alarm, and several people catch me in the act of killing [plot_target.GetHerHim].;;;;;;;;;;;;;x
EVTOPTA_TIANXIA_1933;That could have gone a bit better...;;;;;;;;;;;;;x
EVTDESC_TIANXIA_1934;[plot_target.GetBestName] moves out of the way at the last moment, and my attack misses. I seem to have surprised [plot_target.GetHerHim] enough that [plot_target.GetSheHe] fails to notice which way I went, however, and I am later told that [plot_target.GetSheHe] does not seem to suspect me.;;;;;;;;;;;;;x
EVTOPTA_TIANXIA_1934;At least I wasn't discovered...;;;;;;;;;;;;;x
EVTDESC_TIANXIA_1935;[plot_target.GetBestName] moves out of the way at the last moment, and my attack misses. [plot_target.GetSheHeCap] catches sight of me before I can escape, and [plot_target.GetHerHis] outraged cries attract a lot of attention, and I am in no position to deny what I attempted to do.;;;;;;;;;;;;;x
EVTOPTA_TIANXIA_1935;Not good! Not good at all!;;;;;;;;;;;;;x
EVTDESC_TIANXIA_1936;After carefully studying [rival_to_kill.GetBestName]'s movements over the past few days I believe I have figured out the perfect place to ambush and kill [rival_to_kill.GetHerHim].;;;;;;;;;;;;;x
EVTOPTA_TIANXIA_1936;Time for [rival_to_kill.GetHerHim] to die!;;;;;;;;;;;;;x
EVTOPTB_TIANXIA_1936;It is too risky..;;;;;;;;;;;;;x
EVTDESC_TIANXIA_1937;[rival_to_kill.GetBestName] comes by my hiding place right on schedule and is taken completely by surprise by my attack. I slip away without anyone noticing and pretend to be surprised when I get the report that a body has been discovered,;;;;;;;;;;;;;x
EVTOPTA_TIANXIA_1937;All according to plan!;;;;;;;;;;;;;x
EVTDESC_TIANXIA_1938;[rival_to_kill.GetBestName] comes by my hiding place right on schedule and is taken completely by surprise by my attack. Unfortunately, [rival_to_kill.GetSheHe] cries out in alarm, and several people catch me in the act of killing [rival_to_kill.GetHerHim].;;;;;;;;;;;;;x
EVTOPTA_TIANXIA_1938;That could have gone a bit better...;;;;;;;;;;;;;x
EVTDESC_TIANXIA_1939;[rival_to_kill.GetBestName] moves out of the way at the last moment, and my attack misses. I seem to have surprised [rival_to_kill.GetHerHim] enough that [rival_to_kill.GetSheHe] fails to notice which way I went, however, and I am later told that [rival_to_kill.GetSheHe] does not seem to suspect me.;;;;;;;;;;;;;x
EVTOPTA_TIANXIA_1939;At least I wasn't discovered...;;;;;;;;;;;;;x
EVTDESC_TIANXIA_1940;[rival_to_kill.GetBestName] moves out of the way at the last moment, and my attack misses. [rival_to_kill.GetSheHeCap] catches sight of me before I can escape, and [rival_to_kill.GetHerHis] outraged cries attract a lot of attention, and I am in no position to deny what I attempted to do.;;;;;;;;;;;;;x
EVTOPTA_TIANXIA_1940;Not good! Not good at all!;;;;;;;;;;;;;x
EVTDESC_TIANXIA_1941;I knew there were secrets I was not privy to at my court, but as time goes on I am learning more and more disturbing ones. Servants planning to kill their own! Whispers of infidelity! Rumours of hidden cultists seeking to corrupt all that is holy! Assassins! Children up past curfew!;;;;;;;;;;;;;x
EVTOPTA_TIANXIA_1941;There are secrets everywhere!;;;;;;;;;;;;;x
EVTDESC_TIANXIA_1942;The best way to discover the secrets of others is to keep your motives hidden. Sometimes, that means being dishonest, but as long as it is for a good cause that is not a problem, no matter what some might think.;;;;;;;;;;;;;x
EVTOPTA_TIANXIA_1942;My lies never hurt... anyone I care about!;;;;;;;;;;;;;x
EVTDESC_TIANXIA_1943;It seems [annoyed_courtier.GetBestName] is finding it hard to not have anything to do while in seclusion and that [annoyed_courtier.GetSheHe] finds my insistence that we should all take the time to relax somewhat frustrating.;;;;;;;;;;;;;x
EVTOPTA_TIANXIA_1943;You can't please everyone...;;;;;;;;;;;;;x
EVTDESC_TIANXIA_1944;[happy_courtier.GetBestName] just told me that [happy_courtier.GetSheHe] really needed some time to relax and that my insistence that we should all take the opportunity to do that while in seclusion is very much to [happy_courtier.GetHerHis] liking.;;;;;;;;;;;;;x
EVTOPTA_TIANXIA_1944;I knew this was a good idea!;;;;;;;;;;;;;x
EVTDESC_TIANXIA_1945;At long last, I no longer feel stressed. Though being in seclusion has its downsides, being able to relax certainly is not one of them.;;;;;;;;;;;;;x
EVTOPTA_TIANXIA_1945;I feel like a new person!;;;;;;;;;;;;;x
EVTDESC_TIANXIA_1946;There was a time when I would consider trying to get more than the least amount possible done in a single day, but those days are well and truly behind me.;;;;;;;;;;;;;x
EVTOPTA_TIANXIA_1946;I just want to relax!;;;;;;;;;;;;;x
EVTDESC_TIANXIA_1947;[growing_closer.GetBestName] and I have been able to spend more time together lately, both in public and in private, and it has been good for us. I find that I understand and appreciate [growing_closer.GetHerHim] much better now, and [growing_closer.GetSheHe] seems to feel the same way about me.;;;;;;;;;;;;;x
EVTOPTA_TIANXIA_1947;True love!;;;;;;;;;;;;;x
EVTOPTB_TIANXIA_1947;This is good!;;;;;;;;;;;;;x
EVTDESC_TIANXIA_1948;I have recently had the opportunity to spend quite a bit of time with [growing_closer.GetBestName], and we have grown quite a bit closer as a result.;;;;;;;;;;;;;x
EVTOPTA_TIANXIA_1948;This is surely a good thing!;;;;;;;;;;;;;x
EVTDESC_TIANXIA_1949;I have started to realize that my life is fairly good and that I really do not need more to be happy.;;;;;;;;;;;;;x
EVTOPTA_TIANXIA_1949;I have all I need!;;;;;;;;;;;;;x
EVTDESC_TIANXIA_1950;I cannot stand being stuck in seclusion like [From.GetBestName] wants me to. I have things I need to do outside the walls, sooner rather than later!;;;;;;;;;;;;;x
EVTOPTA_TIANXIA_1950;I will sneak out!;;;;;;;;;;;;;x
EVTOPTB_TIANXIA_1950;I will just ask...;;;;;;;;;;;;;x
EVTDESC_TIANXIA_1951;I noticed [leaving_seclusion.GetBestName] getting ready to depart. Clearly, [leaving_seclusion.GetSheHe] knows a way to get outside the walls, and does not want to stay in seclusion. I could inquire as to why, have [leaving_seclusion.GetHerHim] tailed by my trusted agents, or just let [leaving_seclusion.GetHerHim] leave.;;;;;;;;;;;;;x
EVTOPTA_TIANXIA_1951;I trust [leaving_seclusion.GetHerHim]!;;;;;;;;;;;;;x
EVTOPTB_TIANXIA_1951;I'll have [leaving_seclusion.GetHerHim] tailed...;;;;;;;;;;;;;x
EVTOPTC_TIANXIA_1951;[leaving_seclusion.GetSheHeCap] has some explaining to do!;;;;;;;;;;;;;x
EVTDESC_TIANXIA_1952;One day in seclusion [leaving_seclusion.GetBestName] comes to see me.\n"I need to head beyond the walls, at least briefly," [leaving_seclusion.GetSheHe] tells me. "Please, [Root.GetFirstName], let me leave. It is important to me!";;;;;;;;;;;;;x
EVTOPTA_TIANXIA_1952;Very well. Just be careful!;;;;;;;;;;;;;x
EVTOPTB_TIANXIA_1952;If you leave, I can't let you back...;;;;;;;;;;;;;x
EVTOPTC_TIANXIA_1952;Leave, and don't return!;;;;;;;;;;;;;x
EVTOPTD_TIANXIA_1952;So when exactly are you planning to leave?;;;;;;;;;;;;;x
EVTOPTE_TIANXIA_1952;Why do you want to leave, exactly?;;;;;;;;;;;;;x
EVTOPTF_TIANXIA_1952;I forbid it!;;;;;;;;;;;;;x
EVTDESC_TIANXIA_1953;[From.GetBestName] saw fit to let me head outside the walls, as long as I promised to be careful. Seeing as that was my plan regardless, I naturally accepted.;;;;;;;;;;;;;x
EVTOPTA_TIANXIA_1953;Excellent!;;;;;;;;;;;;;x
EVTDESC_TIANXIA_1954;[From.GetBestName] has told me that I will only be permitted to leave if I remain outside. The risk to the others in seclusion would be too great otherwise.;;;;;;;;;;;;;x
EVTOPTA_TIANXIA_1954;I won't leave, then!;;;;;;;;;;;;;x
EVTOPTB_TIANXIA_1954;I won't come back, then!;;;;;;;;;;;;;x
EVTDESC_TIANXIA_1955;It seems [leaving_seclusion.GetBestName] had second thoughts when I informed [leaving_seclusion.GetHerHim] that [leaving_seclusion.GetSheHe] would not be permitted back inside if [leaving_seclusion.GetSheHe] left.;;;;;;;;;;;;;x
EVTOPTA_TIANXIA_1955;Excellent!;;;;;;;;;;;;;x
EVTDESC_TIANXIA_1956;[leaving_seclusion.GetBestName] did not hesitate for a moment when I told [leaving_seclusion.GetHerHim] that [leaving_seclusion.GetSheHe] would not be permitted back inside if [leaving_seclusion.GetSheHe] left.;;;;;;;;;;;;;x
EVTOPTA_TIANXIA_1956;Very well...;;;;;;;;;;;;;x
EVTDESC_TIANXIA_1957;[From.GetBestName] seemed quite pleased when I told [From.GetHerHim] that I wanted to leave. Giving me a nasty smile, [From.GetSheHe] told me that I was very welcome to leave, and that I should stay out.;;;;;;;;;;;;;x
EVTOPTA_TIANXIA_1957;Fine!;;;;;;;;;;;;;x
EVTDESC_TIANXIA_1958;[From.GetBestName] has told me that I cannot leave. [From.GetSheHeCap] explained [From.GetHerHis] reasons, and I cannot say they are entirely unreasonable, but I am not sure how convinced I am.;;;;;;;;;;;;;x
EVTOPTA_TIANXIA_1958;I will sneak out!;;;;;;;;;;;;;x
EVTOPTB_TIANXIA_1958;I will stay...;;;;;;;;;;;;;x
EVTDESC_TIANXIA_1959;Success! [seclusion_host.GetBestName] and [seclusion_host.GetHerHis] guards did not notice me climbing over the walls, and now I am outside.;;;;;;;;;;;;;x
EVTOPTA_TIANXIA_1959;Freedom!;;;;;;;;;;;;;x
EVTDESC_TIANXIA_1960;It seems [leaving_seclusion.GetBestName] did not listen to me forbidding [leaving_seclusion.GetHerHim] from leaving seclusion, seeing as [leaving_seclusion.GetSheHe] looks to be about to climb over the walls.;;;;;;;;;;;;;x
EVTOPTA_TIANXIA_1960;I will just stop [leaving_seclusion.GetHerHim]...;;;;;;;;;;;;;x
EVTOPTB_TIANXIA_1960;I'll have [leaving_seclusion.GetHerHim] tailed...;;;;;;;;;;;;;x
EVTDESC_TIANXIA_1961;[seclusion_host.GetBestName] listened to my request and then informed me that [seclusion_host.GetSheHe] really needs to know why I want to leave before [seclusion_host.GetSheHe] can make up [seclusion_host.GetHerHis] mind. I could tell the truth, lie, or be evasive.;;;;;;;;;;;;;x
EVTOPTA_TIANXIA_1961;I'm heading to the brothel...;;;;;;;;;;;;;x
EVTOPTB_TIANXIA_1961;I'll claim I'm heading to the brothel...;;;;;;;;;;;;;x
EVTOPTC_TIANXIA_1961;I'm heading out to gamble...;;;;;;;;;;;;;x
EVTOPTD_TIANXIA_1961;I'll claim I'm heading out to gamble...;;;;;;;;;;;;;x
EVTOPTE_TIANXIA_1961;I'm heading out to have a drink...;;;;;;;;;;;;;x
EVTOPTF_TIANXIA_1961;I'll claim I'm heading out to have a drink...;;;;;;;;;;;;;x
EVTOPTG_TIANXIA_1961;I'm heading to a meeting...;;;;;;;;;;;;;x
EVTOPTH_TIANXIA_1961;I'll claim I'm heading to a meeting...;;;;;;;;;;;;;x
EVTOPTI_TIANXIA_1961;I'm heading for a walk...;;;;;;;;;;;;;x
EVTOPTJ_TIANXIA_1961;I'll claim I'm heading for a walk...;;;;;;;;;;;;;x
EVTOPTK_TIANXIA_1961;I'm going hunting...;;;;;;;;;;;;;x
EVTOPTL_TIANXIA_1961;I'll claim I'm going hunting...;;;;;;;;;;;;;x
EVTOPTM_TIANXIA_1961;I'm going to duel someone...;;;;;;;;;;;;;x
EVTOPTN_TIANXIA_1961;I'll claim I'm going to duel someone...;;;;;;;;;;;;;x
EVTOPTO_TIANXIA_1961;I, uh, don't really want to say...;;;;;;;;;;;;;x
EVTDESC_TIANXIA_1962;[seclusion_host.GetBestName] noticed me as I was making my preparations to leave and asked me where I was going. Denying that I was about to leave is too unlikely to work. I can tell the truth, lie, or be evasive.;;;;;;;;;;;;;x
EVTOPTA_TIANXIA_1962;I'm heading to the brothel...;;;;;;;;;;;;;x
EVTOPTB_TIANXIA_1962;I'll claim I'm heading to the brothel...;;;;;;;;;;;;;x
EVTOPTC_TIANXIA_1962;I'm heading out to gamble...;;;;;;;;;;;;;x
EVTOPTD_TIANXIA_1962;I'll claim I'm heading out to gamble...;;;;;;;;;;;;;x
EVTOPTE_TIANXIA_1962;I'm heading out to have a drink...;;;;;;;;;;;;;x
EVTOPTF_TIANXIA_1962;I'll claim I'm heading out to have a drink...;;;;;;;;;;;;;x
EVTOPTG_TIANXIA_1962;I'm heading to a meeting...;;;;;;;;;;;;;x
EVTOPTH_TIANXIA_1962;I'll claim I'm heading to a meeting...;;;;;;;;;;;;;x
EVTOPTI_TIANXIA_1962;I'm heading for a walk...;;;;;;;;;;;;;x
EVTOPTJ_TIANXIA_1962;I'll claim I'm heading for a walk...;;;;;;;;;;;;;x
EVTOPTK_TIANXIA_1962;I'm going hunting...;;;;;;;;;;;;;x
EVTOPTL_TIANXIA_1962;I'll claim I'm going hunting...;;;;;;;;;;;;;x
EVTOPTM_TIANXIA_1962;I'm going to duel someone...;;;;;;;;;;;;;x
EVTOPTN_TIANXIA_1962;I'll claim I'm going to duel someone...;;;;;;;;;;;;;x
EVTOPTO_TIANXIA_1962;I, uh, don't really want to say...;;;;;;;;;;;;;x
EVTDESC_TIANXIA_1963;"I'm heading to, well, some might call it a house of ill repute," [leaving_seclusion.GetBestName] tells me when I ask where [leaving_seclusion.GetSheHe] is going. "I've been told one of the employees there truly is exceptional, and I've always wanted to-!";;;;;;;;;;;;;x
EVTOPTA_TIANXIA_1963;Fine! Just don't tell me the details!;;;;;;;;;;;;;x
EVTOPTB_TIANXIA_1963;So when exactly are you planning to leave?;;;;;;;;;;;;;x
EVTOPTC_TIANXIA_1963;I forbid it!;;;;;;;;;;;;;x
EVTDESC_TIANXIA_1964;"I'm heading to, well, some might call it a house of ill repute," [leaving_seclusion.GetBestName] tells me when I ask where [leaving_seclusion.GetSheHe] is going. "I've been told one of the employees there truly is exceptional, and I've always wanted to-!;;;;;;;;;;;;;x
EVTOPTA_TIANXIA_1964;Fine! Just don't tell me the details!;;;;;;;;;;;;;x
EVTOPTB_TIANXIA_1964;So when exactly are you planning to leave?;;;;;;;;;;;;;x
EVTOPTC_TIANXIA_1964;I forbid it!;;;;;;;;;;;;;x
EVTDESC_TIANXIA_1965;"I'm heading out to gamble," [leaving_seclusion.GetBestName] tells me when I ask where [leaving_seclusion.GetSheHe] is going. "I think I've got what it takes to win, especially now that I have had the time to practice in seclusion. Please, let me do this!";;;;;;;;;;;;;x
EVTOPTA_TIANXIA_1965;Very well!;;;;;;;;;;;;;x
EVTOPTB_TIANXIA_1965;So when exactly are you planning to leave?;;;;;;;;;;;;;x
EVTOPTC_TIANXIA_1965;I forbid it!;;;;;;;;;;;;;x
EVTDESC_TIANXIA_1966;"I'm heading out to gamble," [leaving_seclusion.GetBestName] tells me when I ask where [leaving_seclusion.GetSheHe] is going. "I think I've got what it takes to win, especially now that I have had the time to practice in seclusion. Please, let me do this!";;;;;;;;;;;;;x
EVTOPTA_TIANXIA_1966;Very well!;;;;;;;;;;;;;x
EVTOPTB_TIANXIA_1966;So when exactly are you planning to leave?;;;;;;;;;;;;;x
EVTOPTC_TIANXIA_1966;I forbid it!;;;;;;;;;;;;;x
EVTDESC_TIANXIA_1967;"I'm heading out to have a drink with some acquaintances," [leaving_seclusion.GetBestName] tells me when I ask where [leaving_seclusion.GetSheHe] is going. "I've not seen them in a good while, and this was planned long ago. It's a birthday celebration!";;;;;;;;;;;;;x
EVTOPTA_TIANXIA_1967;Well, you shouldn't miss that!;;;;;;;;;;;;;x
EVTOPTB_TIANXIA_1967;So when exactly are you planning to leave?;;;;;;;;;;;;;x
EVTOPTC_TIANXIA_1967;I forbid it!;;;;;;;;;;;;;x
EVTDESC_TIANXIA_1968;"I'm heading out to have a drink with some acquaintances," [leaving_seclusion.GetBestName] tells me when I ask where [leaving_seclusion.GetSheHe] is going. "I've not seen them in a good while, and this was planned long ago. It's a birthday celebration!";;;;;;;;;;;;;x
EVTOPTA_TIANXIA_1968;Well, you shouldn't miss that!;;;;;;;;;;;;;x
EVTOPTB_TIANXIA_1968;So when exactly are you planning to leave?;;;;;;;;;;;;;x
EVTOPTC_TIANXIA_1968;I forbid it!;;;;;;;;;;;;;x
EVTDESC_TIANXIA_1969;"I'm heading to a meeting," [leaving_seclusion.GetBestName] tells me when I ask where [leaving_seclusion.GetSheHe] is going. "It's important to me and concerns a number of things that will be of benefit to me in the future, and now that it has been arranged it will be very hard to reschedule it.";;;;;;;;;;;;;x
EVTOPTA_TIANXIA_1969;I suppose that you have a point...;;;;;;;;;;;;;x
EVTOPTB_TIANXIA_1969;So when exactly are you planning to leave?;;;;;;;;;;;;;x
EVTOPTC_TIANXIA_1969;I forbid it!;;;;;;;;;;;;;x
EVTDESC_TIANXIA_1970;"I'm heading to a meeting," [leaving_seclusion.GetBestName] tells me when I ask where [leaving_seclusion.GetSheHe] is going. "It's important to me and concerns a number of things that will be of benefit to me in the future, and now that it has been arranged it will be very hard to reschedule it.";;;;;;;;;;;;;x
EVTOPTA_TIANXIA_1970;I suppose that you have a point...;;;;;;;;;;;;;x
EVTOPTB_TIANXIA_1970;So when exactly are you planning to leave?;;;;;;;;;;;;;x
EVTOPTC_TIANXIA_1970;I forbid it!;;;;;;;;;;;;;x
EVTDESC_TIANXIA_1971;"I'm heading for a walk," [leaving_seclusion.GetBestName] tells me when I ask where [leaving_seclusion.GetSheHe] is going. "Walking around inside the walls gets boring, and some fresh air and wide open spaces would do me a lot of good.";;;;;;;;;;;;;x
EVTOPTA_TIANXIA_1971;Just try to avoid anyone that looks sick out there!;;;;;;;;;;;;;x
EVTOPTB_TIANXIA_1971;So when exactly are you planning to leave?;;;;;;;;;;;;;x
EVTOPTC_TIANXIA_1971;I forbid it!;;;;;;;;;;;;;x
EVTDESC_TIANXIA_1972;"I'm heading for a walk," [leaving_seclusion.GetBestName] tells me when I ask where [leaving_seclusion.GetSheHe] is going. "Walking around inside the walls gets boring, and some fresh air and wide open spaces would do me a lot of good.";;;;;;;;;;;;;x
EVTOPTA_TIANXIA_1972;Just try to avoid anyone that looks sick out there!;;;;;;;;;;;;;x
EVTOPTB_TIANXIA_1972;So when exactly are you planning to leave?;;;;;;;;;;;;;x
EVTOPTC_TIANXIA_1972;I forbid it!;;;;;;;;;;;;;x
EVTDESC_TIANXIA_1973;"I'm going hunting," [leaving_seclusion.GetBestName] tells me when I ask where [leaving_seclusion.GetSheHe] is going. "We need the food, and I would very much enjoy the experience. Please, don't force me to stay here!";;;;;;;;;;;;;x
EVTOPTA_TIANXIA_1973;Good hunting, then!;;;;;;;;;;;;;x
EVTOPTB_TIANXIA_1973;So when exactly are you planning to leave?;;;;;;;;;;;;;x
EVTOPTC_TIANXIA_1973;I forbid it!;;;;;;;;;;;;;x
EVTDESC_TIANXIA_1974;"I'm going hunting," [leaving_seclusion.GetBestName] tells me when I ask where [leaving_seclusion.GetSheHe] is going. "We need the food, and I would very much enjoy the experience. Please, don't force me to stay here!";;;;;;;;;;;;;x
EVTOPTA_TIANXIA_1974;Good hunting, then!;;;;;;;;;;;;;x
EVTOPTB_TIANXIA_1974;So when exactly are you planning to leave?;;;;;;;;;;;;;x
EVTOPTC_TIANXIA_1974;I forbid it!;;;;;;;;;;;;;x
EVTDESC_TIANXIA_1975;"If you must know, I'm heading out for a duel," [leaving_seclusion.GetBestName] tells me when I ask where [leaving_seclusion.GetSheHe] is going. "It would be a stain on my honour if I failed to make an appearance now that the time and date has been set.";;;;;;;;;;;;;x
EVTOPTA_TIANXIA_1975;If it's for honour, it is important!;;;;;;;;;;;;;x
EVTOPTB_TIANXIA_1975;So when exactly are you planning to leave?;;;;;;;;;;;;;x
EVTOPTC_TIANXIA_1975;I forbid it!;;;;;;;;;;;;;x
EVTDESC_TIANXIA_1976;"If you must know, I'm heading out for a duel," [leaving_seclusion.GetBestName] tells me when I ask where [leaving_seclusion.GetSheHe] is going. "It would be a stain on my honour if I failed to make an appearance now that the time and date has been set.";;;;;;;;;;;;;x
EVTOPTA_TIANXIA_1976;If it's for honour, it is important!;;;;;;;;;;;;;x
EVTOPTB_TIANXIA_1976;So when exactly are you planning to leave?;;;;;;;;;;;;;x
EVTOPTC_TIANXIA_1976;I forbid it!;;;;;;;;;;;;;x
EVTDESC_TIANXIA_1977;[leaving_seclusion.GetBestName] was quite evasive when I asked [leaving_seclusion.GetHerHim] why [leaving_seclusion.GetSheHe] wanted to leave seclusion. Perhaps the answer was embarrassing, or perhaps [leaving_seclusion.GetSheHe] would prefer for it to be a surprse.;;;;;;;;;;;;;x
EVTOPTA_TIANXIA_1977;I suppose I don't need the details...;;;;;;;;;;;;;x
EVTOPTB_TIANXIA_1977;So when exactly are you planning to leave?;;;;;;;;;;;;;x
EVTOPTC_TIANXIA_1977;I forbid it!;;;;;;;;;;;;;x
EVTDESC_TIANXIA_1978;[seclusion_host.GetBestName] considered my stated reason for leaving for a moment and then decided to permit me to leave, telling me to be careful.;;;;;;;;;;;;;x
EVTOPTA_TIANXIA_1978;I will be!;;;;;;;;;;;;;x
EVTDESC_TIANXIA_1980;The agents I tasked with following [leaving_seclusion.GetBestName] have returned with word that [leaving_seclusion.GetSheHe] managed to slip away from them once outside the walls.;;;;;;;;;;;;;x
EVTOPTA_TIANXIA_1980;Incompetent fools!;;;;;;;;;;;;;x
EVTDESC_TIANXIA_1981;Finally I have arrived at the brothel. Good company can definitely be found here, if one can pay for it, and someone like me might even manage it without spending a single coin.;;;;;;;;;;;;;x
EVTOPTA_TIANXIA_1981;I'm looking for a good time!;;;;;;;;;;;;;x
EVTDESC_TIANXIA_1982;My agents have returned with word that [leaving_seclusion.GetBestName] was seen entering a house of ill repute. One of them even went inside, and according to that agent [leaving_seclusion.GetFirstName] had already found some company for the night.;;;;;;;;;;;;;x
EVTOPTA_TIANXIA_1982;I don't want to know the details!;;;;;;;;;;;;;x
EVTOPTB_TIANXIA_1982;It's treason, then!;;;;;;;;;;;;;x
EVTDESC_TIANXIA_1983;I had a very enjoyable time at the brothel, and the company was quite excellent. Perhaps this is true love?;;;;;;;;;;;;;x
EVTOPTA_TIANXIA_1983;I found love!;;;;;;;;;;;;;x
EVTOPTB_TIANXIA_1983;I found love, and it was another noble!;;;;;;;;;;;;;x
EVTOPTC_TIANXIA_1983;Love? Ha!;;;;;;;;;;;;;x
EVTOPTD_TIANXIA_1983;Love? Not even with a title attached!;;;;;;;;;;;;;x
EVTDESCA_TIANXIA_1984;"I have returned," [leaving_seclusion.GetBestName] announces upon [leaving_seclusion.GetHerHis] return. There's an unfamiliar [sex_partner.GetManWoman] with [leaving_seclusion.GetHerHim]. "This is [sex_partner.GetFirstName]. We're in love, and want to get married. With your blessing, of course!";;;;;;;;;;;;;x
EVTDESCB_TIANXIA_1984;"I have returned," [leaving_seclusion.GetBestName] announces upon [leaving_seclusion.GetHerHis] return. There's an unfamiliar [sex_partner.GetManWoman] with [leaving_seclusion.GetHerHim]. "This is [sex_partner.GetFirstName]. We... met outside and are... very, very good friends.";;;;;;;;;;;;;x
EVTOPTA_TIANXIA_1984;Fine, get married if that is your wish!;;;;;;;;;;;;;x
EVTOPTB_TIANXIA_1984;You can stay, but you're certainly not marrying!;;;;;;;;;;;;;x
EVTOPTC_TIANXIA_1984;They're not staying and you're not marrying them!;;;;;;;;;;;;;x
EVTOPTD_TIANXIA_1984;Get out, both of you!;;;;;;;;;;;;;x
EVTOPTE_TIANXIA_1984;You can stay!;;;;;;;;;;;;;x
EVTOPTF_TIANXIA_1984;Get out, both of you!;;;;;;;;;;;;;x
EVTDESCA_TIANXIA_1985;"I have returned," [leaving_seclusion.GetBestName] announces, taking me by surprise as I did not know [leaving_seclusion.GetSheHe] had left in the first place. There's an unfamiliar [sex_partner.GetManWoman] with [leaving_seclusion.GetHerHim]. "This is [sex_partner.GetFirstName]. We're in love, and want to get married. With your blessing, of course!";;;;;;;;;;;;;x
EVTDESCB_TIANXIA_1985;"I have returned," [leaving_seclusion.GetBestName] announces, taking me by surprise as I did not know [leaving_seclusion.GetSheHe] had left in the first place. There's an unfamiliar [sex_partner.GetManWoman] with [leaving_seclusion.GetHerHim]. "This is [sex_partner.GetFirstName]. We... met outside and are... very, very good friends.";;;;;;;;;;;;;x
EVTOPTA_TIANXIA_1985;Fine, get married if that is your wish!;;;;;;;;;;;;;x
EVTOPTB_TIANXIA_1985;You can stay, but you're certainly not marrying!;;;;;;;;;;;;;x
EVTOPTC_TIANXIA_1985;They're not staying and you're not marrying them!;;;;;;;;;;;;;x
EVTOPTD_TIANXIA_1985;Get out, both of you!;;;;;;;;;;;;;x
EVTOPTE_TIANXIA_1985;You can stay!;;;;;;;;;;;;;x
EVTOPTF_TIANXIA_1985;Get out, both of you!;;;;;;;;;;;;;x
EVTDESC_TIANXIA_1986;[From.GetBestName] had both me and [sex_partner.GetBestName] thrown out. We got married right away, of course, but [From.GetHerHis] actions were still hurtful.;;;;;;;;;;;;;x
EVTOPTA_TIANXIA_1986;We won't forgive this!;;;;;;;;;;;;;x
EVTDESC_TIANXIA_1987;I have arrived at the local gambling house. It is time for me to see if I perhaps can win a small fortune off of the locals.;;;;;;;;;;;;;x
EVTOPTA_TIANXIA_1987;Time to toss the dice!;;;;;;;;;;;;;x
EVTDESC_TIANXIA_1988;My agents have informed me that [leaving_seclusion.GetBestName] headed to one of the local gambling houses and was seen playing a variety of dice games with some fo the locals.;;;;;;;;;;;;;x
EVTOPTA_TIANXIA_1988;I see...;;;;;;;;;;;;;x
EVTDESC_TIANXIA_1989;I have finally arrived at the tavern where I and my acquaintances were to meet, and several of them are already here. I wave someone over and hand them a few coins.;;;;;;;;;;;;;x
EVTOPTA_TIANXIA_1989;Bring us a round of your finest!;;;;;;;;;;;;;x
EVTDESC_TIANXIA_1990;My agents have informed me that [leaving_seclusion.GetBestName] entered a local tavern and went over to a table where some people [leaving_seclusion.GetSheHe] seemed to know were seated, ordering a few drinks on arrival.;;;;;;;;;;;;;x
EVTOPTA_TIANXIA_1990;I see...;;;;;;;;;;;;;x
EVTDESC_TIANXIA_1991;I have arrived just in time for my meeting. The matters to be discussed are quite varied, and there is a good number of them;;;;;;;;;;;;;x
EVTOPTA_TIANXIA_1991;Let's begin!;;;;;;;;;;;;;x
EVTDESC_TIANXIA_1992;My agents managed to follow [leaving_seclusion.GetBestName] to a meeting of some kind. The matters being discussed were quite mundane.;;;;;;;;;;;;;x
EVTOPTA_TIANXIA_1992;I see...;;;;;;;;;;;;;x
EVTDESC_TIANXIA_1993;I have finally met up with my brothers and sisters in [Root.Society.GetName] to pray for salvation from the terrible disease that is encroaching on [seclusion_location.GetName].;;;;;;;;;;;;;x
EVTOPTA_TIANXIA_1993;[Root.TrueReligion.GetHighGodName] save us from the plague!;;;;;;;;;;;;;x
EVTDESC_TIANXIA_1994;My agents managed to track [leaving_seclusion.GetBestName] to a meeting where [leaving_seclusion.GetSheHe] and some of the locals prayed to [leaving_seclusion.TrueReligion.GetHighGodName] for salvation in the [leaving_seclusion.TrueReligion.GetName] fashion.;;;;;;;;;;;;;x
EVTOPTA_TIANXIA_1994;This warrants execution!;;;;;;;;;;;;;x
EVTOPTB_TIANXIA_1994;[leaving_seclusion.GetSheHeCap] should be imprisoned!;;;;;;;;;;;;;x
EVTOPTC_TIANXIA_1994;Apostates should be branded!;;;;;;;;;;;;;x
EVTOPTD_TIANXIA_1994;I can let this slide...;;;;;;;;;;;;;x
EVTDESC_TIANXIA_1995;I arrive shortly before the sacrifices to [Root.GetDWDevil] are about to begin, taking my place next to the altar my brothers and sisters in [Root.Society.GetName] have erected in the cellar beneath the local [seclusion_location.Religion.GetHouseOfWorship].;;;;;;;;;;;;;x
EVTOPTA_TIANXIA_1995;The dark powers will keep us safe!;;;;;;;;;;;;;x
EVTDESC_TIANXIA_1996;My agents return with the most disturbing news imaginable. [leaving_seclusion.GetBestName] has been seen attending a depraved ceremony beneath a [seclusion_location.Religion.GetHouseOfWorship], during which [leaving_seclusion.GetDWDevil] was called upon for aid.;;;;;;;;;;;;;x
EVTOPTA_TIANXIA_1996;This warrants execution!;;;;;;;;;;;;;x
EVTOPTB_TIANXIA_1996;[leaving_seclusion.GetSheHeCap] should be imprisoned!;;;;;;;;;;;;;x
EVTOPTC_TIANXIA_1996;Apostates should be branded!;;;;;;;;;;;;;x
EVTOPTD_TIANXIA_1996;They must be exaggerating!;;;;;;;;;;;;;x
EVTDESC_TIANXIA_1997;It was very difficult to arrange from seclusion, but I have managed to arrive at the meeting I set up with the assassin that might help me with my plot to [Root.GetPlot].;;;;;;;;;;;;;x
EVTOPTA_TIANXIA_1997;So, how soon can you slip inside?;;;;;;;;;;;;;x
EVTDESC_TIANXIA_1998;My agents report that a known assassin was seen meeting with [leaving_seclusion.GetBestName]. They were overheard discussing a plot to [leaving_seclusion.GetPlot].;;;;;;;;;;;;;x
EVTOPTA_TIANXIA_1998;I see...;;;;;;;;;;;;;x
EVTOPTB_TIANXIA_1998;[leaving_seclusion.GetBestName] needs to be imprisoned at once!;;;;;;;;;;;;;x
EVTDESC_TIANXIA_1999;Fresh air! A wide open landscape! Beautiful weather! How I have missed this!;;;;;;;;;;;;;x
EVTOPTA_TIANXIA_1999;Time for a walk!;;;;;;;;;;;;;x
EVTDESC_TIANXIA_2000;My agents have reported back. Apparently [leaving_seclusion.GetBestName] left seclusion simply because [leaving_seclusion.GetSheHe] wanted to go on a walk.;;;;;;;;;;;;;x
EVTOPTA_TIANXIA_2000;Really?;;;;;;;;;;;;;x
EVTOPTB_TIANXIA_2000;I also want to go on a walk!;;;;;;;;;;;;;x
EVTDESC_TIANXIA_2001;I have found several promising tracks nearby, and my bow is ready. I will bring back as much food as possible when I return!;;;;;;;;;;;;;x
EVTOPTA_TIANXIA_2001;The hunt is on!;;;;;;;;;;;;;x
EVTDESC_TIANXIA_2002;My agents have informed me that [leaving_seclusion.GetBestName] headed into the wilderness, seemingly hunting for food.;;;;;;;;;;;;;x
EVTOPTA_TIANXIA_2002;I see...;;;;;;;;;;;;;x
EVTDESC_TIANXIA_2003;It does not take me long to locate some peasants that are all alone and defenceless. My first shot misses, and they take off running, but I know how this will end.;;;;;;;;;;;;;x
EVTOPTA_TIANXIA_2003;You can run, but you can't hide!;;;;;;;;;;;;;x
EVTDESC_TIANXIA_2004;My agents have returned with disturbing news. Apparently [leaving_seclusion.GetBestName] is hunting the peasants for sport, and possibly also for food.;;;;;;;;;;;;;x
EVTOPTA_TIANXIA_2004;I see...;;;;;;;;;;;;;x
EVTOPTB_TIANXIA_2004;[leaving_seclusion.GetSheHeCap] must be imprisoned for this!;;;;;;;;;;;;;x
EVTOPTC_TIANXIA_2004;Understandable!;;;;;;;;;;;;;x
EVTDESC_TIANXIA_2005;[leaving_seclusion.GetBestName] has returned with a significant quantity of food. It truly was a good idea to let [leaving_seclusion.GetHerHim] leave.;;;;;;;;;;;;;x
EVTOPTA_TIANXIA_2005;Excellent!;;;;;;;;;;;;;x
EVTDESC_TIANXIA_2006;[leaving_seclusion.GetBestName] surprises me one day by having some of the servants present me with a significant quantity of food. Apparently [leaving_seclusion.GetSheHe] left without me noticing and went on a hunt.;;;;;;;;;;;;;x
EVTOPTA_TIANXIA_2006;What a nice surprise!;;;;;;;;;;;;;x
EVTDESC_TIANXIA_2007;I and my second arrive at the same time as [duel_opponent.GetBestName] and [duel_opponent.GetHerHis] second. Once we both agree to a duel to first blood the time for the duel is upon us.;;;;;;;;;;;;;x
EVTOPTA_TIANXIA_2007;Time to fight!;;;;;;;;;;;;;x
EVTDESC_TIANXIA_2008;My agents have informed me that [leaving_seclusion.GetBestName] met up with another [leaving_seclusion.GetManWoman] and went to fight [duel_opponent.GetBestName] in a duel to first blood.;;;;;;;;;;;;;x
EVTOPTA_TIANXIA_2008;I see...;;;;;;;;;;;;;x
EVTDESC_TIANXIA_2009;I and my second arrive at the same time as my opponent and their second. Once we both agree to a duel to first blood the time for the duel is upon us.;;;;;;;;;;;;;x
EVTOPTA_TIANXIA_2009;Time to fight!;;;;;;;;;;;;;x
EVTDESC_TIANXIA_2010;My agents have informed me that [leaving_seclusion.GetBestName] met up with another [leaving_seclusion.GetManWoman] and went to fight one of the locals in a duel to first blood.;;;;;;;;;;;;;x
EVTOPTA_TIANXIA_2010;I see...;;;;;;;;;;;;;x
EVTDESC_TIANXIA_2011;I have climbed back over the wall and am once more in seclusion. It was nice to be outside, but it is also nice to be back home!;;;;;;;;;;;;;x
EVTOPTA_TIANXIA_2011;Perhaps I should leave again in the future?;;;;;;;;;;;;;x
EVTDESC_TIANXIA_2013;I've heard that the tunnel network beneath our feet is quite extensive, with the tunnels leading out beyond the walls and also permitting access to various locations inside them. Perhaps I should take the time to explore them...;;;;;;;;;;;;;x
EVTOPTA_TIANXIA_2013;I can find them on my own!;;;;;;;;;;;;;x
EVTOPTB_TIANXIA_2013;Actually, I will ask for maps...;;;;;;;;;;;;;x
EVTDESC_TIANXIA_2014;[tunnel_courtier.GetBestName] just came to me and asked me if I could provide [tunnel_courtier.GetHerHim] with the maps for the old tunnels beneath our feet. Apparently [tunnel_courtier.GetSheHe] seems to think that further knowledge of them might be useful, should we need to make use of them.;;;;;;;;;;;;;x
EVTOPTA_TIANXIA_2014;I suppose that's reasonable...;;;;;;;;;;;;;x
EVTOPTB_TIANXIA_2014;I will just change the maps a bit first...;;;;;;;;;;;;;x
EVTOPTC_TIANXIA_2014;Absolutely not!;;;;;;;;;;;;;x
EVTDESC_TIANXIA_2015;Lately I've noticed that [From.GetBestName] seems to be trying to investigate various nooks and crannies in a fashion that suggests that [From.GetSheHe] might be trying to conceal that that is what [From.GetSheHe] is doing.;;;;;;;;;;;;;x
EVTOPTA_TIANXIA_2015;I'm sure it's fine!;;;;;;;;;;;;;x
EVTOPTB_TIANXIA_2015;I must watch [From.GetHerHim] carefully in the future...;;;;;;;;;;;;;x
EVTOPTC_TIANXIA_2015;I will confront [From.GetHerHim] about it!;;;;;;;;;;;;;x
EVTDESC_TIANXIA_2016;[tunnel_courtier.GetBestName] was willing enough to tell me what [tunnel_courtier.GetSheHe] was up to when confronted. Apparently [tunnel_courtier.GetSheHe] was looking for an entrance to the tunnels beneath our feet. It seems [tunnel_courtier.GetSheHe] wants to go exploring.;;;;;;;;;;;;;x
EVTOPTA_TIANXIA_2016;I suppose I can provide some maps...;;;;;;;;;;;;;x
EVTOPTB_TIANXIA_2016;I will provide maps, but certainly not accurate ones...;;;;;;;;;;;;;x
EVTOPTC_TIANXIA_2016;Absolutely not!;;;;;;;;;;;;;x
EVTDESC_TIANXIA_2017;[From.GetBestName] was very understanding about my interest in the tunnels and provided me with several maps showing the various entrances and the labyrinthine passageways. Now I should be able to find my way around.;;;;;;;;;;;;;x
EVTOPTA_TIANXIA_2017;Excellent!;;;;;;;;;;;;;x
EVTDESC_TIANXIA_2018;[From.GetBestName] was displeased to learn that I was looking for the tunnels beneath our feet and refused to provide any aid. In fact, [From.GetSheHe] told me not to attempt to explore the tunnels at all.;;;;;;;;;;;;;x
EVTOPTA_TIANXIA_2018;I can find the tunnels on my own!;;;;;;;;;;;;;x
EVTOPTB_TIANXIA_2018;[seclusion_host.GetSheHeCap] knows knows best...;;;;;;;;;;;;;x
EVTDESC_TIANXIA_2022;Failure after failure after failure. I cannot seem to find an entrance to the tunnel network, or at least not one I can get through.;;;;;;;;;;;;;x
EVTOPTA_TIANXIA_2022;I should give up...;;;;;;;;;;;;;x
EVTDESC_TIANXIA_2023;The tunnel network is a labyrinth, with multiple layers of tunnels and few things distinguishing them from one another. I realize I am lost after several hours, and my attempt to backtrack fails. I need to get out!;;;;;;;;;;;;;x
EVTOPTA_TIANXIA_2023;So... thirsty...;;;;;;;;;;;;;x
EVTDESC_TIANXIA_2024;Someone else is moving about the tunnels. I can hear them just ahead. They seem to be moving my way.;;;;;;;;;;;;;x
EVTOPTA_TIANXIA_2024;Who goes th-?;;;;;;;;;;;;;x
EVTDESC_TIANXIA_2025;One of my more trusted agents was making a sweep of the old tunnels today and came across the body of [From.GetBestName]. It seems [From.GetSheHe] was stabbed to death,;;;;;;;;;;;;;x
EVTOPTA_TIANXIA_2025;There is a murdered in our midst...;;;;;;;;;;;;;x
EVTDESC_TIANXIA_2026;As I am making my way through the old tunnels a knife comes flying right at me with no warning. I dodge out of the way, and it slams into the wall behind me. A second knife comes flying a moment later, narrowly missing.;;;;;;;;;;;;;x
EVTOPTA_TIANXIA_2026;I need to get out of here right now!;;;;;;;;;;;;;x
EVTDESC_TIANXIA_2027;[From.GetBestName] just came running by, screaming about a murderer in the tunnels beneath our feet. [From.GetSheHeCap] seems quite agitated, so I doubt [From.GetSheHe] is making the whole thing up.;;;;;;;;;;;;;x
EVTOPTA_TIANXIA_2027;We need to be careful...;;;;;;;;;;;;;x
EVTDESC_TIANXIA_2028;As I am moving through the old tunnels I hear a sound in a side passage and turn towards it. I turn towards it and see [sneaky_courtier.GetBestName] standing there, a throwing knife at the ready. [sneaky_courtier.GetSheHeCap] clearly has the time to recognize me before sending the knife flying in my general direction. The attack misses.;;;;;;;;;;;;;x
EVTOPTA_TIANXIA_2028;You'll answer to [seclusion_host.GetBestName]!;;;;;;;;;;;;;x
EVTDESC_TIANXIA_2029;I have just been informed that [From.GetBestName] was attacked by [sneaky_courtier.GetBestName] while [From.GetSheHe] was exploring the old tunnels beneath our feet. The accusation seems to have some merit to it.;;;;;;;;;;;;;x
EVTOPTA_TIANXIA_2029;I see...;;;;;;;;;;;;;x
EVTOPTB_TIANXIA_2029;Guards! Imprison the would-be assassin!;;;;;;;;;;;;;x
EVTDESC_TIANXIA_2030;As I am making my way through the old tunnels I spot [murder_target.GetBestName] in the distance. [murder_target.GetSheHeCap] does not seem to have noticed me yet.;;;;;;;;;;;;;x
EVTOPTA_TIANXIA_2030;Time for [murder_target.GetHerHim] to die!;;;;;;;;;;;;;x
EVTOPTB_TIANXIA_2030;Now is not the time...;;;;;;;;;;;;;x
EVTDESC_TIANXIA_2031;My attack catches [murder_target.GetBestName] by complete surprise, and [murder_target.GetSheHe] dies without knowing what happened.;;;;;;;;;;;;;x
EVTOPTA_TIANXIA_2031;I got [murder_target.GetHerHim]!;;;;;;;;;;;;;x
EVTDESC_TIANXIA_2032;One of my most trusted agents discovered the body of [murder_target.GetBestName] in the tunnels beneath our feet. It seems [murder_target.GetBestName] has been murdered, considering the stab wounds on [murder_target.GetHerHis] body.;;;;;;;;;;;;;x
EVTOPTA_TIANXIA_2032;Who could have done this?;;;;;;;;;;;;;x
EVTDESC_TIANXIA_2033;The knife I throw at [murder_target.GetBestName] misses, and [murder_target.GetSheHe] takes off for safety before I can make a second attempt.;;;;;;;;;;;;;x
EVTOPTA_TIANXIA_2033;At least [murder_target.GetSheHe] didn't see my face...;;;;;;;;;;;;;x
EVTDESC_TIANXIA_2034;I have just been informed by [murder_target.GetBestName] that [murder_target.GetSheHe] was attacked by an unknown assailant while exploring the old tunnels.;;;;;;;;;;;;;x
EVTOPTA_TIANXIA_2034;There is a murdered in our midst...;;;;;;;;;;;;;x
EVTDESC_TIANXIA_2035;I ready a throwing knife meant for [murder_target.GetBestName]'s chest but slip right as I am about to throw it, making a sound and causing [murder_target.GetHerHim] to turn my way. [murder_target.GetSheHeCap] sees the knife and clearly reaches the correct conclusion, seeing as [murder_target.GetSheHe] runs off.;;;;;;;;;;;;;x
EVTOPTA_TIANXIA_2035;No, no, no!;;;;;;;;;;;;;x
EVTDESC_TIANXIA_2036;[murder_target.GetBestName] just burst into my presence without warning, screaming about how [From.GetBestName] tried to murder [From.GetHerHim] just now. The accusation is likely accurate, knowing there is little love between the two.;;;;;;;;;;;;;x
EVTOPTA_TIANXIA_2036;I see...;;;;;;;;;;;;;x
EVTOPTB_TIANXIA_2036;Guards! Imprison the would-be assassin!;;;;;;;;;;;;;x
EVTDESC_TIANXIA_2037;As I am making my way through the old tunnels I notice [sneaky_courtier.GetBestName] move through one of the other passageways. I cannot tell what [sneaky_courtier.GetSheHe] is up to, but it might be something nefarious.;;;;;;;;;;;;;x
EVTOPTA_TIANXIA_2037;I'll tell my liege...;;;;;;;;;;;;;x
EVTDESC_TIANXIA_2038;[From.GetBestName] just informed me that [From.GetSheHe] just caught [sneaky_courtier.GetBestName] sneaking about in the tunnels beneath our feet. [From.GetSheHeCap] seems to believe [sneaky_courtier.GetBestName] us up to no good, even if [sneaky_courtier.GetSheHe] does not know what.;;;;;;;;;;;;;x
EVTOPTA_TIANXIA_2038;I need to watch [sneaky_courtier.GetBestName] carefully...;;;;;;;;;;;;;x
EVTDESC_TIANXIA_2039;I found [sneaky_courtier.GetBestName] sneaking about in the old tunnels and followed [sneaky_courtier.GetHerHim]. [sneaky_courtier.GetSheHeCap] went to a hidden chamber where [sneaky_courtier.GetSheHe] and others prayed to [sneaky_courtier.TrueReligion.GetHighGodName] in the [sneaky_courtier.TrueReligion.GetName] fashion.;;;;;;;;;;;;;x
EVTOPTA_TIANXIA_2039;I'll tell my liege!;;;;;;;;;;;;;x
EVTDESC_TIANXIA_2040;[From.GetBestName] just informed me that [From.GetSheHe] saw [sneaky_courtier.GetBestName] meeting up with some unknown individuals and praying to [sneaky_courtier.TrueReligion.GetHighGodName] in the [sneaky_courtier.TrueReligion.GetName] fashion.;;;;;;;;;;;;;x
EVTOPTA_TIANXIA_2040;This warrants execution!;;;;;;;;;;;;;x
EVTOPTB_TIANXIA_2040;[sneaky_courtier.GetSheHeCap] should be imprisoned!;;;;;;;;;;;;;x
EVTOPTC_TIANXIA_2040;Apostates should be branded!;;;;;;;;;;;;;x
EVTOPTD_TIANXIA_2040;I can let this slide...;;;;;;;;;;;;;x
EVTDESC_TIANXIA_2041;I found [sneaky_courtier.GetBestName] sneaking about in the old tunnels and followed [sneaky_courtier.GetHerHim]. [sneaky_courtier.GetSheHeCap] went to a hidden chamber where a gristly sacrifice to [sneaky_courtier.GetDWDevil] was carried out, with [sneaky_courtier.GetBestName] personally holding the knife.;;;;;;;;;;;;;x
EVTOPTA_TIANXIA_2041;I'll tell my liege!;;;;;;;;;;;;;x
EVTDESC_TIANXIA_2042;[From.GetBestName] just informed me that [From.GetSheHe] saw [sneaky_courtier.GetBestName] sneak into a hidden chamber and personally sacrifice one of the servants to [sneaky_courtier.GetDWDevil]. Several other unknown individuals also attended the sacrifice.;;;;;;;;;;;;;x
EVTOPTA_TIANXIA_2042;This warrants execution!;;;;;;;;;;;;;x
EVTOPTB_TIANXIA_2042;[sneaky_courtier.GetSheHeCap] should be imprisoned!;;;;;;;;;;;;;x
EVTOPTC_TIANXIA_2042;Apostates should be branded!;;;;;;;;;;;;;x
EVTOPTD_TIANXIA_2042;I can let this slide...;;;;;;;;;;;;;x
EVTDESC_TIANXIA_2043;I am following [sneaky_courtier.GetBestName] in the tunnels when I hear movement behind me. I turn around and several hooded figures moving towards me, knives at the ready.\n"A sacrifice for [sneaky_courtier.GetDWDevil]!" they cry out as one.;;;;;;;;;;;;;x
EVTOPTA_TIANXIA_2043;No! Get away from me!;;;;;;;;;;;;;x
EVTDESC_TIANXIA_2044;I hear voices coming from a side passage and move to investigate. Turning the corner, I see some of the servants conversing with some unfamiliar [Root.GetMenWomen] that have a number of crates with them, which seem to be containing a variety of food. The servants eventually hand over some money in exchange for the crates. It must be a smuggling operation.;;;;;;;;;;;;;x
EVTOPTA_TIANXIA_2044;I will try to get a cut!;;;;;;;;;;;;;x
EVTOPTB_TIANXIA_2044;I will inform my liege!;;;;;;;;;;;;;x
EVTDESC_TIANXIA_2045;I approach the strangers and ask to speak to them, explaining that my silence is valuable but well worth it. Their leader considers the matter for a moment and then pulls out a dagger, stabbing me.;;;;;;;;;;;;;x
EVTOPTA_TIANXIA_2045;No!;;;;;;;;;;;;;x
EVTDESC_TIANXIA_2046;I approach the strangers and ask to speak to them, explaining that my silence is valuable but well worth it. Their leader laughs in my face.;;;;;;;;;;;;;x
EVTOPTA_TIANXIA_2046;I guess I will inform my liege, then...;;;;;;;;;;;;;x
EVTDESC_TIANXIA_2047;I approach the strangers and ask to speak to them, explaining that my silence is valuable but well worth it. Their leader considers the matter for a moment before nodding and handing over a coin purse.;;;;;;;;;;;;;x
EVTOPTA_TIANXIA_2047;Excellent!;;;;;;;;;;;;;x
EVTDESC_TIANXIA_2048;I have just been informed by [From.GetBestName] that there seems to be a food smuggling operation taking place in the tunnels beneath our feet. This could either be a danger or an opportunity.;;;;;;;;;;;;;x
EVTOPTA_TIANXIA_2048;I think I will strike a deal with them...;;;;;;;;;;;;;x
EVTOPTB_TIANXIA_2048;The tunnels must be sealed at once!;;;;;;;;;;;;;x
EVTDESC_TIANXIA_2049;I and my most trusted guards await the food smugglers when they return. They are surprised to see their [Root.GetTitle] awaiting them, but prove quite willing to come to an agreement to help bring in food whenever possible.;;;;;;;;;;;;;x
EVTOPTA_TIANXIA_2049;Excellent!;;;;;;;;;;;;;x
EVTDESC_TIANXIA_2050;I have my most trusted agents watch for any sign of the food smugglers' return, but they do not. Perhaps they noticed [FromFrom.GetBestName] the last time they made a delivery and decided not to risk returning, or perhaps they only ever planned to make a single delivery.;;;;;;;;;;;;;x
EVTOPTA_TIANXIA_2050;I see...;;;;;;;;;;;;;x
EVTDESC_TIANXIA_2051;As I am making my way through the tunnels I spot [sneaky_courtier.GetBestName] in the distance, walking together with an unknown individual. Moving closer, I overhear them conversing about a planned murder attempt on an unknown target. The stranger must be an assassin!;;;;;;;;;;;;;x
EVTOPTA_TIANXIA_2051;I will blackmail [sneaky_courtier.GetHerHim]!;;;;;;;;;;;;;x
EVTOPTB_TIANXIA_2051;I will inform my liege!;;;;;;;;;;;;;x
EVTDESC_TIANXIA_2052;I approach [sneaky_courtier.GetBestName] and the stranger and suggest that my silence will cost them. We quickly come to an agreement as to just what it is worth.;;;;;;;;;;;;;x
EVTOPTA_TIANXIA_2052;Excellent!;;;;;;;;;;;;;x
EVTDESC_TIANXIA_2053;I approach [sneaky_courtier.GetBestName] and the stranger and suggest that my silence will cost them. [sneaky_courtier.GetSheHeCap] laughs and turns to the assassin, telling the [sneaky_courtier.GetManWoman] who I am. Before I can react [sneaky_courtier.GetSheHe] stabs me.;;;;;;;;;;;;;x
EVTOPTA_TIANXIA_2053;Not like-!;;;;;;;;;;;;;x
EVTDESC_TIANXIA_2054;I approach [sneaky_courtier.GetBestName] and the stranger and suggest that my silence will cost them. [sneaky_courtier.GetSheHeCap] laughs and turns to the assassin, telling the [sneaky_courtier.GetManWoman] who I am. Realizing that I am the target, I manage to move out of the way before the assassin can strike, and I quickly make my escape.;;;;;;;;;;;;;x
EVTOPTA_TIANXIA_2054;Assassin! ASSASSIN!;;;;;;;;;;;;;x
EVTDESC_TIANXIA_2055;[From.GetBestName] just came running, screaming about a [sneaky_courtier.GetBestName] and an assassin. [From.GetSheHeCap] would not make something like this up.;;;;;;;;;;;;;x
EVTOPTA_TIANXIA_2055;I see...;;;;;;;;;;;;;x
EVTOPTB_TIANXIA_2055;Guards! Imprison that [sneaky_courtier.GetManWoman]!;;;;;;;;;;;;;x
EVTDESC_TIANXIA_2056;[From.GetBestName] just brought me the information that [sneaky_courtier.GetBestName] apparently has managed to sneak an assassin inside the walls. The target is unknown to [From.GetBestName].;;;;;;;;;;;;;x
EVTOPTA_TIANXIA_2056;I see...;;;;;;;;;;;;;x
EVTOPTB_TIANXIA_2056;Guards! Imprison that [sneaky_courtier.GetManWoman]!;;;;;;;;;;;;;x
EVTDESC_TIANXIA_2057;One day when I am working I hear someone entering through the door. I turn, expecting to see the servant I sent to get me something to drink, but instead I see several unfamiliar [Root.GetMenWomen] with weapons drawn.;;;;;;;;;;;;;x
EVTOPTA_TIANXIA_2057;Guards! To me!;;;;;;;;;;;;;x
EVTDESC_TIANXIA_2058;The assassins are upon me almost before the words have left my mouth, and though I try to fend them off the attempt is futile.;;;;;;;;;;;;;x
EVTOPTA_TIANXIA_2058;No!;;;;;;;;;;;;;x
EVTDESC_TIANXIA_2059;The guards arrive in time to save my life, but I am grievously wounded by the would-be assassins. There are no clues on their bodies as to who might have sent them.;;;;;;;;;;;;;x
EVTOPTA_TIANXIA_2059;Curses!;;;;;;;;;;;;;x
EVTDESC_TIANXIA_2060;I manage to hold the assassins off until the guards arrive, taking only a few minor wounds. We fail to take any of the [Root.GetMenWomen] alive for questioning, and there are no clues as to who might have sent them.;;;;;;;;;;;;;x
EVTOPTA_TIANXIA_2060;This is not ideal!;;;;;;;;;;;;;x
EVTDESC_TIANXIA_2061;The assassins do not manage to reach me before my weapon is ready, and I am able to fatally wound several of them before the guards can arrive. It is only when all of them are dead that I realize we will not be able to question a corpse.;;;;;;;;;;;;;x
EVTOPTA_TIANXIA_2061;I wonder who sent them...;;;;;;;;;;;;;x
EVTDESC_TIANXIA_2062;The more I expore the tunnels, the more signs there are that they have been used recently. They were supposed to be all but abandoned, but clearly someone has been trying to get inside the walls.;;;;;;;;;;;;;x
EVTOPTA_TIANXIA_2062;I must inform my liege!;;;;;;;;;;;;;x
EVTDESC_TIANXIA_2063;[tunnel_courtier.GetBestName] comes to see me, looking quite agitated.\n"My [Root.GetLordLady], the tunnels beneath our feet seem to be in use! I cannot say who or why, but there are too many signs of activity to ignore them!";;;;;;;;;;;;;x
EVTOPTA_TIANXIA_2063;Seal the tunnels!;;;;;;;;;;;;;x
EVTOPTB_TIANXIA_2063;We must set an ambush!;;;;;;;;;;;;;x
EVTDESC_TIANXIA_2064;Today one of my trusted agents came to see me. The [Root.GetManWomanOpp] informs me that the old tunnels beneath our feet seem to have been in use much more recently than they should have been.;;;;;;;;;;;;;x
EVTOPTA_TIANXIA_2064;Seal the tunnels!;;;;;;;;;;;;;x
EVTOPTB_TIANXIA_2064;We must set an ambush!;;;;;;;;;;;;;x
EVTDESC_TIANXIA_2065;The guards and servants get to work right away, moving to block or even demolish the various tunnels. Their work takes some time, and attracts a lot of attention, but it is completed in a satisfactory manner. The tunnels are now closed.;;;;;;;;;;;;;x
EVTOPTA_TIANXIA_2065;That was all of them... right?;;;;;;;;;;;;;x
EVTDESC_TIANXIA_2066;The commander of the guards I had waiting in ambush in the tunnels comes to see me. Someone just tried to gain entrance through the tunnels, but as the guards moved to catch them they made too much noise too soon and scared them off.;;;;;;;;;;;;;x
EVTOPTA_TIANXIA_2066;Imbeciles!;;;;;;;;;;;;;x
EVTDESC_TIANXIA_2067;The guards manage to capture a [captured_sneaker.GetManWoman] in the tunnels. [captured_sneaker.GetSheHeCap] does not seem entirely stable, and the guards seem rather uncertain what to do with [captured_sneaker.GetHerHim].;;;;;;;;;;;;;x
EVTOPTA_TIANXIA_2067;Let's hear what [captured_sneaker.GetSheHe] has to say for [captured_sneaker.GetHerselfHimself]!;;;;;;;;;;;;;x
EVTOPTB_TIANXIA_2067;Throw [captured_sneaker.GetHerHim] in the dungeon!;;;;;;;;;;;;;x
EVTOPTC_TIANXIA_2067;Kill [captured_sneaker.GetHerHim]! Kill [captured_sneaker.GetHerHim] now!;;;;;;;;;;;;;x
EVTDESC_TIANXIA_2068;The [captured_sneaker.GetManWoman] introduces [captured_sneaker.GetHerselfHimself] as [captured_sneaker.GetFirstName]. [captured_sneaker.GetSheHeCap] looks like [captured_sneaker.GetSheHe] is starving, and seems to be talking to [captured_sneaker.GetHerselfHimself] from time to time. I learn that [captured_sneaker.GetSheHe] apparently was trying to get back out after the death of a lover [captured_sneaker.GetSheHe] had visited at court.;;;;;;;;;;;;;x
EVTOPTA_TIANXIA_2068;I'm sorry for your loss. Stay here, where it is safe!;;;;;;;;;;;;;x
EVTOPTB_TIANXIA_2068;A likely story! Take [captured_sneaker.GetHerHim] away!;;;;;;;;;;;;;x
EVTDESC_TIANXIA_2070;It seems [captured_sneaker.GetBestName] is fitting in quite well at court. [captured_sneaker.GetSheHeCap] still seems to be talking to [captured_sneaker.GetHerselfHimself] from time to time, but few people seem to mind that minor oddity.;;;;;;;;;;;;;x
EVTOPTA_TIANXIA_2070;That's good to hear!;;;;;;;;;;;;;x
EVTDESCA_TIANXIA_2071;I am absentmindedly flipping through a book after another long day when there is light tap on my door. Before I can get up, the door is opened and [captured_sneaker.GetFirstName] enters. [captured_sneaker.GetSheHeCap] silently crosses the room, slowly unbuttoning [captured_sneaker.GetHerHis] nightdress. [captured_sneaker.GetHerHisCap] intentions are plain as day in [captured_sneaker.GetHerHis] smoldering eyes.;;;;;;;;;;;;;x
EVTDESCB_TIANXIA_2071;I am absentmindedly flipping through a book after another long day when there is light tap on my door. Before I can get up, the door is opened and [captured_sneaker.GetFirstName] enters. [captured_sneaker.GetSheHeCap] silently crosses the room, slowly unbuttoning [captured_sneaker.GetHerHis] nightshirt. [captured_sneaker.GetHerHisCap] intentions are plain as day in [captured_sneaker.GetHerHis] smoldering eyes.;;;;;;;;;;;;;x
EVTOPTA_TIANXIA_2071;I like the way you think!;;;;;;;;;;;;;x
EVTOPTB_TIANXIA_2071;Button that up again and get out!;;;;;;;;;;;;;x
EVTOPTC_TIANXIA_2071;I'm flattered, but I don't think so. Perhaps we could be friends?;;;;;;;;;;;;;x
EVTOPTD_TIANXIA_2071;Leave. Now!;;;;;;;;;;;;;x
EVTDESC_TIANXIA_2072;I am awakened by shouting outside the walls and rush to investigate the situation. A gaggle of armed peasants seem to be outside the gates, calling out to [captured_sneaker.GetBestName] to open the gates. Clearly, I was wise to imprison [captured_sneaker.GetHerHim].;;;;;;;;;;;;;x
EVTOPTA_TIANXIA_2072;Just ignore the peasant rabble!;;;;;;;;;;;;;x
EVTDESC_TIANXIA_2073;I awake in the middle of the night to a loud clamoring down the corridor. Outside my room the shadows of pitchforks paint the walls and I hear screaming. I close the door behind me. How did the peasants get in? How... [captured_sneaker.GetBestName]! [captured_sneaker.GetSheHeCap] let them in!;;;;;;;;;;;;;x
EVTOPTA_TIANXIA_2073;Guards! GUARDS!;;;;;;;;;;;;;x
EVTDESC_TIANXIA_2074;The peasants force their way inside and make their way over to me. I attempt to fend them off but get disarmed easily enough. From the doorway, I hear [captured_sneaker.GetBestName] order them to kill me.;;;;;;;;;;;;;x
EVTOPTA_TIANXIA_2074;Don't you know who I am?;;;;;;;;;;;;;x
EVTDESC_TIANXIA_2075;The peasants force their way inside and make their way over to me. I am grievously wounded while trying to defend myself, but the guards arrive in time to drive them off. There is no sign of [captured_sneaker.GetBestName] when the fighting dies down.;;;;;;;;;;;;;x
EVTOPTA_TIANXIA_2075;Curses!;;;;;;;;;;;;;x
EVTDESC_TIANXIA_2076;The peasants force their way inside and make their way over to me. I take several wounds while defending myself, but nothing major. The guards arrive and kill or capture most of the invaders, but there is no sign of [captured_sneaker.GetBestName] anywhere. [captured_sneaker.GetSheHeCap] seems to have slipped away in the confusion.;;;;;;;;;;;;;x
EVTOPTA_TIANXIA_2076;Find that [captured_sneaker.GetManWoman]!;;;;;;;;;;;;;x
EVTDESC_TIANXIA_2077;The peasants force their way inside and make their way over to me. I fend them off easily enough until the guards arrive, dragging a captive [captured_sneaker.GetBestName] with them. Seeing that their leader has been caught, the peasants try to make their escape, but none make it out alive.;;;;;;;;;;;;;x
EVTOPTA_TIANXIA_2077;As if the outcome was in any doubt!;;;;;;;;;;;;;x
EVTDESC_TIANXIA_2078;I am absentmindedly flipping through a book after another long day when there is light tap on my door. Before I can get up, the door is opened and [captured_sneaker.GetFirstName] enters. [captured_sneaker.GetSheHeCap] says that [captured_sneaker.GetSheHe] is sorry to bother me but that there is a matter that can wait no longer.;;;;;;;;;;;;;x
EVTOPTA_TIANXIA_2078;What is it?;;;;;;;;;;;;;x
EVTDESC_TIANXIA_2079;Before I can react [captured_sneaker.GetBestName] pulls free a dagger and lunges at me. I am fatally wounded, and [captured_sneaker.GetSheHe] makes [captured_sneaker.GetHerHis] escape well before someone finds me.;;;;;;;;;;;;;x
EVTOPTA_TIANXIA_2079;And so it ends...;;;;;;;;;;;;;x
EVTDESC_TIANXIA_2080;Before I can react [captured_sneaker.GetBestName] pulls free a dagger and lunges at me. I manage to avoid being fatally wounded, but the damage is still quite bad, and I am in no position to chase after the would-be assassin when [captured_sneaker.GetSheHe] decides to run away.;;;;;;;;;;;;;x
EVTOPTA_TIANXIA_2080;Curses!;;;;;;;;;;;;;x
EVTDESC_TIANXIA_2081;[captured_sneaker.GetBestName] pulls free a dagger and lunges at me, but not quickly enough to fully surprise me. I fend off the worst of the attack, but am distracted enough by my wounds that I hesitate to give chase when the would-be assassin suddenly decides to run away. My guards arrive too late to catch [captured_sneaker.GetHerHim].;;;;;;;;;;;;;x
EVTOPTA_TIANXIA_2081;Find that [captured_sneaker.GetManWoman]!;;;;;;;;;;;;;x
EVTDESC_TIANXIA_2082;[captured_sneaker.GetBestName] reaches over towards a dagger hanging from [captured_sneaker.GetHerHis] belt in a manner that is neither as fast nor as circumspect as [captured_sneaker.GetSheHe] probably thinks it is. My sword finds [captured_sneaker.GetHerHis] throat before the dagger is fully out of its sheath.;;;;;;;;;;;;;x
EVTOPTA_TIANXIA_2082;Foolish [captured_sneaker.GetBoyGirl]!;;;;;;;;;;;;;x
EVTDESC_TIANXIA_2083;The servants just reported that [murder_target.GetBestName] has been found dead. Judging by the stab wounds on the body, the death was not of natural causes.;;;;;;;;;;;;;x
EVTOPTA_TIANXIA_2083;Who could have done this?;;;;;;;;;;;;;x
EVTDESC_TIANXIA_2084;[murder_target.GetBestName] was attacked by an unknown assailant and barely escaped with [murder_target.GetHerHis] life.;;;;;;;;;;;;;x
EVTOPTA_TIANXIA_2084;Who might it have been?;;;;;;;;;;;;;x
EVTDESC_TIANXIA_2085;[vanishing_courtier.GetBestName] has not been seen for a good while, and nobody seems to know where [vanishing_courtier.GetSheHe] is.;;;;;;;;;;;;;x
EVTOPTA_TIANXIA_2085;What happened to [vanishing_courtier.GetHerHim]?;;;;;;;;;;;;;x
EVTDESC_TIANXIA_2086;It seems [favor_courtier.GetBestName] is very pleased with my efforts to keep everyone safe in seclusion, seeing as [favor_courtier.GetSheHe] just promised to repay this favour at a future date.;;;;;;;;;;;;;x
EVTOPTA_TIANXIA_2086;This might be useful...;;;;;;;;;;;;;x
EVTDESC_TIANXIA_2087;I have learned that [favor_amasser.GetBestName] apparently has been doing various minor favours for others at court while stuck in seclusion, favours which [favor_amasser.GetSheHe] likely will wish to see repaid in the future.;;;;;;;;;;;;;x
EVTOPTA_TIANXIA_2087;I see...;;;;;;;;;;;;;x
EVTDESC_TIANXIA_2088;I have learned that [favor_amasser.GetBestName] apparently has been doing various minor favours for others at court while stuck in seclusion, favours which [favor_amasser.GetSheHe] likely will wish to see repaid in the future.;;;;;;;;;;;;;x
EVTOPTA_TIANXIA_2088;I see...;;;;;;;;;;;;;x
EVTDESC_TIANXIA_2089;Not everyone has been willing to eat from the... special meat in the storehouses, but [new_cannibal.GetBestName] certainly seems most willing to.;;;;;;;;;;;;;x
EVTOPTA_TIANXIA_2089;We have similar tastes, it seems...;;;;;;;;;;;;;x
EVTDESC_TIANXIA_2090;Right as I am drifting to sleep one night I hear a sound over by the window. I look over and see a shadowy figure.;;;;;;;;;;;;;x
EVTOPTA_TIANXIA_2090;Who is th-?;;;;;;;;;;;;;x
EVTDESC_TIANXIA_2091;Right as I am drifting to sleep one night I hear a sound over by the window. I look over and see a shadowy figure, and barely move out of the way when a knife comes flying in my direction. I call for my guards, but the figure makes its escape before they can arrive.;;;;;;;;;;;;;x
EVTOPTA_TIANXIA_2091;Find them!;;;;;;;;;;;;;x
EVTDESC_TIANXIA_2092;Right as I am drifting to sleep one night I hear a sound over by the window. I look over and see a shadowy figure, and barely move out of the way when a knife comes flying in my direction. I call for my guards, and they manage to track down the attacker, who turns out to be a disgruntled servant.;;;;;;;;;;;;;x
EVTOPTA_TIANXIA_2092;Get them out of my sight!;;;;;;;;;;;;;x
EVTDESC_TIANXIA_2093;[murder_target.GetBestName] was just found murdered. There is no sign of the attacker.;;;;;;;;;;;;;x
EVTOPTA_TIANXIA_2093;We have a murderer in our midst...;;;;;;;;;;;;;x
EVTDESC_TIANXIA_2094;[murder_target.GetBestName] was attacked by an unknown assailant and barely escaped the attempt on [murder_target.GetHerHis] life.;;;;;;;;;;;;;x
EVTOPTA_TIANXIA_2094;Search everywhere!;;;;;;;;;;;;;x
EVTDESC_TIANXIA_2095;The guards drag one of the servants into my presence, informing me that they were caught trying to murder [murder_target.GetBestName] for some unknown reason.;;;;;;;;;;;;;x
EVTOPTA_TIANXIA_2095;Take them away!;;;;;;;;;;;;;x
EVTDESC_TIANXIA_2096;[courtier_asking.GetBestName] just asked me to open the gates. Evidently, [courtier_asking.GetSheHe] feels this seclusion has been going on long enough.;;;;;;;;;;;;;x
EVTOPTA_TIANXIA_2096;Very well...;;;;;;;;;;;;;x
EVTOPTB_TIANXIA_2096;You must be joking!;;;;;;;;;;;;;x
EVTDESC_TIANXIA_2097;[From.GetBestName] listened to me make my case but ultimately decided that the seclusion should continue. If I want the gates to be opened, [From.GetBestName] cannot be allowed to stand in my way...;;;;;;;;;;;;;x
EVTOPTA_TIANXIA_2097;I guess [From.GetSheHe] know best...;;;;;;;;;;;;;x
EVTOPTB_TIANXIA_2097;I will do what I must!;;;;;;;;;;;;;x
EVTDESC_TIANXIA_2098;I have learned that [courtier_asking.GetBestName] tried to convince [From.GetBestName] to open the gates but that the request was refused. If I want to see the gates opened soon, I would need to get [From.GetBestName] out of the picture...;;;;;;;;;;;;;x
EVTOPTA_TIANXIA_2098;I guess [From.GetSheHe] know best...;;;;;;;;;;;;x
EVTOPTB_TIANXIA_2098;I will do what I must!;;;;;;;;;;;;x
EVTDESC_TIANXIA_2099;I am minding my own business when a masked figure comes running and stabs me before I can react. The wound is surely fatal, and the assailant manages to escape without their identity being exposed.;;;;;;;;;;;;;x
EVTOPTA_TIANXIA_2099;Not like this!;;;;;;;;;;;;x
EVTDESC_TIANXIA_2100;I am minding my own business when a masked figure comes running and stabs me before I can react. I push the assailant away too late to avoid a fatal wound. Their mask slips off, revealing [From.GetBestName]'s face.;;;;;;;;;;;;;x
EVTOPTA_TIANXIA_2100;You!;;;;;;;;;;;;x
EVTDESC_TIANXIA_2101;I am minding my own business when a masked figure comes running and attempts to stab me. I avoid the strike and attempt to get a good look at the attacker, but they have vanished, and the mask concealed their identity well.;;;;;;;;;;;;;x
EVTOPTA_TIANXIA_2101;Find that person!;;;;;;;;;;;;x
EVTDESC_TIANXIA_2102;I am minding my own business when a masked figure comes running and attempts to stab me. I avoid the strike and attempt to get a good look at the attacker, and as luck would have it their mask has slipped, revealing [From.GetBestName]'s face.;;;;;;;;;;;;;x
EVTOPTA_TIANXIA_2102;Don't do it again!;;;;;;;;;;;;x
EVTOPTB_TIANXIA_2102;Guards!;;;;;;;;;;;;x
EVTDESC_TIANXIA_2103;Now that [From.GetBestName] no longer is a problem I can end this seclusion as I wanted to.;;;;;;;;;;;;;x
EVTOPTA_TIANXIA_2103;Open the gates!;;;;;;;;;;;;x
EVTOPTB_TIANXIA_2103;Actually, let's not...;;;;;;;;;;;;x
EVTDESC_TIANXIA_2104;[courtier_asking.GetBestName] just asked me to open the gates. Evidently, [courtier_asking.GetSheHe] feels this seclusion has been going on long enough.;;;;;;;;;;;;;x
EVTOPTA_TIANXIA_2104;Very well...;;;;;;;;;;;;x
EVTOPTB_TIANXIA_2104;You must be joking!;;;;;;;;;;;;x
EVTDESC_TIANXIA_2105;[From.GetBestName] listened to me make my case but ultimately decided that the seclusion should continue. If I want the gates to be opened, [From.GetBestName] cannot be allowed to stand in my way...;;;;;;;;;;;;;x
EVTOPTA_TIANXIA_2105;I guess [From.GetSheHe] know best...;;;;;;;;;;;;x
EVTOPTB_TIANXIA_2105;I will do what I must!;;;;;;;;;;;;x
EVTDESC_TIANXIA_2106;I have learned that [courtier_asking.GetBestName] tried to convince [From.GetBestName] to open the gates but that the request was refused. If I want to see the gates opened soon, I would need to get [From.GetBestName] out of the picture...;;;;;;;;;;;;;x
EVTOPTA_TIANXIA_2106;I guess [From.GetSheHe] know best...;;;;;;;;;;;;x
EVTOPTB_TIANXIA_2106;I will do what I must!;;;;;;;;;;;;x
EVTDESC_TIANXIA_2107;I am minding my own business when a masked figure comes running and stabs me before I can react. The wound is surely fatal, and the assailant manages to escape without their identity being exposed.;;;;;;;;;;;;;x
EVTOPTA_TIANXIA_2107;Not like this!;;;;;;;;;;;;x
EVTDESC_TIANXIA_2108;I am minding my own business when a masked figure comes running and stabs me before I can react. I push the assailant away too late to avoid a fatal wound. Their mask slips off, revealing [From.GetBestName]'s face.;;;;;;;;;;;;;x
EVTOPTA_TIANXIA_2108;You!;;;;;;;;;;;;x
EVTDESC_TIANXIA_2109;I am minding my own business when a masked figure comes running and attempts to stab me. I avoid the strike and attempt to get a good look at the attacker, but they have vanished, and the mask concealed their identity well.;;;;;;;;;;;;;x
EVTOPTA_TIANXIA_2109;Find that person!;;;;;;;;;;;;x
EVTDESC_TIANXIA_2110;I am minding my own business when a masked figure comes running and attempts to stab me. I avoid the strike and attempt to get a good look at the attacker, and as luck would have it their mask has slipped, revealing [From.GetBestName]'s face.;;;;;;;;;;;;;x
EVTOPTA_TIANXIA_2110;Don't do it again!;;;;;;;;;;;;x
EVTOPTB_TIANXIA_2110;Guards!;;;;;;;;;;;;x
EVTDESC_TIANXIA_2111;I have been informed that the gates will be opened and that this seclusion will come to an end.;;;;;;;;;;;;;x
EVTOPTA_TIANXIA_2111;Well, I can't really do anything to stop that...;;;;;;;;;;;;x
EVTDESC_TIANXIA_2113;[courtier_asking.GetBestName] just came to see me. [courtier_asking.GetSheHeCap] is most concerned by the murder of [FromFrom.GetBestName] and asks if I should perhaps not be opened as someone clearly has been shown to be willing to kill people if they remain closed.;;;;;;;;;;;;;x
EVTOPTA_TIANXIA_2113;Very well...;;;;;;;;;;;;x
EVTOPTB_TIANXIA_2113;You must be joking!;;;;;;;;;;;;x
EVTDESC_TIANXIA_2114;One of the servants just informed me that the food stores are starting to get rather low and that more sumptuous meals are unlikely to be wise to have on the menu.;;;;;;;;;;;;;x
EVTOPTA_TIANXIA_2114;This is somewhat conerning...;;;;;;;;;;;;;x
EVTOPTB_TIANXIA_2114;We should try to eat less!;;;;;;;;;;;;;x
EVTOPTC_TIANXIA_2114;Just find me something more to eat!;;;;;;;;;;;;;x
EVTDESC_TIANXIA_2115;It seems our food stores are dwindling at an alarming rate. Unless I believe it is reasonable to open the gates soon, this might become a problem.;;;;;;;;;;;;;x
EVTOPTA_TIANXIA_2115;This isn't good...;;;;;;;;;;;;;x
EVTOPTB_TIANXIA_2115;We should try to eat less!;;;;;;;;;;;;;x
EVTOPTC_TIANXIA_2115;Who has been eating all of my food?;;;;;;;;;;;;;x
EVTDESC_TIANXIA_2116;The food stores are all but empty. We will starve before long if we cannot open the gates.;;;;;;;;;;;;;x
EVTOPTA_TIANXIA_2116;Hard times are ahead of us...;;;;;;;;;;;;;x
EVTOPTB_TIANXIA_2116;Ration what little we have left!;;;;;;;;;;;;;x
EVTOPTC_TIANXIA_2116;Just find me more food somewhere!;;;;;;;;;;;;;x
EVTDESC_TIANXIA_2117;One possible way for us to conserve food in seclusion would be to give my prisoners less to eat. They are, after all, locked up for crimes against me, and therefore against the realm.;;;;;;;;;;;;;x
EVTOPTA_TIANXIA_2117;Make it so!;;;;;;;;;;;;;x
EVTOPTB_TIANXIA_2117;I don't like that idea...;;;;;;;;;;;;;x
EVTDESC_TIANXIA_2118;Some of the prisoners are looking rather plump. Perhaps they could prove an answer to the food shortage we are experiencing.;;;;;;;;;;;;;x
EVTOPTA_TIANXIA_2118;Fresh meat!;;;;;;;;;;;;;x
EVTOPTB_TIANXIA_2118;We are not that desperate yet...;;;;;;;;;;;;;x
EVTDESC_TIANXIA_2119;Some of the people at court might perhaps be termed "useless mouths", particularly with food stores being as low as they are. Expelling some of them would perhaps be wise.;;;;;;;;;;;;;x
EVTOPTA_TIANXIA_2119;Get out!;;;;;;;;;;;;;x
EVTOPTB_TIANXIA_2119;I don't like that idea...;;;;;;;;;;;;;x
EVTDESC_TIANXIA_2120;It is perhaps not all that appealing to have [rival_to_expel.GetBestName] eat more of my limited food stores... or to let [rival_to_expel.GetHerHim] remain in seclusion at all, for that matter.;;;;;;;;;;;;;x
EVTOPTA_TIANXIA_2120;Get out!;;;;;;;;;;;;;x
EVTOPTB_TIANXIA_2120;I don't like that idea...;;;;;;;;;;;;;x
EVTDESC_TIANXIA_2121;The food stores are not looking good, unlike the rat population inside the walls. Perhaps they could be caught and eaten, alleviating both problems at once?;;;;;;;;;;;;;x
EVTOPTA_TIANXIA_2121;We have no choice...;;;;;;;;;;;;;x
EVTOPTB_TIANXIA_2121;Never!;;;;;;;;;;;;;x
EVTDESC_TIANXIA_2122;Disaster! The rats have gotten into the food stores, which was not discovered until they had eaten their fill.;;;;;;;;;;;;;x
EVTOPTA_TIANXIA_2122;Curses!;;;;;;;;;;;;;x
EVTDESC_TIANXIA_2123;The cats inside the walls have been hard at work catching rats, ensuring that the food stores remain safe and that they get to eat at the same time.;;;;;;;;;;;;;x
EVTOPTA_TIANXIA_2123;Many thanks, my feline friends!;;;;;;;;;;;;;x
EVTDESC_TIANXIA_2124;A sudden clatter sends you running to check on your food supplies. You arrive at the storeroom just in time to see [food_thief.GetTitledFirstName] emerge, wiping at [food_thief.GetHerHis] mouth.;;;;;;;;;;;;;x
EVTOPTA_TIANXIA_2124;How could you do this?;;;;;;;;;;;;;x
EVTOPTB_TIANXIA_2124;Guards! Throw them in a cell!;;;;;;;;;;;;;x
EVTOPTC_TIANXIA_2124;Guards! Throw them out!;;;;;;;;;;;;;x
EVTOPTD_TIANXIA_2124;Looks like meat is back on the menu!;;;;;;;;;;;;;x
EVTDESC_TIANXIA_2125;As your stomach groans and gurgles, you try to remember when you last had a decent meal. It has gotten to the point when you can hardly look at a courtier without wondering how they would taste. Probably delicious...;;;;;;;;;;;;;x
EVTOPTA_TIANXIA_2125;Fresh meat!;;;;;;;;;;;;;x
EVTOPTB_TIANXIA_2125;No, it would be wrong...;;;;;;;;;;;;;x
EVTDESC_TIANXIA_2126;Our food sores are getting quite low, and it would perhaps be sensible to send someone to forage outside the walls, even if that of course means they risk catching some kind of disease.;;;;;;;;;;;;;x
EVTOPTA_TIANXIA_2126;I choose you, [gather_food_option_1.GetBestName]!;;;;;;;;;;;;;x
EVTOPTB_TIANXIA_2126;This is a task suitable for [gather_food_option_2.GetBestName]!;;;;;;;;;;;;;x
EVTOPTC_TIANXIA_2126;[gather_food_option_3.GetBestName], see it done!;;;;;;;;;;;;;x
EVTOPTD_TIANXIA_2126;Let's not, actually...;;;;;;;;;;;;;x
EVTDESC_TIANXIA_2127;The food smugglers operating in the tunnels have made another delivery, as promised. This will help ensure that the food stores last a while longer.;;;;;;;;;;;;;x
EVTOPTA_TIANXIA_2127;Excellent!;;;;;;;;;;;;;x

butcher_the_target;[This.GetBestName] will be butchered and eaten.;;;;;;;;;;;;;x
food_likely_to_run_out_soon;Your food stores will likely run out in the not-too-distant future;;;;;;;;;;;;;x
food_likely_to_run_out_very_soon;Your food stores will likely run out very soon;;;;;;;;;;;;;x
food_all_but_gone;Your food stores are all but depleted;;;;;;;;;;;;;x
peasants_go_on_a_rampage;Many courtiers are killed, maimed, or wounded in the peasants' rampage. Some might also end up imprisoned, and your current prisoners will be dealt with by [peasant_commander.GetBestName] and [peasant_commander.GetHerHis] peasant mob the way they desire.;;;;;;;;;;;;;x
minor_peasant_rampage;A good number of courtiers are killed, maimed, or wounded in the peasants' rampage.;;;;;;;;;;;;;x
peasants_get_suspicious;The peasants get most suspicious and might perhaps not be happy...;;;;;;;;;;;;;x
prisoners_get_less_to_eat;Your prisoners will get less to eat, which probably is not good for their health...;;;;;;;;;;;;;x
switch_seclusion_type;You will start focusing on preserving food ahead of other things you might feel like doing in seclusion;;;;;;;;;;;;;x
useless_mouth_expelled;[This.GetBestName] will be expelled from seclusion and will attempt to go somewhere they would feel more appreciated;;;;;;;;;;;;;x