EVTDESC_SOH_12801;Mount Penglai, the legendary home of the Taoist Immortals, lies somewhere to the east. Few who have set out for there have been successful, and many have vanished or died in the attempt, but when the prize is eternal life perhaps the risk is worth it...;;;;;;;;;;;;;x
EVTOPTA_SOH_12801;Immortality will be mine!;;;;;;;;;;;;;x
EVTDESC_SOH_12802;[From.GetBestName] has ordered that ships be prepared for an expedition meant to reach Mount Penglai, the legendary home of the Taoist Immortals. In the past, such expeditions have generally ended in failure or death, but perhaps [From.GetBestName] will be luckier than most...;;;;;;;;;;;;;x
EVTOPTA_SOH_12802;I wish [From.GetHerHim] luck!;;;;;;;;;;;;;x
EVTOPTB_SOH_12802;I hope it goes as well as it did for Qin Shi Huangdi!;;;;;;;;;;;;;x
EVTOPTC_SOH_12802;Perhaps I should try to sabotage this endeavour...;;;;;;;;;;;;;x
EVTDESC_SOH_12804;Mount Penglai truly is mere fiction, that much has become clear to me. I should not waste any more time or resources trying to get there.;;;;;;;;;;;;;x
EVTOPTA_SOH_12804;I no longer care for that nonsense!;;;;;;;;;;;;;x
EVTDESC_SOH_12805;It seems [From.GetBestName] no longer cares to try to reach Mount Penglai, seeing as [From.GetSheHe] has announced that the expedition there no longer will depart.;;;;;;;;;;;;;x
EVTOPTA_SOH_12805;I see...;;;;;;;;;;;;;x
EVTDESC_SOH_12806;There are no longer any ports in my realm from which a fleet could set sail for Mount Penglai. As such, the expedition needs to be cancelled.;;;;;;;;;;;;;x
EVTOPTA_SOH_12806;I guess that's that...;;;;;;;;;;;;;x
EVTDESC_SOH_12807;Due to a lack of suitable ports [From.GetBestName] has ordered that the planned expedition to Mount Penglai should be postponed indefinitely.;;;;;;;;;;;;;x
EVTOPTA_SOH_12807;I see...;;;;;;;;;;;;;x
EVTDESC_SOH_12808;Given that I am now a mere [Root.GetTitle] I do not think I can afford to send an expedition to Mount Penglai, particularly as I do not think I command enough respect to convince the Immortals to give me a Peach of Immortality.;;;;;;;;;;;;;x
EVTOPTA_SOH_12808;I guess I have to give up on this...;;;;;;;;;;;;;x
EVTDESC_SOH_12809;It seems [From.GetBestName] has given up on [From.GetHerHis] quest to reach Mount Penglai, seeing as [From.GetSheHe] now is a mere [From.GetTitle].;;;;;;;;;;;;;x
EVTOPTA_SOH_12809;I see...;;;;;;;;;;;;;x
EVTDESC_SOH_12810;The ongoing conflict requires all of my attention and all of my resources. I cannot afford to launch an expedition to Mount Penglai as things currently stand.;;;;;;;;;;;;;x
EVTOPTA_SOH_12810;I have more important matters to see to!;;;;;;;;;;;;;x
EVTDESC_SOH_12811;[From.GetBestName] has given up on [From.GetHerHis] quest to reach Mount Penglai, at least for the time being. The ongoing conflict seems to be [From.GetHerHis] main priority.;;;;;;;;;;;;;x
EVTOPTA_SOH_12811;I see...;;;;;;;;;;;;;x
EVTDESC_SOH_12812;I can no longer launch an expedition to Mount Penglai. It will have to be postponed.;;;;;;;;;;;;;x
EVTOPTA_SOH_12812;I guess so...;;;;;;;;;;;;;x
EVTDESC_SOH_12813;It seems circumstances have forced [From.GetBestName] to postpone [From.GetHerHis] expedition to Mount Penglai indefinitely.;;;;;;;;;;;;;x
EVTOPTA_SOH_12813;I see...;;;;;;;;;;;;;x
EVTDESC_SOH_12814;As the preparations for my expedition to Mount Penglai continue I have found myself considering what the focus should be. There is limited time and resources available, after all.;;;;;;;;;;;;;x
EVTOPTA_SOH_12814;Military preparations are paramount!;;;;;;;;;;;;;x
EVTOPTB_SOH_12814;We'll need all the charts we can get!;;;;;;;;;;;;;x
EVTOPTC_SOH_12814;Additional ships would be most worthwhile!;;;;;;;;;;;;;x
EVTOPTD_SOH_12814;Knowledge about the Immortals and Penglai is necessary!;;;;;;;;;;;;;x
EVTDESC_SOH_12815;Some of the funds I have set aside for my expedition to Mount Penglai are for the people I will be bringing along. I should prioritize a single category, even if I will of course be bringing a lot of different people.;;;;;;;;;;;;;x
EVTOPTA_SOH_12815;I need to bring skilled soldiers with me!;;;;;;;;;;;;;x
EVTOPTB_SOH_12815;Young men and maidens should be brought along!;;;;;;;;;;;;;x
EVTOPTC_SOH_12815;The best sailors must crew the ships!;;;;;;;;;;;;;x
EVTOPTD_SOH_12815;Scholars and mystics will be needed!;;;;;;;;;;;;;x
EVTDESC_SOH_12816;As the preparations for the expedition to Mount Penglai continue I need to decide whether I actually should depart on it personally or if I should send someone else. Either might have its advantages.;;;;;;;;;;;;;x
EVTOPTA_SOH_12816;I am going myself, of course!;;;;;;;;;;;;;x
EVTOPTB_SOH_12816;I will ask [penglai_vassal.GetBestName] to go in my stead!;;;;;;;;;;;;;x
EVTDESC_SOH_12817;I have just received a request from [From.GetBestName], asking me to set out for Mount Penglai in [From.GetHerHis] stead. Such a journey could both present great dangers and great opportunities...;;;;;;;;;;;;;x
EVTOPTA_SOH_12817;Of course I'll go!;;;;;;;;;;;;;x
EVTOPTB_SOH_12817;I suppose I could ensure that Peach of Immortality falls into my hands...;;;;;;;;;;;;;x
EVTOPTC_SOH_12817;If I get paid, I'll go!;;;;;;;;;;;;;x
EVTOPTD_SOH_12817;In exchange for a future Favor, sure!;;;;;;;;;;;;;x
EVTOPTE_SOH_12817;Fine, if we consider that Favor repaid...;;;;;;;;;;;;;x
EVTOPTF_SOH_12817;I expect a suitable amount of Grace for this!;;;;;;;;;;;;;x
EVTOPTG_SOH_12817;Absolutely not!;;;;;;;;;;;;;x
EVTOPTH_SOH_12817;I'd rather sabotage this from here...;;;;;;;;;;;;;x
EVTDESC_SOH_12818;[From.GetBestName] was quite eager to agree to my request. [From.GetSheHeCap] did not even see fit to ask for anything in return.;;;;;;;;;;;;;x
EVTOPTA_SOH_12818;That's what I wanted to hear!;;;;;;;;;;;;;x
EVTDESC_SOH_12819;[From.GetBestName] was not entirely opposed to the suggestion that [From.GetSheHe] perhaps could try to find Mount Penglai for me, but [From.GetSheHe] also pointed out that [From.GetSheHe] really should be paid for such a service.;;;;;;;;;;;;;x
EVTOPTA_SOH_12819;Very well!;;;;;;;;;;;;;x
EVTOPTB_SOH_12819;I'd rather go myself...;;;;;;;;;;;;;x
EVTDESC_SOH_12820;[From.GetBestName] agreed to my suggestion that I should be paid upfront in exchange for me setting off to search for Mount Penglai and a Peach of Immortality for [From.GetHerHim].;;;;;;;;;;;;;x
EVTOPTA_SOH_12820;Excellent!;;;;;;;;;;;;;x
EVTDESC_SOH_12821;[From.GetBestName] was not willing to agree to my suggestion that I should be paid a substantial amount of money in exchange for me taking charge of the expedition to Mount Penglai.;;;;;;;;;;;;;x
EVTOPTA_SOH_12821;I see...;;;;;;;;;;;;;x
EVTDESC_SOH_12822;[From.GetBestName] was not entirely opposed to the suggestion that [From.GetSheHe] perhaps could try to find Mount Penglai for me, but suggested that [From.GetSheHe] in that case would be doing me a favor and should be owed one in exchange.;;;;;;;;;;;;;x
EVTOPTA_SOH_12822;Very well!;;;;;;;;;;;;;x
EVTOPTB_SOH_12822;I'd rather go myself...;;;;;;;;;;;;;x
EVTDESC_SOH_12823;[From.GetBestName] agreed to my suggestion that I should be owed a Favor in exchange for me setting off to search for Mount Penglai and a Peach of Immortality for [From.GetHerHim].;;;;;;;;;;;;;x
EVTOPTA_SOH_12823;Excellent!;;;;;;;;;;;;;x
EVTDESC_SOH_12824;[From.GetBestName] was not willing to agree to my suggestion that I should be owed a Favor in exchange for me taking charge of the expedition to Mount Penglai.;;;;;;;;;;;;;x
EVTOPTA_SOH_12824;I see...;;;;;;;;;;;;;x
EVTDESC_SOH_12825;[From.GetBestName] was not entirely opposed to the suggestion that [From.GetSheHe] perhaps could try to find Mount Penglai for me, but suggested that it really would be sensible to consider it a repayment of the Favor [From.GetSheHe] currently owes me.;;;;;;;;;;;;;x
EVTOPTA_SOH_12825;Very well!;;;;;;;;;;;;;x
EVTOPTB_SOH_12825;I'd rather go myself...;;;;;;;;;;;;;x
EVTDESC_SOH_12826;[From.GetBestName] agreed to my suggestion that we should consider me setting off to search for Mount Penglai and a Peach of Immortality for [From.GetHerHim] a suitable repayment of the Favor I owed [From.GetHerHim].;;;;;;;;;;;;;x
EVTOPTA_SOH_12826;Excellent!;;;;;;;;;;;;;x
EVTDESC_SOH_12827;[From.GetBestName] was not willing to agree to my suggestion that the Favor I owe [From.GetHerHim] should be considered repaid in exchange for me taking charge of the expedition to Mount Penglai.;;;;;;;;;;;;;x
EVTOPTA_SOH_12827;I see...;;;;;;;;;;;;;x
EVTDESC_SOH_12828;[From.GetBestName] was not entirely opposed to the suggestion that [From.GetSheHe] perhaps could try to find Mount Penglai for me, but suggested that such a service to the Dragon Throne probably should involve the [Root.GetSonDaughterCap] of Heaven bestowing a substantial amount of Grace in return.;;;;;;;;;;;;;x
EVTOPTA_SOH_12828;Very well!;;;;;;;;;;;;;x
EVTOPTB_SOH_12828;I'd rather go myself...;;;;;;;;;;;;;x
EVTDESC_SOH_12829;[From.GetBestName] agreed to my suggestion that the Dragon Throne should bestow a suitable amount of Grace in exchange for me setting off to search for Mount Penglai and a Peach of Immortality for the [From.GetSonDaughterCap] of Heaven.;;;;;;;;;;;;;x
EVTOPTA_SOH_12829;Excellent!;;;;;;;;;;;;;x
EVTDESC_SOH_12830;[From.GetBestName] was not willing to agree to my suggestion that the Dragon Throne should bestow some Grace on me in exchange for me taking charge of the expedition to Mount Penglai.;;;;;;;;;;;;;x
EVTOPTA_SOH_12830;I see...;;;;;;;;;;;;;x
EVTDESC_SOH_12831;[From.GetBestName] has informed me that [From.GetSheHe] cannot in good conscience abandon affairs at home to sail off in search of a legend, not even if said legend is Mount Penglai.;;;;;;;;;;;;;x
EVTOPTA_SOH_12831;Fine! I'll go myself!;;;;;;;;;;;;;x
EVTDESC_SOH_12832;[This.Liege.GetBestName]'s upcoming expedition to Mount Penglai should ideally end in failure, and I think I am in a good position to make sure that it does. The only question now is how I go about doing it.;;;;;;;;;;;;;x
EVTOPTA_SOH_12832;I will attempt to sabotage the preparations!;;;;;;;;;;;;;x
EVTOPTB_SOH_12832;I will hire an assassin and have them sneak aboard!;;;;;;;;;;;;;x
EVTOPTC_SOH_12832;I will sow dissent at home instead!;;;;;;;;;;;;;x
EVTOPTD_SOH_12832;Actually, I don't think I will do anything...;;;;;;;;;;;;;x
EVTDESC_SOH_12834;[penglai_vassal.GetBestName] has died and can therefore no longer assume command of the expedition to Mount Penglai.;;;;;;;;;;;;;x
EVTOPTA_SOH_12834;I guess I'll have to go myself, then...;;;;;;;;;;;;;x
EVTDESC_SOH_12836;It is time for my expedition to Mount Penglai. Time and tide waits for no [Root.GetManWoman], and I do not yet have an eternity to wait for it.;;;;;;;;;;;;;x
EVTOPTA_SOH_12836;All aboard!;;;;;;;;;;;;;x
EVTDESC_SOH_12837;[From.GetBestName]'s expedition has set sail under [From.GetHerHis] personal command, attempting to reach Mount Penglai and the Immortals that dwell there. In the past, such endeavours have generally ended in failure, but perhaps this time things will go differently...;;;;;;;;;;;;;x
EVTOPTA_SOH_12837;I wonder what they'll find...;;;;;;;;;;;;;x
EVTDESC_SOH_12838;With [penglai_vassal.GetBestName] in no position to assume command and the ships ready to depart, it has become clear to me that I need to take charge of the expedition.;;;;;;;;;;;;;x
EVTOPTA_SOH_12838;I'll have to do this myself...;;;;;;;;;;;;;x
EVTDESC_SOH_12839;[From.GetBestName] has assumed personal command of [From.GetHerHis] expedition to Mount Penglai, seeing as I am no longer in a position to be in command of it in [From.GetHerHis] stead.;;;;;;;;;;;;;x
EVTOPTA_SOH_12839;Unfortunately, I couldn't go in [From.GetHerHis] stead...;;;;;;;;;;;;;x
EVTOPTB_SOH_12839;It doesn't concern me any longer...;;;;;;;;;;;;;x
EVTDESC_SOH_12840;[From.GetBestName]'s expedition has set sail under [From.GetHerHis] personal command, attempting to reach Mount Penglai and the Immortals that dwell there. In the past, such endeavours have generally ended in failure, but perhaps this time things will go differently...;;;;;;;;;;;;;x
EVTOPTA_SOH_12840;I wonder what they'll find...;;;;;;;;;;;;;x
EVTDESC_SOH_12841;The ships are ready, and [penglai_vassal.GetBestName] has formally been put in command. All I can do now is wait for [penglai_vassal.GetHerHis] return.;;;;;;;;;;;;;x
EVTOPTA_SOH_12841;Bring me a Peach of Immortality!;;;;;;;;;;;;;x
EVTDESC_SOH_12842;The ships are ready to depart on the search for Mount Penglai, and I have been provided with a great quantity of signed and sealed documents outlining my broad authority when it comes to commanding the expedition in [From.GetBestName]'s name.;;;;;;;;;;;;;x
EVTOPTA_SOH_12842;I will find a Peach of Immortality!;;;;;;;;;;;;;x
EVTDESC_SOH_12843;[From.GetBestName]'s expedition has set sail under the command of [penglai_vassal.GetBestName], attempting to reach Mount Penglai and the Immortals that dwell there. In the past, such endeavours have generally ended in failure, but perhaps this time things will go differently...;;;;;;;;;;;;;x
EVTOPTA_SOH_12843;I wonder what they'll find...;;;;;;;;;;;;;x
EVTDESCA_SOH_12846;Despite my efforts to ensure that everything would go as smoothly as possible on the way to Mount Penglai it seems insufficient supplies were brought aboard the ships. Our meals have been a bit sparse as a result, and I have lost a bit of weight.;;;;;;;;;;;;;x
EVTDESCB_SOH_12846;It seems [penglai_sender.GetBestName] either did not see fit to prepare sufficient supplies for the expedition or that they never were brought aboard the ships. Our meals have been a bit sparse as a result, and I have lost a bit of weight.;;;;;;;;;;;;;x
EVTOPTA_SOH_12846;Hopefully we'll catch more fish down the line...;;;;;;;;;;;;;x
EVTDESCA_SOH_12847;One of the young [sex_partner.GetMenWomen] brought along on the expedition, [sex_partner.GetBestName], is rather fetching. Perhaps the two of us could make very good use of this time. I'm sure [sex_partner.GetHerHis] clothes would look great next to mine on the floor of my cabin.;;;;;;;;;;;;;x
EVTDESCB_SOH_12847;One of the young [sex_partner.GetMenWomen] brought along on the expedition, [sex_partner.GetBestName], is rather fetching. Perhaps the two of us could make very good use of this time. I'm sure [sex_partner.GetHerHis] clothes would look great next to mineon the floor of my cabin.;;;;;;;;;;;;;x
EVTOPTA_SOH_12847;I'll proposition [sex_partner.GetHerHim]!;;;;;;;;;;;;;x
EVTOPTB_SOH_12847;I don't think so...;;;;;;;;;;;;;x
EVTDESC_SOH_12848;It seems [From.GetBestName] has taken a liking to me, seeing as [From.GetSheHe] just suggested that maybe the two of us should retire to [From.GetHerHis] cabin to get to know one another much more intimately.;;;;;;;;;;;;;x
EVTOPTA_SOH_12848;A wonderful idea!;;;;;;;;;;;;;x
EVTOPTB_SOH_12848;I don't think so!;;;;;;;;;;;;;x
EVTDESCA_SOH_12849;[From.GetBestName] was quite receptive to my suggestion, and the two of us spent an enjoyable night together in my cabin. Perhaps we might do it again before we reach Mount Penglai, and if we do not get there, this expedition will still not have been entirely wasted.;;;;;;;;;;;;;x
EVTDESCB_SOH_12849;[From.GetBestName] was quite receptive to my suggestion, and the two of us spent an enjoyable night together in my cabin. Perhaps we might do it again before we reach Mount Penglai, and if we do not get there, I suppose agreeing to go on this expedition still will have been a good idea.;;;;;;;;;;;;;x
EVTOPTA_SOH_12849;We should do this again!;;;;;;;;;;;;;x
EVTOPTB_SOH_12849;Actually, I think this isn't going to happen again...;;;;;;;;;;;;;x
EVTDESCA_SOH_12850;[From.GetBestName] informed me in no uncertain terms that [From.GetSheHe] has no interest in spending the night with me, and politely but firmly told me not to bring up the matter again.;;;;;;;;;;;;;x
EVTDESCB_SOH_12850;[From.GetBestName] informed me in no uncertain terms that [From.GetSheHe] has no interest in spending the night with me, and politely but firmly told me not to bring up the matter again.;;;;;;;;;;;;;x
EVTOPTA_SOH_12850;I see...;;;;;;;;;;;;;x
EVTDESCA_SOH_12851;The journey to Mount Penglai has taken quite some time, and we are not there yet. Perhaps the time could be spent on something productive, so that I may return a wiser ruler even if I do not return with eternal life.;;;;;;;;;;;;;x
EVTDESCB_SOH_12851;The journey to Mount Penglai has taken quite some time, and we are not there yet. Perhaps the time could be spent on something productive, so that the trip is not wasted even if I fail to return with a Peach of Immortality.;;;;;;;;;;;;;x
EVTOPTA_SOH_12851;I will spend the time studying!;;;;;;;;;;;;;x
EVTOPTB_SOH_12851;I would much rather relax a bit...;;;;;;;;;;;;;x
EVTDESCA_SOH_12852;I spend a few days reading up on a number of important historical treaties and the negotiations that led up to them, and manage to obtain a few useful insights.;;;;;;;;;;;;;x
EVTDESCB_SOH_12852;I spend a few days reading up on a number of important historical treaties and the negotiations that led up to them, and manage to obtain a few useful insights.;;;;;;;;;;;;;x
EVTOPTA_SOH_12852;I learned something from this!;;;;;;;;;;;;;x
EVTDESCA_SOH_12853;I spend a few days reading up on a number of important historical battles and the manoeuvres that led up to them, and manage to obtain a few useful insights.;;;;;;;;;;;;;x
EVTDESCB_SOH_12853;I spend a few days reading up on a number of important historical battles and the manoeuvres that led up to them, and manage to obtain a few useful insights.;;;;;;;;;;;;;x
EVTOPTA_SOH_12853;I learned something from this!;;;;;;;;;;;;;x
EVTDESCA_SOH_12854;I spend a few days reading through some recent census records and the taxes paid for the same years, and manage to obtain a few useful insights.;;;;;;;;;;;;;x
EVTDESCB_SOH_12854;I spend a few days reading through some recent census records and the taxes paid for the same years, and manage to obtain a few useful insights.;;;;;;;;;;;;;x
EVTOPTA_SOH_12854;I learned something from this!;;;;;;;;;;;;;x
EVTDESCA_SOH_12855;I spend a few days reading through several reports from my agents and comparing the information in them with other reports further back, and manage to obtain a few useful insights.;;;;;;;;;;;;;x
EVTDESCB_SOH_12855;I spend a few days reading through several reports from my agents and comparing the information in them with other reports further back, and manage to obtain a few useful insights.;;;;;;;;;;;;;x
EVTOPTA_SOH_12855;I learned something from this!;;;;;;;;;;;;;x
EVTDESCA_SOH_12856;I spend a few days reading through several religious and mythological texts, and manage to obtain a few useful insights.;;;;;;;;;;;;;x
EVTDESCB_SOH_12856;I spend a few days reading through several religious and mythological texts, and manage to obtain a few useful insights.;;;;;;;;;;;;;x
EVTOPTA_SOH_12856;I learned something from this!;;;;;;;;;;;;;x
EVTDESCA_SOH_12857;Despite reading through a number of books that were unfamiliar to me on a number of different subjects I do not manage to learn anything of note.;;;;;;;;;;;;;x
EVTDESCB_SOH_12857;Despite reading through a number of books that were unfamiliar to me on a number of different subjects I do not manage to learn anything of note.;;;;;;;;;;;;;x
EVTOPTA_SOH_12857;Well, that was a waste of time...;;;;;;;;;;;;;x
EVTDESCA_SOH_12858;I have been studying various texts well into the night, and all I have accomplished so far is getting less sleep.;;;;;;;;;;;;;x
EVTDESCB_SOH_12858;I have been studying various texts well into the night, and all I have accomplished so far is getting less sleep.;;;;;;;;;;;;;x
EVTOPTA_SOH_12858;Maybe I should have rested instead...;;;;;;;;;;;;;x
EVTDESCA_SOH_12859;While some might frown on resting rather than taking an opportunity to learn, I must say feel like a new person after taking the opportunity to relax for a few days.;;;;;;;;;;;;;x
EVTDESCB_SOH_12859;While some might frown on resting rather than taking an opportunity to learn, I must say feel like a new person after taking the opportunity to relax for a few days.;;;;;;;;;;;;;x
EVTOPTA_SOH_12859;I really needed that!;;;;;;;;;;;;;x
EVTDESCA_SOH_12860;One night as the expedition continues towards Mount Penglai and the Peach of Immortality that rightfully should be mine I am finding it hard to sleep and decide to get some fresh air. As I am about to head back to my cabin I notice someone moving in the shadows.;;;;;;;;;;;;;x
EVTDESCB_SOH_12860;One night as the expedition continues towards Mount Penglai and the Peach of Immortality that I am supposed to bring back to [penglai_sender.GetBestName] I am finding it hard to sleep and decide to get some fresh air. As I am about to head back to my cabin I notice someone moving in the shadows.;;;;;;;;;;;;;x
EVTOPTA_SOH_12860;Who goes there?;;;;;;;;;;;;;x
EVTDESCA_SOH_12861;A [Root.GetManWomanOpp] lunges at me from the shadows, but I manage to avoid the blow easily enough. The assailant turns to flee, but some sailors that heard me call out catch the [Root.GetManWomanOpp] easily enough, and during the interrogation it is revealed that [penglai_rival.GetBestName] was behind the attack, clearly not wishing for me to gain eternal life.;;;;;;;;;;;;;x
EVTDESCB_SOH_12861;A [Root.GetManWomanOpp] lunges at me from the shadows, but I manage to avoid the blow easily enough. The assailant turns to flee, but some sailors that heard me call out catch the [Root.GetManWomanOpp] easily enough, and during the interrogation it is revealed that [penglai_rival.GetBestName] was behind the attack, clearly not wishing for the expedition to be successful.;;;;;;;;;;;;;x
EVTOPTA_SOH_12861;I will never forgive this!;;;;;;;;;;;;;x
EVTDESCA_SOH_12862;A [Root.GetManWomanOpp] lunges at me from the shadows, and I barely make it out of the way in time. Instead of attacking me again the would-be assassin flees into the darkness. Clearly, someone does not wish for me to reach Mount Penglai.;;;;;;;;;;;;;x
EVTDESCB_SOH_12862;A [Root.GetManWomanOpp] lunges at me from the shadows, and I barely make it out of the way in time. Instead of attacking me again the would-be assassin flees into the darkness. Clearly, someone does not wish for me to reach Mount Penglai.;;;;;;;;;;;;;x
EVTOPTA_SOH_12862;Find that assassin!;;;;;;;;;;;;;x
EVTDESCA_SOH_12863;A [Root.GetManWomanOpp] lunges at me from the shadows, and I am in no position to avoid the attack. I take multiple stab wounds, collapsing to the deck, and can feel my vision start to fade even before the assassin slips back into the shadows. Eternal life will not be mine.;;;;;;;;;;;;;x
EVTDESCB_SOH_12863;A [Root.GetManWomanOpp] lunges at me from the shadows, and I am in no position to avoid the attack. I take multiple stab wounds, collapsing to the deck, and can feel my vision start to fade even before the assassin slips back into the shadows. This expedition is over, as is my life.;;;;;;;;;;;;;x
EVTOPTA_SOH_12863;So it ends...;;;;;;;;;;;;;x
EVTDESC_SOH_12864;The expedition I sent to find Mount Penglai has returned rather more quickly than expected. I quickly discover that this is because [From.GetBestName] was killed by an unknown assailant and that nobody else felt that they had the authority to assume command.;;;;;;;;;;;;;x
EVTOPTA_SOH_12864;Who could have been behind it?;;;;;;;;;;;;;x
EVTDESC_SOH_12865;The expedition [penglai_sender.GetBestName] sent to find Mount Penglai has returned rather more quickly than expected. If the rumours are to be believed the early return was due to [From.GetBestName] being killed by an unknown assailant.;;;;;;;;;;;;;x
EVTOPTA_SOH_12865;Who could have been behind it?;;;;;;;;;;;;;x
EVTDESC_SOH_12866;The expedition [penglai_sender.GetBestName] sent to find Mount Penglai has returned rather more quickly than expected. If the rumours are to be believed the early return was due to [From.GetBestName] being killed by an unknown assailant. The [From.GetManWomanOpp] I hired, I would assume.;;;;;;;;;;;;;x
EVTOPTA_SOH_12866;A job well done!;;;;;;;;;;;;;x
EVTDESC_SOH_12867;[From.GetBestName]'s attempt to reach Mount Penglai in order to claim a Peach of Immortality has failed. The ships returned to port today, carrying with them [From.GetBestName]'s dead body, laid low by an unknown assassin.;;;;;;;;;;;;;x
EVTOPTA_SOH_12867;Who could have been behind it?;;;;;;;;;;;;;x
EVTDESC_SOH_12868;[From.GetBestName]'s attempt to reach Mount Penglai in order to claim a Peach of Immortality has failed. The ships returned to port today, carrying with them [From.GetBestName]'s dead body, laid low by an unknown assassin. The [From.GetManWomanOpp] I hired, I suspect.;;;;;;;;;;;;;x
EVTOPTA_SOH_12868;A job well done!;;;;;;;;;;;;;x
EVTDESCA_SOH_12869;The weather has been unexpectedly pleasant ever since the ships left port. The wind could perhaps be a bit stronger to help speed us on our way, but I certainly cannot complain.;;;;;;;;;;;;;x
EVTDESCB_SOH_12869;The weather has been unexpectedly pleasant ever since the ships left port. The wind could perhaps be a bit stronger to help speed us on our way, but I certainly cannot complain.;;;;;;;;;;;;;x
EVTOPTA_SOH_12869;Let's hope it keeps up...;;;;;;;;;;;;;x
EVTDESCA_SOH_12870;Heavy rain and strong winds from unexpected directions has become quite familiar to me, seeing as neither has let up for long since the expedition left port.;;;;;;;;;;;;;x
EVTDESCB_SOH_12870;Heavy rain and strong winds from unexpected directions has become quite familiar to me, seeing as neither has let up for long since the expedition left port.;;;;;;;;;;;;;x
EVTOPTA_SOH_12870;I was hoping for a nicer voyage...;;;;;;;;;;;;;x
EVTDESCA_SOH_12871;The voyage towards Mount Penglai is taking some time, and that has given me plenty of time to think. Not every expedition that has set out in the past has returned, and perhaps this will not end with me gaining eternal life.;;;;;;;;;;;;;x
EVTDESCB_SOH_12871;The voyage towards Mount Penglai is taking some time, and that has given me plenty of time to think. Not every expedition that has set out in the past has returned, and perhaps this journey will be the death of me.;;;;;;;;;;;;;x
EVTOPTA_SOH_12871;I cannot turn back! Not yet!;;;;;;;;;;;;;x
EVTOPTB_SOH_12871;We should turn back...;;;;;;;;;;;;;x
EVTDESCA_SOH_12873;We have not seen any signs of land for weeks, and both our rations and my patience is starting to run out. If Mount Penglai truly is real, then we will not reach it anytime soon. Eternal life will have to wait.;;;;;;;;;;;;;x
EVTDESCB_SOH_12873;We have not seen any signs of land for weeks, and both our rations and my patience is starting to run out. If Mount Penglai truly is real, then we will not reach it anytime soon. [penglai_sender.GetBestName] will not be happy, but [penglai_sender.GetSheHe] ought to know most expeditions to Mount Penglai are unsuccessful.;;;;;;;;;;;;;x
EVTOPTA_SOH_12873;We must head back...;;;;;;;;;;;;;x
EVTDESCA_SOH_12874;A great storm is brewing ahead of us. Going around it is not going to be possible, and going through it would be dangerous. If we turn around now, we would probably be able to outrun it, however, though that would mean giving up on reaching Mount Penglai.;;;;;;;;;;;;;x
EVTDESCB_SOH_12874;A great storm is brewing ahead of us. Going around it is not going to be possible, and going through it would be dangerous. If we turn around now, we would probably be able to outrun it, however, though that would mean giving up on reaching Mount Penglai.;;;;;;;;;;;;;x
EVTOPTA_SOH_12874;We press on!;;;;;;;;;;;;;x
EVTOPTB_SOH_12874;We must head back...;;;;;;;;;;;;;x
EVTDESCA_SOH_12875;One by one, the masts of the ships are brought down by wind and lightning. Great waves batter the crippled ships to pieces over the next few hours, and though I believe one of the ships managed to escape it was not my ship. I am thrown into the ocean, and it is clear there will be no escaping my fate.;;;;;;;;;;;;;x
EVTDESCB_SOH_12875;One by one, the masts of the ships are brought down by wind and lightning. Great waves batter the crippled ships to pieces over the next few hours, and though I believe one of the ships managed to escape it was not my ship. I am thrown into the ocean, and it is clear there will be no escaping my fate.;;;;;;;;;;;;;x
EVTOPTA_SOH_12875;And so it ends...;;;;;;;;;;;;;x
EVTDESC_SOH_12876;Today a ship limped into port, seemingly held together more by the prayers of the sailors aboard than anything physical. If the sailors aboard are to be believed, they are the only ones left alive from the expedition to Mount Penglai following an ill-advised decision by [From.GetBestName] to sail directly into an oncoming storm.;;;;;;;;;;;;;x
EVTOPTA_SOH_12876;What terrible news!;;;;;;;;;;;;;x
EVTDESC_SOH_12877;Today a ship limped into port, seemingly held together more by the prayers of the sailors aboard than anything physical. If the sailors aboard are to be believed, they are the only ones left alive from the expedition to Mount Penglai following an ill-advised decision by [From.GetBestName] to sail directly into an oncoming storm.;;;;;;;;;;;;;x
EVTOPTA_SOH_12877;I see...;;;;;;;;;;;;;x
EVTDESC_SOH_12878;Today a ship limped into port, seemingly held together more by the prayers of the sailors aboard than anything physical. If the sailors aboard are to be believed, they are the only ones left alive from the expedition to Mount Penglai following an ill-advised decision by [From.GetBestName] to sail directly into an oncoming storm.;;;;;;;;;;;;;x
EVTOPTA_SOH_12878;I see...;;;;;;;;;;;;;x
EVTDESCA_SOH_12879;Though the experience is rather unpleasant and the ships take some damage, the sailors are skilled enough to keep them afloat, and we pass through the storm without too much difficulty.;;;;;;;;;;;;;x
EVTDESCB_SOH_12879;Though the experience is rather unpleasant and the ships take some damage, the sailors are skilled enough to keep them afloat, and we pass through the storm without too much difficulty.;;;;;;;;;;;;;x
EVTOPTA_SOH_12879;Onwards to glory!;;;;;;;;;;;;;x
EVTDESCA_SOH_12880;Several of the other ships are battered apart by the storm, and my ship barely stays in one piece. We cannot continue to Mount Penglai.;;;;;;;;;;;;;x
EVTDESCB_SOH_12880;Several of the other ships are battered apart by the storm, and my ship barely stays in one piece. We cannot continue to Mount Penglai.;;;;;;;;;;;;;x
EVTOPTA_SOH_12880;We must turn back...;;;;;;;;;;;;;x
EVTDESCA_SOH_12881;Today I was informed that a great many sharks have been seen swimming around the ships, and that the number seems to be increasing. Some of the sailors seem to think that this is a sign we should turn back around.;;;;;;;;;;;;;x
EVTDESCB_SOH_12881;Today I was informed that a great many sharks have been seen swimming around the ships, and that the number seems to be increasing. Some of the sailors seem to think that this is a sign we should turn back around.;;;;;;;;;;;;;x
EVTOPTA_SOH_12881;We press on!;;;;;;;;;;;;;x
EVTOPTB_SOH_12881;We must head back...;;;;;;;;;;;;;x
EVTDESCA_SOH_12882;I give the order to continue and stand by the captain's side as the [Root.GetManWoman] steers us deeper into the shark-infested waters to make sure the order is carried out. Satisfied, I walk over towards the bow of the ship, but on my way there my feet slip and I tumble overboard.;;;;;;;;;;;;;x
EVTDESCB_SOH_12882;I give the order to continue and stand by the captain's side as the [Root.GetManWoman] steers us deeper into the shark-infested waters to make sure the order is carried out. Satisfied, I walk over towards the bow of the ship, but on my way there my feet slip and I tumble overboard.;;;;;;;;;;;;;x
EVTOPTA_SOH_12882;No! Not like this!;;;;;;;;;;;;;x
EVTDESC_SOH_12883;The expedition I sent to find Mount Penglai has returned rather more quickly than expected. Apparently [From.GetBestName] slipped and fell overboard in shark-infested waters, and with [From.GetHerHim] dead there was nobody left with the authority to continue the expedition.;;;;;;;;;;;;;x
EVTOPTA_SOH_12883;What terrible news!;;;;;;;;;;;;;x
EVTDESC_SOH_12884;The expedition [penglai_sender.GetBestName] sent to find Mount Penglai has returned rather more quickly than expected. Apparently [From.GetBestName] slipped and fell overboard in shark-infested waters, and with [From.GetHerHim] dead there was nobody left with the authority to continue the expedition.;;;;;;;;;;;;;x
EVTOPTA_SOH_12884;I see...;;;;;;;;;;;;;x
EVTDESC_SOH_12885;Today the ships that departed as part of [From.GetBestName]'s expedition to reahc Mount Penglai returned without [From.GetBestName]. Rumour has it [From.GetSheHe] slipped and fell overboard in shark-infested waters, resulting in [From.GetHerHis] painful demise.;;;;;;;;;;;;;x
EVTOPTA_SOH_12885;I see...;;;;;;;;;;;;;x
EVTDESCA_SOH_12886;I give the order to continue and stand by the captain's side as the [Root.GetManWoman] steers us deeper into the shark-infested waters to make sure the order is carried out. Satisfied, I walk over towards the bow of the ship, drawing my sword and pointing it at the horizon, hopefully inspiring everyone to press on.;;;;;;;;;;;;;x
EVTDESCB_SOH_12886;I give the order to continue and stand by the captain's side as the [Root.GetManWoman] steers us deeper into the shark-infested waters to make sure the order is carried out. Satisfied, I walk over towards the bow of the ship, drawing my sword and pointing it at the horizon, hopefully inspiring everyone to press on.;;;;;;;;;;;;;x
EVTOPTA_SOH_12886;Onwards to glory!;;;;;;;;;;;;;x
EVTDESCA_SOH_12887;Perhaps there was something to the sailors' superstition. A great number of accidents befall them over the next few days, resulting in many falling overboard. The sharks devour them eagerly, and it has become clear to me that we can continue no further.;;;;;;;;;;;;;x
EVTDESCB_SOH_12887;Perhaps there was something to the sailors' superstition. A great number of accidents befall them over the next few days, resulting in many falling overboard. The sharks devour them eagerly, and it has become clear to me that we can continue no further.;;;;;;;;;;;;;x
EVTOPTA_SOH_12887;We must turn back...;;;;;;;;;;;;;x
EVTTITLE_SOH_12888;The Lone Mountain;;;;;;;;;;;;;x
EVTDESCA_SOH_12888;Land at last! I was starting to give up hope that we would encounter any islands before our supplies ran out and my attempt to obtain a Peach of Immortality ended in failure, but at last we have sighted one dead ahead!\nThe island ahead appears to be almost entirely covered by a lush jungle, though towards its centre a single majestic mountain rises above the treeline. It looks rather inviting, and if I was not meant to rule back home I could well see myself retiring to it to live out an eternal life of peace and tranquility.\nThere are no signs of other humans to be found as we draw close to the shoreline, but that does not mean this is not Mount Penglai. After all, all the legends say the Immortals live on the mountain.;;;;;;;;;;;;;x
EVTDESCB_SOH_12888;Land at last! I was starting to give up hope that we would encounter any islands before our supplies ran out and I had to return to [penglai_sender.GetBestName] in failure, but at last we have sighted one dead ahead!\nThe island ahead appears to be almost entirely covered by a lush jungle, though towards its centre a single majestic mountain rises above the treeline. It looks rather inviting, and if not for my obligations back hume I could well see myself staying for quite some time.\nThere are no signs of other humans to be found as we draw close to the shoreline, but that does not mean this is not Mount Penglai. After all, all the legends say the Immortals live on the mountain.;;;;;;;;;;;;;x
EVTOPTA_SOH_12888;That mountain must be Mount Penglai!;;;;;;;;;;;;;x
EVTDESCA_SOH_12889;The trek through the jungle is not particularly easy going as the undergrowth is quite thick, but eventually I and the rest of the landing party make it to the base of the mountain. Regardless of whether it is Mount Penglai or not, it is time to start climbing.;;;;;;;;;;;;;x
EVTDESCB_SOH_12889;The trek through the jungle is not particularly easy going as the undergrowth is quite thick, but eventually I and the rest of the landing party make it to the base of the mountain. Regardless of whether it is Mount Penglai or not, it is time to start climbing.;;;;;;;;;;;;;x
EVTOPTA_SOH_12889;We much reach the summit!;;;;;;;;;;;;;x
EVTDESCA_SOH_12890;The ascent is not too difficult, but we see no signs of humans as we move towards the summit. Once there, all we find is a number of hot springs, and though we investigate the area thoroughly it seems no human has ever set foot in the area before.;;;;;;;;;;;;;x
EVTDESCB_SOH_12890;The ascent is not too difficult, but we see no signs of humans as we move towards the summit. Once there, all we find is a number of hot springs, and though we investigate the area thoroughly it seems no human has ever set foot in the area before.;;;;;;;;;;;;;x
EVTOPTA_SOH_12890;We should head back...;;;;;;;;;;;;;x
EVTDESCA_SOH_12891;The return trip to the ships is fairly uneventful, and we are soon back on the ships. The trek through the jungle and up the mountain has been invigorating, and perhaps good for my health, even if I have not gained eternal life.;;;;;;;;;;;;;x
EVTDESCB_SOH_12891;The return trip to the ships is fairly uneventful, and we are soon back on the ships. The trek through the jungle and up the mountain has been invigorating, and perhaps good for my health.;;;;;;;;;;;;;x
EVTOPTA_SOH_12891;Time to head back home...;;;;;;;;;;;;;x
EVTDESCA_SOH_12892;The ascent is not too difficult until the very end. Without warning, the mountain starts to quake beneath us, and several of my companions fall to their deaths. Even worse, a great plume of smoke and fire erupts from the summit. This is a volcano, not Mount Penglai.;;;;;;;;;;;;;x
EVTDESCB_SOH_12892;The ascent is not too difficult until the very end. Without warning, the mountain starts to quake beneath us, and several of my companions fall to their deaths. Even worse, a great plume of smoke and fire erupts from the summit. This is a volcano, not Mount Penglai.;;;;;;;;;;;;;x
EVTOPTA_SOH_12892;Back to the ships! Now!;;;;;;;;;;;;;x
EVTDESCA_SOH_12893;I make it back down to the base of the volcano together with a good number of my companions, but the fire raining down from the sky has reached the jungle before us, setting it ablaze. We try to make our way around the fire, but soon we find ourselves surrounded by flames.;;;;;;;;;;;;;x
EVTDESCB_SOH_12893;I make it back down to the base of the volcano together with a good number of my companions, but the fire raining down from the sky has reached the jungle before us, setting it ablaze. We try to make our way around the fire, but soon we find ourselves surrounded by flames.;;;;;;;;;;;;;x
EVTOPTA_SOH_12893;No! Not like this!;;;;;;;;;;;;;x
EVTDESC_SOH_12894;The survivors of the expedition I sent to search for Mount Penglai have returned. [From.GetBestName] is not among them, and rumour has it [From.GetSheHe] perished trying to escape an inferno resulting from the eruption of a volcano [From.GetSheHe] apparently believed was Mount Penglai.;;;;;;;;;;;;;x
EVTOPTA_SOH_12894;I see...;;;;;;;;;;;;;x
EVTDESC_SOH_12895;The survivors of the expedition [penglai_sender.GetBestName] sent to search for Mount Penglai have returned. [From.GetBestName] is not among them, and rumour has it [From.GetSheHe] perished trying to escape an inferno resulting from the eruption of a volcano [From.GetSheHe] apparently believed was Mount Penglai.;;;;;;;;;;;;;x
EVTOPTA_SOH_12895;I see...;;;;;;;;;;;;;x
EVTDESC_SOH_12896;The survivors of the expedition [From.GetBestName] sent to search for Mount Penglai have returned. [From.GetBestName] is not among them, supposedly because [From.GetSheHe] perished trying to return to the ships from an erupting volcano that [From.GetSheHe] unwisely was climbing.;;;;;;;;;;;;;x
EVTOPTA_SOH_12896;I see...;;;;;;;;;;;;;x
EVTDESCA_SOH_12897;Narrowly outrunning the fire raining down from the sky and the blazing inferno raging in the jungle as a result, I and the other survivors make it back to the ships. We cannot stay here any longer.;;;;;;;;;;;;;x
EVTDESCB_SOH_12897;Narrowly outrunning the fire raining down from the sky and the blazing inferno raging in the jungle as a result, I and the other survivors make it back to the ships. We cannot stay here any longer.;;;;;;;;;;;;;x
EVTOPTA_SOH_12897;Cast off! Now!;;;;;;;;;;;;;x
EVTDESCA_SOH_12898;The ships get underway as quickly as possible, but as we are heading for the open sea a downpour of fire sets most of the ships ablaze. My ship is among them, and it is clear the ships that have managed to escape the fire have no intention of turning back.;;;;;;;;;;;;;x
EVTDESCB_SOH_12898;The ships get underway as quickly as possible, but as we are heading for the open sea a downpour of fire sets most of the ships ablaze. My ship is among them, and it is clear the ships that have managed to escape the fire have no intention of turning back.;;;;;;;;;;;;;x
EVTOPTA_SOH_12898;Death by fire, or death by drowning...;;;;;;;;;;;;;x
EVTDESC_SOH_12899;The survivors of the expedition I sent to search for Mount Penglai have returned. [From.GetBestName] is not among them, and rumour has it [From.GetSheHe] perished as the ships were making their escape from a volcanic island [From.GetSheHe] had mistaken for Mount Penglai.;;;;;;;;;;;;;x
EVTOPTA_SOH_12899;I see...;;;;;;;;;;;;;x
EVTDESC_SOH_12900;The survivors of the expedition [penglai_sender.GetBestName] sent to search for Mount Penglai have returned. [From.GetBestName] is not among them, and rumour has it [From.GetSheHe] perished as the ships were making their escape from a volcanic island [From.GetSheHe] had mistaken for Mount Penglai.;;;;;;;;;;;;;x
EVTOPTA_SOH_12900;I see...;;;;;;;;;;;;;x
EVTDESC_SOH_12901;The survivors of the expedition [From.GetBestName] sent to search for Mount Penglai have returned. [From.GetBestName] is not among them, supposedly because [From.GetSheHe] perished as the ships were making their escape from a volcanic island that [From.GetSheHe] unwisely had sought to explore.;;;;;;;;;;;;;x
EVTOPTA_SOH_12901;I see...;;;;;;;;;;;;;x
EVTDESCA_SOH_12902;Though several of the other ships are set ablaze by the fiery downpour my ship and a couple of the other ones manage to escape. We cannot afford to turn back to search for survivors.;;;;;;;;;;;;;x
EVTDESCB_SOH_12902;Though several of the other ships are set ablaze by the fiery downpour my ship and a couple of the other ones manage to escape. We cannot afford to turn back to search for survivors.;;;;;;;;;;;;;x
EVTOPTA_SOH_12902;This whole trip was a mistake!;;;;;;;;;;;;;x
EVTTITLE_SOH_12903;A Realm Torn Asunder;;;;;;;;;;;;;x
EVTDESCA_SOH_12903;Land has been sighted, and I have given the order to sail towards it. As best I can tell, the island we are approaching is not very mountainous, so it is unlikely that we have actually reached Mount Penglai. Still, making landfall to resupply would be prudent.\nAs the ships are tied up at a coastal settlement I head ashore to speak to the locals. I quickly discover that the island is part of a great realm known as Yamatai, and that the realm in question is currently undergoing a civil war between two relatives of the former ruler, one male and one female, and that their armies are gathering nearby for a battle that likely will be decisive. Perhaps my forces could make a difference, putting the winner in my debt...;;;;;;;;;;;;;x
EVTDESCB_SOH_12903;Land has been sighted, and I have given the order to sail towards it. As best I can tell, the island we are approaching is not very mountainous, so it is unlikely that we have actually reached Mount Penglai. Still, making landfall to resupply would be prudent.\nAs the ships are tied up at a coastal settlement I head ashore to speak to the locals. I quickly discover that the island is part of a great realm known as Yamatai, and that the realm in question is currently undergoing a civil war between two relatives of the former ruler, one male and one female, and that their armies are gathering nearby for a battle that likely will be decisive. Perhaps the forces at my command could make a difference, putting the winner in my debt...;;;;;;;;;;;;;x
EVTOPTA_SOH_12903;We'll take no part in this petty conflict!;;;;;;;;;;;;;x
EVTOPTB_SOH_12903;I'll back the man!;;;;;;;;;;;;;x
EVTOPTC_SOH_12903;I'll back the woman!;;;;;;;;;;;;;x
EVTOPTD_SOH_12903;I'll remain neutral and hope the victor is open to diplomacy!;;;;;;;;;;;;;x
EVTDESCA_SOH_12904;The expedition is already a failure, and risking my life to help an unknown would-be ruler of an unknown realm would be foolish. I give the order to trade for supplies and for the ships to prepared for departure as soon as the tides permit.;;;;;;;;;;;;;x
EVTDESCB_SOH_12904;The expedition is already a failure, and risking my life to help an unknown would-be ruler of an unknown realm would be foolish. I give the order to trade for supplies and for the ships to prepared for departure as soon as the tides permit.;;;;;;;;;;;;;x
EVTOPTA_SOH_12904;It is time to head home...;;;;;;;;;;;;;x
EVTDESCA_SOH_12905;My forces make their way to the battlefield, and though the would-be king is suspicious of our motives at first he is in no position to turn down our assistance. However, despite our side having the numbers the battle does not go our way, and the soon-to-be queen's forces are disinterested in sparing my life when they corner me.;;;;;;;;;;;;;x
EVTDESCB_SOH_12905;The forces at my command make their way to the battlefield, and though the would-be king is suspicious of our motives at first he is in no position to turn down our assistance. However, despite our side having the numbers the battle does not go our way, and the soon-to-be queen's forces are disinterested in sparing my life when they corner me.;;;;;;;;;;;;;x
EVTOPTA_SOH_12905;No!;;;;;;;;;;;;;x
EVTDESC_SOH_12906;A single ship with a skeleton crew has returned from the expedition that set out to find Mount Penglai. Of [From.GetBestName] there is no sign, and if the sailors are to be believed [From.GetSheHe] fell in battle after getting involved in some local power struggle in an unknown realm somewhere in the Great Eastern Ocean.;;;;;;;;;;;;;x
EVTOPTA_SOH_12906;Unfortunate!;;;;;;;;;;;;;x
EVTDESC_SOH_12907;A single ship with a skeleton crew has returned from the expedition that set out to find Mount Penglai. Of [From.GetBestName] there is no sign, and if the sailors are to be believed [From.GetSheHe] fell in battle after getting involved in some local power struggle in an unknown realm somewhere in the Great Eastern Ocean.;;;;;;;;;;;;;x
EVTOPTA_SOH_12907;I see...;;;;;;;;;;;;;x
EVTDESC_SOH_12908;A single ship with a skeleton crew has returned from the expedition that set out to find Mount Penglai. Of [From.GetBestName] there is no sign, and if the sailors are to be believed [From.GetSheHe] fell in battle after getting involved in some local power struggle in an unknown realm somewhere in the Great Eastern Ocean.;;;;;;;;;;;;;x
EVTOPTA_SOH_12908;I see...;;;;;;;;;;;;;x
EVTDESCA_SOH_12909;My forces make their way to the battlefield, and though the would-be king is suspicious of our motives at first he is in no position to turn down our assistance. Though numbers are not everything in a battle, we have both the numbers and the better commanders, and in the end the would-be queen's forces are crushed.;;;;;;;;;;;;;x
EVTDESCB_SOH_12909;The forces at my command make their way to the battlefield, and though the would-be king is suspicious of our motives at first he is in no position to turn down our assistance. Though numbers are not everything in a battle, we have both the numbers and the better commanders, and in the end the would-be queen's forces are crushed.;;;;;;;;;;;;;x
EVTOPTA_SOH_12909;Victory!;;;;;;;;;;;;;x
EVTDESCA_SOH_12910;The new king of Yamatai thanks me and my soldiers for our assistance and tells me that one of his more promising commanders has volunteered to join my service. He also informs me that he cannot condone the presence of a foreign army in his country, and that we are to depart promptly.;;;;;;;;;;;;;x
EVTDESCB_SOH_12910;The new king of Yamatai thanks me and the soldiers at my command for our assistance and tells me that one of his more promising commanders has volunteered to join my service. He also informs me that he cannot condone the presence of a foreign army in his country, and that we are to depart promptly.;;;;;;;;;;;;;x
EVTOPTA_SOH_12910;I guess it is time to return home...;;;;;;;;;;;;;x
EVTDESCA_SOH_12911;My forces make their way to the battlefield, and though the would-be queen is suspicious of our motives at first he is in no position to turn down our assistance. However, despite our side having the numbers the battle does not go our way, and the soon-to-be king's forces are disinterested in sparing my life when they corner me.;;;;;;;;;;;;;x
EVTDESCB_SOH_12911;The forces at my command make their way to the battlefield, and though the would-be queen is suspicious of our motives at first he is in no position to turn down our assistance. However, despite our side having the numbers the battle does not go our way, and the soon-to-be king's forces are disinterested in sparing my life when they corner me.;;;;;;;;;;;;;x
EVTOPTA_SOH_12911;No!;;;;;;;;;;;;;x
EVTDESC_SOH_12912;A single ship with a skeleton crew has returned from the expedition that set out to find Mount Penglai. Of [From.GetBestName] there is no sign, and if the sailors are to be believed [From.GetSheHe] fell in battle after getting involved in some local power struggle in an unknown realm somewhere in the Great Eastern Ocean.;;;;;;;;;;;;;x
EVTOPTA_SOH_12912;Unfortunate!;;;;;;;;;;;;;x
EVTDESC_SOH_12913;A single ship with a skeleton crew has returned from the expedition that set out to find Mount Penglai. Of [From.GetBestName] there is no sign, and if the sailors are to be believed [From.GetSheHe] fell in battle after getting involved in some local power struggle in an unknown realm somewhere in the Great Eastern Ocean.;;;;;;;;;;;;;x
EVTOPTA_SOH_12913;I see...;;;;;;;;;;;;;x
EVTDESC_SOH_12914;A single ship with a skeleton crew has returned from the expedition that set out to find Mount Penglai. Of [From.GetBestName] there is no sign, and if the sailors are to be believed [From.GetSheHe] fell in battle after getting involved in some local power struggle in an unknown realm somewhere in the Great Eastern Ocean.;;;;;;;;;;;;;x
EVTOPTA_SOH_12914;I see...;;;;;;;;;;;;;x
EVTDESCA_SOH_12915;My forces make their way to the battlefield, and though the would-be queen is suspicious of our motives at first he is in no position to turn down our assistance. Though numbers are not everything in a battle, we have both the numbers and the better commanders, and in the end the would-be king's forces are crushed.;;;;;;;;;;;;;x
EVTDESCB_SOH_12915;The forces at my command make their way to the battlefield, and though the would-be queen is suspicious of our motives at first he is in no position to turn down our assistance. Though numbers are not everything in a battle, we have both the numbers and the better commanders, and in the end the would-be king's forces are crushed.;;;;;;;;;;;;;x
EVTOPTA_SOH_12915;Victory!;;;;;;;;;;;;;x
EVTDESCA_SOH_12916;The new king of Yamatai thanks me and my soldiers for our assistance and presents us with extravagant gifts. Once that is done, she tells us in no uncertain terms that it would be in our best interests to leave. We would not like what is coming, she tells us...;;;;;;;;;;;;;x
EVTDESCB_SOH_12916;The new king of Yamatai thanks me and the soldiers at my command for our assistance and presents us with extravagant gifts. Once that is done, she tells us in no uncertain terms that it would be in our best interests to leave. We would not like what is coming, she tells us...;;;;;;;;;;;;;x
EVTOPTA_SOH_12916;I guess it is time to return home...;;;;;;;;;;;;;x
EVTDESCA_SOH_12917;It is not long before word reaches me that the forces of the soon-to-be queen have prevailed in the battle. Furthermore, my presence in her lands has not gone unnoticed, and she has extended an invitation to an audience with her.;;;;;;;;;;;;;x
EVTDESCB_SOH_12917;It is not long before word reaches me that the forces of the soon-to-be queen have prevailed in the battle. Furthermore, my presence in her lands has not gone unnoticed, and she has extended an invitation to an audience with her.;;;;;;;;;;;;;x
EVTOPTA_SOH_12917;An audience is why we are here!;;;;;;;;;;;;;x
EVTOPTB_SOH_12917;I think we should leave now...;;;;;;;;;;;;;x
EVTDESCA_SOH_12918;The new queen of Yamatai greets me warmly when I arrive for the audience, and I am surprised to find that while she looks quite young she seems to have the knowledge of someone truly ancient. She asks me what I think of her country, and when I tell her that it seems quite pleasant she asks whether I would like to remain among her subjects. Forever.;;;;;;;;;;;;;x
EVTDESCB_SOH_12918;The new queen of Yamatai greets me warmly when I arrive for the audience, and I am surprised to find that while she looks quite young she seems to have the knowledge of someone truly ancient. She asks me what I think of her country, and when I tell her that it seems quite pleasant she asks whether I would like to remain among her subjects. Forever.;;;;;;;;;;;;;x
EVTOPTA_SOH_12918;Stay... forever...;;;;;;;;;;;;;x
EVTOPTB_SOH_12918;I would prefer to leave...;;;;;;;;;;;;;x
EVTDESCA_SOH_12919;I thank the queen for her kind offer and make to turn to leave, but I cannot make myself do it. The queen lets out a short laugh, and I find myself reconsidering her very kind proposal. Staying here would be best for me.;;;;;;;;;;;;;x
EVTDESCB_SOH_12919;I thank the queen for her kind offer and make to turn to leave, but I cannot make myself do it. The queen lets out a short laugh, and I find myself reconsidering her very kind proposal. Staying here would be best for me.;;;;;;;;;;;;;x
EVTOPTA_SOH_12919;Stay... forever...;;;;;;;;;;;;;x
EVTDESC_SOH_12920;A ship has returned from the expedition I sent to find Mount Penglai, carrying with it a small number of those that departed. Of [From.GetBestName] there is no sign, and if those that have returned are to be believed [From.GetSheHe] and the rest decided to stay in an unknown land to the east after the ruler there spoke to them quite convincingly.;;;;;;;;;;;;;x
EVTOPTA_SOH_12920;Sounds like sorcery!;;;;;;;;;;;;;x
EVTDESC_SOH_12921;A ship has returned from the expedition [penglai_sender.GetBestName] sent to find Mount Penglai, carrying with it a small number of those that departed. Of [From.GetBestName] there is no sign, and if those that have returned are to be believed [From.GetSheHe] and the rest decided to stay in an unknown land to the east after the ruler there spoke to them quite convincingly.;;;;;;;;;;;;;x
EVTOPTA_SOH_12921;Sounds like sorcery!;;;;;;;;;;;;;x
EVTDESC_SOH_12922;A ship has returned from [From.GetBestName]'s expedition to Mount Penglai, carrying with it a small number of those that departed. Of [From.GetBestName] there is no sign, and if those that have returned are to be believed [From.GetSheHe] and the rest decided to stay in an unknown land to the east after the ruler there spoke to them quite convincingly.;;;;;;;;;;;;;x
EVTOPTA_SOH_12922;Sounds like sorcery!;;;;;;;;;;;;;x
EVTDESCA_SOH_12923;I thank the queen for her kind offer but tell her it is past time for us to make our departure. I can see surprise on her face very briefly, quickly replaced by anger. She tells me to leave, and to never return to her shores ever again.;;;;;;;;;;;;;x
EVTDESCB_SOH_12923;I thank the queen for her kind offer but tell her it is past time for us to make our departure. I can see surprise on her face very briefly, quickly replaced by anger. She tells me to leave, and to never return to her shores ever again.;;;;;;;;;;;;;x
EVTOPTA_SOH_12923;I'm not sure what that was, but we should return home...;;;;;;;;;;;;;x
EVTDESCA_SOH_12924;The emissaries sent by the new queen are quite surprised when I turn down the offer of an audience, and once it becomes clear to them that I will not be swayed their expressions turn furious. I am informed that if we have not left by the end of the next day our presence will be considered an attempted invasion and dealt with accordingly.;;;;;;;;;;;;;x
EVTDESCB_SOH_12924;The emissaries sent by the new queen are quite surprised when I turn down the offer of an audience, and once it becomes clear to them that I will not be swayed their expressions turn furious. I am informed that if we have not left by the end of the next day our presence will be considered an attempted invasion and dealt with accordingly.;;;;;;;;;;;;;x
EVTOPTA_SOH_12924;Clearly, we have overstayed our welcome...;;;;;;;;;;;;;x
EVTDESCA_SOH_12925;One day the lookouts spot sails on the horizon, heading our way. As the single-sailed ships with great banks of oars on either side draw closer they make a request to send a party aboard. Granting the request, I learn from their commander that we have entered what they consider their waters, and that unless we are there for an audience with their leaders we should depart.;;;;;;;;;;;;;x
EVTDESCB_SOH_12925;One day the lookouts spot sails on the horizon, heading our way. As the single-sailed ships with great banks of oars on either side draw closer they make a request to send a party aboard. Granting the request, I learn from their commander that we have entered what they consider their waters, and that unless we are there for an audience with their leaders we should depart.;;;;;;;;;;;;;x
EVTOPTA_SOH_12925;Take us to your leaders!;;;;;;;;;;;;;x
EVTOPTB_SOH_12925;We were just leaving...;;;;;;;;;;;;;x
EVTDESCA_SOH_12926;The strange ships make sure to escort us away from where the meeting with their commander was held, evidently determined to ensure that we actually depart their waters. How they are able to determine where we have left those waters with no land in sight is unclear, but eventually they turn around after shouting a farewell.;;;;;;;;;;;;;x
EVTDESCB_SOH_12926;The strange ships make sure to escort us away from where the meeting with their commander was held, evidently determined to ensure that we actually depart their waters. How they are able to determine where we have left those waters with no land in sight is unclear, but eventually they turn around after shouting a farewell.;;;;;;;;;;;;;x
EVTOPTA_SOH_12926;Wherever they were from, it wasn't Mount Penglai...;;;;;;;;;;;;;x
EVTDESCA_SOH_12927;Following the strange ships, the expedition is brought to a massive island not on our charts, with the shoreline guarded by hundreds of vessels far more imposing than those we were following. We are informed that our destination lies inland, and that we should continue up the massive canal that lies ahead.;;;;;;;;;;;;;x
EVTDESCB_SOH_12927;Following the strange ships, the expedition is brought to a massive island not on our charts, with the shoreline guarded by hundreds of vessels far more imposing than those we were following. We are informed that our destination lies inland, and that we should continue up the massive canal that lies ahead.;;;;;;;;;;;;;x
EVTOPTA_SOH_12927;I doubt we could turn back if we wanted to...;;;;;;;;;;;;;x
EVTTITLE_SOH_12928;A Council of Ten Kings;;;;;;;;;;;;;x
EVTDESCA_SOH_12928;Our destination turns out to be a truly massive city far inland, ringed by layer upon layer of imposing walls, most of them seemingly made from precious metal rather than stone.\nWord of our arrival has preceded us, it seems, as there is an escort of soldiers in ornate and somewhat archaic-looking armour awaiting us at the docks, and I and several other notables from aboard the ships are quickly ushered to a citadel made from a strange reddish metal.\nWe are brought before the rulers of the island, who turn out to be ten kings ruling in concert with one another. They inquire about our purpose and inform us that Mount Penglai is not in their domain. Not wanting us to find our expedition a complete waste, they invite us to an upcoming celebration.;;;;;;;;;;;;;x
EVTDESCB_SOH_12928;Our destination turns out to be a truly massive city far inland, ringed by layer upon layer of imposing walls, most of them seemingly made from precious metal rather than stone.\nWord of our arrival has preceded us, it seems, as there is an escort of soldiers in ornate and somewhat archaic-looking armour awaiting us at the docks, and I and several other notables from aboard the ships are quickly ushered to a citadel made from a strange reddish metal.\nWe are brought before the rulers of the island, who turn out to be ten kings ruling in concert with one another. They inquire about our purpose and inform us that Mount Penglai is not in their domain. Not wanting us to find our expedition a complete waste, they invite us to an upcoming celebration.;;;;;;;;;;;;;x
EVTOPTA_SOH_12928;I guess we can stay for a short while...;;;;;;;;;;;;;x
EVTTITLE_SOH_12929;The Adamantine Army;;;;;;;;;;;;;x
EVTDESCA_SOH_12929;As the celebration comes to an end it turns out the ships have not yet been resupplied, seemingly due to a bureaucratic error of some kind. My hosts apologize for the inconvenience and invite me to attend a military parade while the matter is seen to.\nThe army regiments marching by truly are a sight to behold, and judging by what I have come to learn about the island and its inhabitants this force is but a fraction of what the ten kings can bring to bear should they find the need.\nNoting that I seem impressed, my hosts offer me the service of an outstanding junior officer that apparently has expressed an interest in my lands.;;;;;;;;;;;;;x
EVTDESCB_SOH_12929;As the celebration comes to an end it turns out the ships have not yet been resupplied, seemingly due to a bureaucratic error of some kind. My hosts apologize for the inconvenience and invite me to attend a military parade while the matter is seen to.\nThe army regiments marching by truly are a sight to behold, and judging by what I have come to learn about the island and its inhabitants this force is but a fraction of what the ten kings can bring to bear should they find the need.\nNoting that I seem impressed, my hosts offer to send with me an outstanding junior officer that apparently has expressed an interest in [penglai_sender.GetBestName]'s lands.;;;;;;;;;;;;;x
EVTOPTA_SOH_12929;I would be pleased to bring them back home!;;;;;;;;;;;;;x
EVTOPTB_SOH_12929;We have no need of one of your citizens...;;;;;;;;;;;;;x
EVTDESCA_SOH_12930;As the preparations for the expedition's departure have been completed [atlantean.GetBestName], the promising officer I was promised, arrives just in time, requesting to come aboard. Seeing as a refusal doubtlessly would upset my hosts, I grant this request.;;;;;;;;;;;;;x
EVTDESCB_SOH_12930;As the preparations for the expedition's departure have been completed [atlantean.GetBestName], the promising officer I was promised, arrives just in time, requesting to come aboard. Seeing as a refusal doubtlessly would upset my hosts, I grant this request.;;;;;;;;;;;;;x
EVTOPTA_SOH_12930;Time to head home!;;;;;;;;;;;;;x
EVTDESC_SOH_12931;This deception has gone on long enough, I think...;;;;;;;;;;;;;x
EVTOPTA_SOH_12931;My only loyalty is to Atlantis!;;;;;;;;;;;;;x
EVTDESCA_SOH_12932;My hosts seem rather displeased when I turn down their offer, and they talk quietly among themselves for a bit before turning back to me. It would be best for everyone if my departure happened as quickly as possible, they tell me.;;;;;;;;;;;;;x
EVTDESCB_SOH_12932;My hosts seem rather displeased when I turn down their offer, and they talk quietly among themselves for a bit before turning back to me. It would be best for everyone if my departure happened as quickly as possible, they tell me.;;;;;;;;;;;;;x
EVTOPTA_SOH_12932;I feel rather unwelcome now...;;;;;;;;;;;;;x
EVTDESCA_SOH_12933;My hosts seem rather displeased when I turn down their offer, and they talk quietly among themselves for a bit. Then, without warning, one of them gestures to the guards standing all around us and then points to me. The guards draw their weapons and fall upon me and my companions.;;;;;;;;;;;;;x
EVTDESCB_SOH_12933;My hosts seem rather displeased when I turn down their offer, and they talk quietly among themselves for a bit. Then, without warning, one of them gestures to the guards standing all around us and then points to me. The guards draw their weapons and fall upon me and my companions.;;;;;;;;;;;;;x
EVTOPTA_SOH_12933;No! You can't do this!;;;;;;;;;;;;;x
EVTDESC_SOH_12934;A single, battle-damaged ship has returned from the expedition that was sent to find Mount Penglai, carrying a crew that seems to have sustained many injuries. [From.GetBestName] is not among them, nor the other notables sent on the expedition. The survivors speak of a diplomatic meeting in a strange land gone wrong, but know few details.;;;;;;;;;;;;;x
EVTOPTA_SOH_12934;Just where did they end up?;;;;;;;;;;;;;x
EVTDESC_SOH_12935;A single, battle-damaged ship has returned from the expedition that was sent to find Mount Penglai, carrying a crew that seems to have sustained many injuries. [From.GetBestName] is not among them, nor the other notables sent on the expedition. The survivors speak of a diplomatic meeting in a strange land gone wrong, but know few details.;;;;;;;;;;;;;x
EVTOPTA_SOH_12935;Just where did they end up?;;;;;;;;;;;;;x
EVTDESC_SOH_12936;A single, battle-damaged ship has returned from the expedition that was sent to find Mount Penglai, carrying a crew that seems to have sustained many injuries. [From.GetBestName] is not among them, nor the other notables sent on the expedition. The survivors speak of a diplomatic meeting in a strange land gone wrong, but know few details.;;;;;;;;;;;;;x
EVTOPTA_SOH_12936;Just where did they end up?;;;;;;;;;;;;;x
EVTDESCA_SOH_12937;Land has been sighted at long last, though as we draw closer to the shore the scholars aboard conclude that it is unlikely that this vast landmass is Mount Penglai. Considering how long we have been at sea, it would be prudent to head home as soon as we have resupplied, but perhaps there is something here that is worth the journey...;;;;;;;;;;;;;x
EVTDESCB_SOH_12937;Land has been sighted at long last, though as we draw closer to the shore the scholars aboard conclude that it is unlikely that this vast landmass is Mount Penglai. Considering how long we have been at sea, it would be prudent to head home as soon as we have resupplied, but perhaps there is something here that is worth the journey...;;;;;;;;;;;;;x
EVTOPTA_SOH_12937;We march inland come dawn!;;;;;;;;;;;;;x
EVTOPTB_SOH_12937;We should leave this place as soon as possible...;;;;;;;;;;;;;x
EVTDESCA_SOH_12938;There are plenty of strange fruits and good hunting to be found near where the expedition made landfall, as well as several large streams to fill the water barrels from, which makes the gathering of supplies go smoothly enough. The whole time, I cannot shake the feeling that we should not be here, but nothing of note happens.;;;;;;;;;;;;;x
EVTDESCB_SOH_12938;There are plenty of strange fruits and good hunting to be found near where the expedition made landfall, as well as several large streams to fill the water barrels from, which makes the gathering of supplies go smoothly enough. The whole time, I cannot shake the feeling that we should not be here, but nothing of note happens.;;;;;;;;;;;;;x
EVTOPTA_SOH_12938;We sail at once!;;;;;;;;;;;;;x
EVTDESCA_SOH_12939;I lead my soldiers into the jungle, and we make fairly good progress each day. The scouts report strange spotted tigers nearby, along with other unusual animals, but no signs of humans, at least not at first. Eventually, however, we come across a ruin in the jungles, built in an unfamiliar style.;;;;;;;;;;;;;x
EVTDESCB_SOH_12939;I lead the soldiers into the jungle, and we make fairly good progress each day. The scouts report strange spotted tigers nearby, along with other unusual animals, but no signs of humans, at least not at first. Eventually, however, we come across a ruin in the jungles, built in an unfamiliar style.;;;;;;;;;;;;;x
EVTOPTA_SOH_12939;There are humans here somewhere!;;;;;;;;;;;;;x
EVTTITLE_SOH_12940;The City on the Lake;;;;;;;;;;;;;x
EVTDESCA_SOH_12940;Making our way inland we find ourselves needing to cross over rough terrain, which takes quite some time but seems worthwhile as we keep encountering signs of other humans. Having reached the summit of one particular mountain, two unexpected things are discovered.\nThe first is a massive city in the valley below, built in the middle of a large lake. From this distance, it is hard to guess how large the population might be, but it has to be significantly in excess of our numbers.\nThe second, far more concerning, sight is a small altar of stone, covered in dried blood and decorated with carvings that make it very clear the sacrifices were not animals.;;;;;;;;;;;;;x
EVTDESCB_SOH_12940;Making our way inland we find ourselves needing to cross over rough terrain, which takes quite some time but seems worthwhile as we keep encountering signs of other humans. Having reached the summit of one particular mountain, two unexpected things are discovered.\nThe first is a massive city in the valley below, built in the middle of a large lake. From this distance, it is hard to guess how large the population might be, but it has to be significantly in excess of our numbers.\nThe second, far more concerning, sight is a small altar of stone, covered in dried blood and decorated with carvings that make it very clear the sacrifices were not animals.;;;;;;;;;;;;;x
EVTOPTA_SOH_12940;Back to the ships! Now!;;;;;;;;;;;;;x
EVTDESCA_SOH_12941;The jungle has been quiet since we set out this morning. Too quiet, in fact. Just as I realize this, a hail of obsidian-tipped arrows comes flying towards us, just before a number of shapes wielding large clubs emerge from the bushes and charge.;;;;;;;;;;;;;x
EVTDESCB_SOH_12941;The jungle has been quiet since we set out this morning. Too quiet, in fact. Just as I realize this, a hail of obsidian-tipped arrows comes flying towards us, just before a number of shapes wielding large clubs emerge from the bushes and charge.;;;;;;;;;;;;;x
EVTOPTA_SOH_12941;To arms!;;;;;;;;;;;;;x
EVTDESCA_SOH_12942;The attackers fight fiercely, and many fall before them, but our steel is strong and the enemy seems very confused by our horses. In the end, we triumph, and only a handful of the enemy warriors manage to escape with their lives.;;;;;;;;;;;;;x
EVTDESCB_SOH_12942;The attackers fight fiercely, and many fall before them, but our steel is strong and the enemy seems very confused by our horses. In the end, we triumph, and only a handful of the enemy warriors manage to escape with their lives.;;;;;;;;;;;;;x
EVTOPTA_SOH_12942;The ships are near. We should depart at once!;;;;;;;;;;;;;x
EVTDESCA_SOH_12943;The attackers fight fiercely, and though they seem a bit confused by our horses and wield wooden and obsidian weapons rather than ones made from steel they have the numbers to prevail. I and the other survivors are tied up and marched back to the city on the lake, where we are brought to a massive stone pyramid and the obsidian knives of the priests.;;;;;;;;;;;;;x
EVTDESCB_SOH_12943;The attackers fight fiercely, and though they seem a bit confused by our horses and wield wooden and obsidian weapons rather than ones made from steel they have the numbers to prevail. I and the other survivors are tied up and marched back to the city on the lake, where we are brought to a massive stone pyramid and the obsidian knives of the priests.;;;;;;;;;;;;;x
EVTOPTA_SOH_12943;No! This cannot be how it ends!;;;;;;;;;;;;;x
EVTDESC_SOH_12944;The expedition that was meant to reach Mount Penglai has returned without [From.GetBestName] or many of the others that departed. If the stories I have heard are to be believed, they made landfall on a continent far to the east and headed inland. Only a handful of survivors returned to the ships, carrying tales of human sacrifices and demonic rituals.;;;;;;;;;;;;;x
EVTOPTA_SOH_12944;A dreadful end!;;;;;;;;;;;;;x
EVTDESC_SOH_12945;The expedition that was meant to reach Mount Penglai has returned without [From.GetBestName] or many of the others that departed. If the stories I have heard are to be believed, they made landfall on a continent far to the east and headed inland. Only a handful of survivors returned to the ships, carrying tales of human sacrifices and demonic rituals.;;;;;;;;;;;;;x
EVTOPTA_SOH_12945;A dreadful end!;;;;;;;;;;;;;x
EVTDESC_SOH_12946;The expedition that was meant to reach Mount Penglai has returned without [From.GetBestName] or many of the others that departed. If the stories I have heard are to be believed, they made landfall on a continent far to the east and headed inland. Only a handful of survivors returned to the ships, carrying tales of human sacrifices and demonic rituals.;;;;;;;;;;;;;x
EVTOPTA_SOH_12946;A dreadful end!;;;;;;;;;;;;;x
EVTTITLE_SOH_12947;A Harsh and Unforgiving Land;;;;;;;;;;;;;x
EVTDESCA_SOH_12947;The expedition has finally made landfall on a previously unknown island far to the east. Unfortunately, it does not seem to be Mount Penglai.\nThere is a mountain found some distance inland, to be sure, but the island as a whole is in the grip of winter, and it seems most inhospitable. Something also seems to be stirring in the air, though what that might be is hard to say.\nThe general consensus seems to be that we should gather what supplies we can and sail home as quickly as possible, but as I both ordered the expedition to set sail and am in command of it I have the final say.;;;;;;;;;;;;;x
EVTDESCB_SOH_12947;The expedition has finally made landfall on a previously unknown island far to the east. Unfortunately, it does not seem to be Mount Penglai.\nThere is a mountain found some distance inland, to be sure, but the island as a whole is in the grip of winter, and it seems most inhospitable. Something also seems to be stirring in the air, though what that might be is hard to say.\nThe general consensus seems to be that we should gather what supplies we can and sail home as quickly as possible, but as I am in charge of the expedition by the decree of [penglai_sender.GetBestName] I have the final say.;;;;;;;;;;;;;x
EVTOPTA_SOH_12947;We should leave as soon as we can!;;;;;;;;;;;;;x
EVTOPTB_SOH_12947;Maybe there is something worth finding here...;;;;;;;;;;;;;x
EVTDESCA_SOH_12948;An attempt is made to gather supplies, but few can be found, and whatever it is that stirs in the air it seems to make the sailors most uneasy. Not wanting a mutiny on my hands, I give the order to set sail.;;;;;;;;;;;;;x
EVTDESCB_SOH_12948;An attempt is made to gather supplies, but few can be found, and whatever it is that stirs in the air it seems to make the sailors most uneasy. Not wanting a mutiny on my hands, I give the order to set sail.;;;;;;;;;;;;;x
EVTOPTA_SOH_12948;This was all a waste of time...;;;;;;;;;;;;;x
EVTDESCA_SOH_12949;Some days after the expedition started moving inland one of the older scholars requests to speak with me in private. He tells me that he now remembers reading a scroll in his youth that spoke of a land like this, a land of winter and sorrow, where souls and spirits gathered. Nothing good can come of heading further inland, he claims.;;;;;;;;;;;;;x
EVTDESCB_SOH_12949;Some days after the expedition started moving inland one of the older scholars requests to speak with me in private. He tells me that he now remembers reading a scroll in his youth that spoke of a land like this, a land of winter and sorrow, where souls and spirits gathered. Nothing good can come of heading further inland, he claims.;;;;;;;;;;;;;x
EVTOPTA_SOH_12949;You clearly speak the truth!;;;;;;;;;;;;;x
EVTOPTB_SOH_12949;Ha! I don't scare that easily!;;;;;;;;;;;;;x
EVTDESCA_SOH_12950;Though the scholar's tale is quite unusual, I am inclined to believe that the man speaks the truth. Spirits in the air would explain the unease I and the others have been feeling. I order the return to the ships and an immediate departure.;;;;;;;;;;;;;x
EVTDESCB_SOH_12950;Though the scholar's tale is quite unusual, I am inclined to believe that the man speaks the truth. Spirits in the air would explain the unease I and the others have been feeling. I order the return to the ships and an immediate departure.;;;;;;;;;;;;;x
EVTOPTA_SOH_12950;I don't think it was worth the risk...;;;;;;;;;;;;;x
EVTTITLE_SOH_12951;A Storm of Spirits;;;;;;;;;;;;;x
EVTDESCA_SOH_12951;As we near the mountain near the heart of the island the horses suddenly refuse to move any further inland, and the scholar from before repeats his warning, telling me to look up.\nI do as he asks and can clearly see the translucent shapes of humans and beasts moving with the wind towards the summit of the mountain. There is something strange about the clouds that have gathered there.\nThe rest of the party firmly refuse to continue, but I can do so on my own, if that is my wish. What lies ahead might be a great danger, or a great opportunity...;;;;;;;;;;;;;x
EVTDESCB_SOH_12951;As we near the mountain near the heart of the island the horses suddenly refuse to move any further inland, and the scholar from before repeats his warning, telling me to look up.\nI do as he asks and can clearly see the translucent shapes of humans and beasts moving with the wind towards the summit of the mountain. There is something strange about the clouds that have gathered there.\nThe rest of the party firmly refuse to continue, but I can do so on my own, if that is my wish. What lies ahead might be a great danger, or a great opportunity...;;;;;;;;;;;;;x
EVTOPTA_SOH_12951;This isn't right...;;;;;;;;;;;;;x
EVTOPTB_SOH_12951;Such power...;;;;;;;;;;;;;x
EVTDESCA_SOH_12952;Though I dismissed his words the first time, now that I have seen the spirits with my own eyes I see no reason to doubt the wisdom of the ancient scholar. We return to the ships without delay and depart as quickly as we can. The air seems more pleasant the further we get from the mountain.;;;;;;;;;;;;;x
EVTDESCB_SOH_12952;Though I dismissed his words the first time, now that I have seen the spirits with my own eyes I see no reason to doubt the wisdom of the ancient scholar. We return to the ships without delay and depart as quickly as we can. The air seems more pleasant the further we get from the mountain.;;;;;;;;;;;;;x
EVTOPTA_SOH_12952;It was not going to end well...;;;;;;;;;;;;;x
EVTDESCA_SOH_12953;I continue forward, ascending the mountain without my fearful companions. The spirits do not seem very inviting, but I press on. Then, right as I reach the summit, it all goes wrong. Without warning, the spirits come flying towards me, evading my attempts to fend them off. Terrible visions fill my mind. I cannot bear it. I CANNOT BEAR IT!;;;;;;;;;;;;;x
EVTDESCB_SOH_12953;I continue forward, ascending the mountain without my fearful companions. The spirits do not seem very inviting, but I press on. Then, right as I reach the summit, it all goes wrong. Without warning, the spirits come flying towards me, evading my attempts to fend them off. Terrible visions fill my mind. I cannot bear it. I CANNOT BEAR IT!;;;;;;;;;;;;;x
EVTOPTA_SOH_12953;TOO MUCH! TOO MUCH!;;;;;;;;;;;;;x
EVTDESC_SOH_12954;The expedition sent to find Mount Penglai has returned. According to the ancient scholar who seems to have taken upon himself to speak for the expedition in the absence of [From.GetBestName], the leader of the expedition died after unwisely trying to approach a great number of powerful and irate spirits on some unknown island.;;;;;;;;;;;;;x
EVTOPTA_SOH_12954;[From.GetSheHeCap] should have heeded the warnings...;;;;;;;;;;;;;x
EVTDESC_SOH_12955;The expedition sent to find Mount Penglai has returned. According to the ancient scholar who seems to have taken upon himself to speak for the expedition in the absence of [From.GetBestName], the leader of the expedition died after unwisely trying to approach a great number of powerful and irate spirits on some unknown island.;;;;;;;;;;;;;x
EVTOPTA_SOH_12955;[From.GetSheHeCap] should have heeded the warnings...;;;;;;;;;;;;;x
EVTDESC_SOH_12956;The expedition sent to find Mount Penglai has returned. According to the ancient scholar who seems to have taken upon himself to speak for the expedition in the absence of [From.GetBestName], the leader of the expedition died after unwisely trying to approach a great number of powerful and irate spirits on some unknown island.;;;;;;;;;;;;;x
EVTOPTA_SOH_12956;[From.GetSheHeCap] should have heeded the warnings...;;;;;;;;;;;;;x
EVTDESCA_SOH_12957;I continue forward, ascending the mountain without my fearful companions. The spirits do not seem very inviting, but I press on. Then, right as I reach the summit, something changes. A few of the spirits rush towards me in a manner that seems rather friendly. They pass through me, and within moments I can hear their voices in my head. They are there to stay.;;;;;;;;;;;;;x
EVTDESCB_SOH_12957;I continue forward, ascending the mountain without my fearful companions. The spirits do not seem very inviting, but I press on. Then, right as I reach the summit, something changes. A few of the spirits rush towards me in a manner that seems rather friendly. They pass through me, and within moments I can hear their voices in my head. They are there to stay.;;;;;;;;;;;;;x
EVTOPTA_SOH_12957;They are within me now...;;;;;;;;;;;;;x
EVTDESCA_SOH_12958;I continue forward, ascending the mountain without my fearful companions. The spirits do not seem very inviting, but I press on. Then, right as I reach the summit, something changes. All of the spirits rush towards me, striking my body from different angles. They speak to me, and I understand. A mind is a small price to pay for eternal life.;;;;;;;;;;;;;x
EVTDESCB_SOH_12958;I continue forward, ascending the mountain without my fearful companions. The spirits do not seem very inviting, but I press on. Then, right as I reach the summit, something changes. All of the spirits rush towards me, striking my body from different angles. They speak to me, and I understand. A mind is a small price to pay for eternal life.;;;;;;;;;;;;;x
EVTOPTA_SOH_12958;They will always be with me!;;;;;;;;;;;;;x
EVTDESCA_SOH_12959;A great bank of mist lies in the path of the expedition's ships. Given the state of our supplies and the fact that we have not seen any signs of land nearby, we either have to risk running into reefs hidden by the mist and whatever lies beyond or have to turn back home in failure.;;;;;;;;;;;;;x
EVTDESCB_SOH_12959;A great bank of mist lies in the path of the expedition's ships. Given the state of our supplies and the fact that we have not seen any signs of land nearby, we either have to risk running into reefs hidden by the mist and whatever lies beyond or have to turn back home in failure.;;;;;;;;;;;;;x
EVTOPTA_SOH_12959;Turn us around! We head back home!;;;;;;;;;;;;;x
EVTOPTB_SOH_12959;We must press on!;;;;;;;;;;;;;x
EVTDESCA_SOH_12960;As the mist disappears beyond the horizon behind us I find myself looking back towards it. Whatever it was, it did not seem entirely natural. Perhaps it hid something of great value, or perhaps it hid something that would have been the death of everyone aboard the expedition's ships.;;;;;;;;;;;;;x
EVTDESCB_SOH_12960;As the mist disappears beyond the horizon behind us I find myself looking back towards it. Whatever it was, it did not seem entirely natural. Perhaps it hid something of great value, or perhaps it hid something that would have been the death of everyone aboard the expedition's ships.;;;;;;;;;;;;;x
EVTOPTA_SOH_12960;I guess I will never know...;;;;;;;;;;;;;x
EVTTITLE_SOH_12961;Remnants of the Past;;;;;;;;;;;;;x
EVTDESCA_SOH_12961;Despite the misgivings of many of the sailors aboard I give the order to continue into the mist. The passage takes a long time, with visibility being reduced to such an extent that it is all but impossible to see across the ship. When we come out the other side, however, the sight that awaits us is not what I had expected.\nAn island lies dead ahead, with a majestic mountain at its heart. On the beach ahead, many shipwrecks can be seen, and some of the sailors cry out in despair before the lookouts manage to read the ancient seal script on one of the tattered banners: "Qin".\nWhile it could be a mere coincidence, Qin Shi Huangdi sent several expeditions to find Mount Penglai, one of which never returned...;;;;;;;;;;;;;x
EVTDESCB_SOH_12961;Despite the misgivings of many of the sailors aboard I give the order to continue into the mist. The passage takes a long time, with visibility being reduced to such an extent that it is all but impossible to see across the ship. When we come out the other side, however, the sight that awaits us is not what I had expected.\nAn island lies dead ahead, with a majestic mountain at its heart. On the beach ahead, many shipwrecks can be seen, and some of the sailors cry out in despair before the lookouts manage to read the ancient seal script on one of the tattered banners: "Qin".\nWhile it could be a mere coincidence, Qin Shi Huangdi sent several expeditions to find Mount Penglai, one of which never returned...;;;;;;;;;;;;;x
EVTOPTA_SOH_12961;They got there, and now we have as well!;;;;;;;;;;;;;x
EVTDESCA_SOH_12962;Though I am eager to set off for the mountain I take the time to give those that will be staying behind detailed instructions as to how they should resupply the ships in my absence. Then, with a small party of those I have deemed most likely to not cause offense, I set off for the mountain.;;;;;;;;;;;;;x
EVTDESCB_SOH_12962;Though I am eager to set off for the mountain I take the time to give those that will be staying behind detailed instructions as to how they should resupply the ships in my absence. Then, with a small party of those I have deemed most likely to not cause offense, I set off for the mountain.;;;;;;;;;;;;;x
EVTOPTA_SOH_12962;We must reach the summit!;;;;;;;;;;;;;x
EVTDESCA_SOH_12963;As we reach the base of the mountain we discover the first indisputable signs of other humans since the shipwrecks. A massive staircase wide enough for a hundred [Root.GetMenWomen] has been carved into the side of the mountain, reaching towards the summit. It does not look as if it goes the whole way to the top, but it will certainly make the ascent more smooth.;;;;;;;;;;;;;x
EVTDESCB_SOH_12963;As we reach the base of the mountain we discover the first indisputable signs of other humans since the shipwrecks. A massive staircase wide enough for a hundred [Root.GetMenWomen] has been carved into the side of the mountain, reaching towards the summit. It does not look as if it goes the whole way to the top, but it will certainly make the ascent more smooth.;;;;;;;;;;;;;x
EVTOPTA_SOH_12963;We'll head up at once!;;;;;;;;;;;;;x
EVTTITLE_SOH_12964;The Jade-Armored Maidens;;;;;;;;;;;;;x
EVTDESCA_SOH_12964;Having ascended the mountain with the help of a number of wide staircases and windling paths between them I and my party find ourselves in front of a set of gates that seem to lead towards a lush garden, judging by the treets that can be glimpsed over the top of the wall. We continue towards them, between ranks of ornately carved statues of green jade.\n"Halt!" a voice suddenly calls out as the statues flanking the path suddenly start to move. Looking at them more closely, I can see that what I thought was a bunch of statues instead are beautiful women armored and armed with jade.\n"Who approaches the summit of Mount Penglai?" the speaker demands, stepping up in front of the gates.;;;;;;;;;;;;;x
EVTDESCB_SOH_12964;Having ascended the mountain with the help of a number of wide staircases and windling paths between them I and my party find ourselves in front of a set of gates that seem to lead towards a lush garden, judging by the treets that can be glimpsed over the top of the wall. We continue towards them, between ranks of ornately carved statues of green jade.\n"Halt!" a voice suddenly calls out as the statues flanking the path suddenly start to move. Looking at them more closely, I can see that what I thought was a bunch of statues instead are beautiful women armored and armed with jade.\n"Who approaches the summit of Mount Penglai?" the speaker demands, stepping up in front of the gates.;;;;;;;;;;;;;x
EVTOPTA_SOH_12964;A humble traveller requesting an audience with the Immortals!;;;;;;;;;;;;;x
EVTDESCA_SOH_12965;"I think not," the speaker replies. "My masters know all about you, [Root.GetBestName], and they do not condone your quest for immortality. Leave now, before this has to end in bloodshed."\nIt is clear to me that attempting to press the issue would be most unwise.;;;;;;;;;;;;;x
EVTDESCB_SOH_12965;"I think not," the speaker replies. "My masters know all about you, [Root.GetBestName], and your mission from [penglai_sender.GetBestName]. Leave now, before this has to end in bloodshed."\nIt is clear to me that attempting to press the issue would be most unwise.;;;;;;;;;;;;;x
EVTOPTA_SOH_12965;Fine! We'll head home!;;;;;;;;;;;;;x
EVTDESCA_SOH_12966;"My masters have been expecting you, [Root.GetBestName]," the speaker replies. "They are intrigued by your quest for immortality, and have left instructions for me to grant you entry."\nShe gestures towards some of her companions, who move to open the gate.;;;;;;;;;;;;;x
EVTDESCB_SOH_12966;"My masters have been expecting you, [Root.GetBestName]," the speaker replies. "They are intrigued by [penglai_sender.GetBestName]'s quest for immortality, and have left instructions for me to grant you entry."\nShe gestures towards some of her companions, who move to open the gate.;;;;;;;;;;;;;x
EVTOPTA_SOH_12966;So far, so good...;;;;;;;;;;;;;x
EVTTITLE_SOH_12967;An Audience with the Immortals;;;;;;;;;;;;;x
EVTDESCA_SOH_12967;My companions are asked to remain outside while I am permitted inside. I am led through the massive garden found inside the walls, past blooming flowers and peach trees with uncountable fruits. Here and there I spot a number of young men, dressed in robes fit for officials in an era long gone. They appear to be in the middle of doing calligraphy.\nOn the other side of the garden a group of men and women await me. Though most of them appear quite young at first glance, there is a sense of ancient wisdom coming off of them, along with some kind of innate power.\nOne of them, a [Root.GetManWoman], steps forward and bids me welcome, asking me to tell [Root.GetHerHim] why I have come.;;;;;;;;;;;;;x
EVTDESCB_SOH_12967;My companions are asked to remain outside while I am permitted inside. I am led through the massive garden found inside the walls, past blooming flowers and peach trees with uncountable fruits. Here and there I spot a number of young men, dressed in robes fit for officials in an era long gone. They appear to be in the middle of doing calligraphy.\nOn the other side of the garden a group of men and women await me. Though most of them appear quite young at first glance, there is a sense of ancient wisdom coming off of them, along with some kind of innate power.\nOne of them, a [Root.GetManWoman], steps forward and bids me welcome, asking me to tell [Root.GetHerHim] why I have come.;;;;;;;;;;;;;x
EVTOPTA_SOH_12967;I desire a Peach of Immortality!;;;;;;;;;;;;;x
EVTOPTB_SOH_12967;I desire a Peach of Immortality for [penglai_sender.GetBestName]!;;;;;;;;;;;;;x
EVTDESCA_SOH_12968;"Many come here, asking for such a boon," the [Root.GetManWoman] replies. "Of all those that have come in recent centuries, I can think of none more worthy than you. You may take any one of the Peaches of Immortality that grow on the trees here and consume it. After you have done that, I think a small celebration would be in order.";;;;;;;;;;;;;x
EVTDESCB_SOH_12968;"Many come here, asking for such a boon," the [Root.GetManWoman] replies. "[penglai_sender.GetBestName] truly deserves one. You may take any one of the Peaches of Immortality that grow on the trees here with you when departing. Before then, however, I think a small celebration would be in order.";;;;;;;;;;;;;x
EVTOPTA_SOH_12968;I knew my quest would succeed!;;;;;;;;;;;;;x
EVTOPTB_SOH_12968;[penglai_sender.GetBestName] doesn't need to know about this...;;;;;;;;;;;;;x
EVTOPTC_SOH_12968;We must return with this at once!;;;;;;;;;;;;;x
EVTDESCA_SOH_12969;"Many come here, asking for such a boon," the [Root.GetManWoman] replies. "You are not worthy of it. The Immortals of Mount Penglai do not wish to assist your quest for eternal life. Go now. Leave this place!";;;;;;;;;;;;;x
EVTDESCB_SOH_12969;"Many come here, asking for such a boon," the [Root.GetManWoman] replies. "[penglai_sender.GetBestName] is not worthy of it. The Immortals of Mount Penglai do not wish to assist [penglai_sender.GetHerHis] quest for eternal life. Go now. Leave this place!";;;;;;;;;;;;;x
EVTOPTA_SOH_12969;But I deserve a Peach!;;;;;;;;;;;;;x
EVTOPTB_SOH_12969;[penglai_sender.GetSheHeCap] will be disappointed...;;;;;;;;;;;;;x
EVTDESC_SOH_12971;The expedition was not able to return home in the manner it intended to, but it is still safe to say that it is over.;;;;;;;;;;;;;x
EVTOPTA_SOH_12971;Well, that's that...;;;;;;;;;;;;;x
EVTDESC_SOH_12972;[penglai_sender.GetBestName] is in no position to consume the Peach of Immortality that I have brought back for [penglai_sender.GetHerHim].;;;;;;;;;;;;;x
EVTOPTA_SOH_12972;In that case, I suppose I shall eat it myself!;;;;;;;;;;;;;x
EVTDESC_SOH_12973;[From.GetBestName] has returned from the expedition to Mount Penglai, though circumstances prevented [From.GetHerHim] from returning in the fashion that would have been expected.;;;;;;;;;;;;;x
EVTOPTA_SOH_12973;I see...;;;;;;;;;;;;;x
EVTDESC_SOH_12974;[From.GetBestName] has returned from the expedition to Mount Penglai, though circumstances prevented [From.GetHerHim] from returning in the fashion that would have been expected.;;;;;;;;;;;;;x
EVTOPTA_SOH_12974;I see...;;;;;;;;;;;;;x
EVTDESC_SOH_12975;[From.GetBestName] has returned from the expedition to Mount Penglai, though circumstances prevented [From.GetHerHim] from returning in the fashion that would have been expected.;;;;;;;;;;;;;x
EVTOPTA_SOH_12975;I see...;;;;;;;;;;;;;x
EVTDESC_SOH_12976;[penglai_liege.GetBestName] is off on [penglai_liege.GetHerHis] foolish quest to reach Mount Penglai, leaving [penglai_liege.GetHerHis] realm to suffer in [penglai_liege.GetHerHis] absence. When [penglai_liege.GetSheHe] returns in disgrace, perhaps it is time for me to claim my independence, along with that of any other vassal that would stand with me...;;;;;;;;;;;;;x
EVTOPTA_SOH_12976;Someone like this is not fit to rule over us!;;;;;;;;;;;;;x
EVTOPTB_SOH_12976;Actually, this is a bad idea...;;;;;;;;;;;;;x
EVTDESC_SOH_12977;[Root.GetBestName]\nI write to you now that [penglai_liege.GetBestName] has abandoned us. A [penglai_liege.GetTitle] that chases after legends is a poor ruler, and perhaps it would be to both of our benefit to demand our independence when [penglai_liege.GetSheHe] returns in disgrace...\n\nBy my hand and seal,\n[From.GetBestName];;;;;;;;;;;;;x
EVTOPTA_SOH_12977;A commendable initiative!;;;;;;;;;;;;;x
EVTOPTB_SOH_12977;I want nothing to do with this!;;;;;;;;;;;;;x
EVTDESC_SOH_12978;[Root.GetBestName]\nAssuming [penglai_liege.GetBestName] does indeed fail to gain eternal life and returns in disgrace, I do indeed believe I shall fight alongside you to ensure both our freedom.\n\nBy my hand and seal,\n[From.GetBestName];;;;;;;;;;;;;x
EVTOPTA_SOH_12978;Good to hear!;;;;;;;;;;;;;x
EVTDESC_SOH_12979;[Root.GetBestName]\nRegardless of whether [penglai_liege.GetBestName] returns in disgrace or not [penglai_liege.GetSheHe] is still our rightful liege, and I will not join you in your attempts to tear the realm asunder.\n\nBy my hand and seal,\n[From.GetBestName];;;;;;;;;;;;;x
EVTOPTA_SOH_12979;A foolish sentiment!;;;;;;;;;;;;;x
EVTDESC_SOH_12980;I have returned home at last. Seeing as I have not gained eternal life it is clear that everyone will consider the expedition a complete and utter failure.;;;;;;;;;;;;;x
EVTOPTA_SOH_12980;I return in disgrace...;;;;;;;;;;;;;x
EVTDESC_SOH_12981;[From.GetBestName] has returned in disgrace. If the sailors that returned with [From.GetHerHim] are to be believed, [From.GetSheHe] had the ships turn back without warning one day, suggesting cowardice rather than a proper reason.;;;;;;;;;;;;;x
EVTOPTA_SOH_12981;[From.GetHerHisCap] reign will not be eternal, then...;;;;;;;;;;;;;x
EVTDESC_SOH_12982;[From.GetBestName] has returned in disgrace. If the sailors that returned with [From.GetHerHim] are to be believed, [From.GetSheHe] had the ships turn back without warning one day, suggesting cowardice rather than a proper reason. If I want to set my plan in motion, now would be the time...;;;;;;;;;;;;;x
EVTOPTA_SOH_12982;[From.GetSheHeCap] is no longer worthy of our allegiance!;;;;;;;;;;;;;x
EVTOPTB_SOH_12982;I don't have enough support...;;;;;;;;;;;;;x
EVTDESC_SOH_12983;I have returned home at last. Seeing as I have not gained eternal life it is clear that everyone will consider the expedition a complete and utter failure.;;;;;;;;;;;;;x
EVTOPTA_SOH_12983;I return in disgrace...;;;;;;;;;;;;;x
EVTDESC_SOH_12984;[From.GetBestName] has returned in disgrace. If the sailors that returned with [From.GetHerHim] are to be believed, the order to turn back was given as a result of supplies running low and there being no land in sight.;;;;;;;;;;;;;x
EVTOPTA_SOH_12984;[From.GetHerHisCap] reign will not be eternal, then...;;;;;;;;;;;;;x
EVTDESC_SOH_12985;[From.GetBestName] has returned in disgrace. If the sailors that returned with [From.GetHerHim] are to be believed, the order to turn back was given as a result of supplies running low and there being no land in sight. If I want to set my plan in motion, now would be the time...;;;;;;;;;;;;;x
EVTOPTA_SOH_12985;[From.GetSheHeCap] is no longer worthy of our allegiance!;;;;;;;;;;;;;x
EVTOPTB_SOH_12985;I don't have enough support...;;;;;;;;;;;;;x
EVTDESC_SOH_12986;I have returned home at last. Seeing as I have not gained eternal life it is clear that everyone will consider the expedition a complete and utter failure.;;;;;;;;;;;;;x
EVTOPTA_SOH_12986;I return in disgrace...;;;;;;;;;;;;;x
EVTDESC_SOH_12987;[From.GetBestName] has returned in disgrace. If the sailors that returned with [From.GetHerHim] are to be believed, there was a massive storm that forced the fleet to turn back, though some suggest that it would have been possible to pass through it.;;;;;;;;;;;;;x
EVTOPTA_SOH_12987;[From.GetHerHisCap] reign will not be eternal, then...;;;;;;;;;;;;;x
EVTDESC_SOH_12988;[From.GetBestName] has returned in disgrace. If the sailors that returned with [From.GetHerHim] are to be believed, there was a massive storm that forced the fleet to turn back, though some suggest that it would have been possible to pass through it. If I want to set my plan in motion, now would be the time...;;;;;;;;;;;;;x
EVTOPTA_SOH_12988;[From.GetSheHeCap] is no longer worthy of our allegiance!;;;;;;;;;;;;;x
EVTOPTB_SOH_12988;I don't have enough support...;;;;;;;;;;;;;x
EVTDESC_SOH_12989;I have returned home at last. Seeing as I have not gained eternal life it is clear that everyone will consider the expedition a complete and utter failure.;;;;;;;;;;;;;x
EVTOPTA_SOH_12989;I return in disgrace...;;;;;;;;;;;;;x
EVTDESC_SOH_12990;[From.GetBestName] has returned in disgrace. If the sailors that returned with [From.GetHerHim] are to be believed, the decision to turn back was made after the waters became full of sharks, which many perceived as a bad omen.;;;;;;;;;;;;;x
EVTOPTA_SOH_12990;[From.GetHerHisCap] reign will not be eternal, then...;;;;;;;;;;;;;x
EVTDESC_SOH_12991;[From.GetBestName] has returned in disgrace. If the sailors that returned with [From.GetHerHim] are to be believed, the decision to turn back was made after the waters became full of sharks, which many perceived as a bad omen. If I want to set my plan in motion, now would be the time...;;;;;;;;;;;;;x
EVTOPTA_SOH_12991;[From.GetSheHeCap] is no longer worthy of our allegiance!;;;;;;;;;;;;;x
EVTOPTB_SOH_12991;I don't have enough support...;;;;;;;;;;;;;x
EVTDESC_SOH_12992;I have returned home at last. Seeing as I have not gained eternal life it is clear that everyone will consider the expedition a complete and utter failure.;;;;;;;;;;;;;x
EVTOPTA_SOH_12992;I return in disgrace...;;;;;;;;;;;;;x
EVTDESC_SOH_12993;[From.GetBestName] has returned in disgrace. If the sailors that returned with [From.GetHerHim] are to be believed, they found an island with a mountain on it, but it did not turn out to be Mount Penglai.;;;;;;;;;;;;;x
EVTOPTA_SOH_12993;[From.GetHerHisCap] reign will not be eternal, then...;;;;;;;;;;;;;x
EVTDESC_SOH_12994;[From.GetBestName] has returned in disgrace. If the sailors that returned with [From.GetHerHim] are to be believed, they found an island with a mountain on it, but it did not turn out to be Mount Penglai. If I want to set my plan in motion, now would be the time...;;;;;;;;;;;;;x
EVTOPTA_SOH_12994;[From.GetSheHeCap] is no longer worthy of our allegiance!;;;;;;;;;;;;;x
EVTOPTB_SOH_12994;I don't have enough support...;;;;;;;;;;;;;x
EVTDESC_SOH_12995;I have returned home at last. Seeing as I have not gained eternal life it is clear that everyone will consider the expedition a complete and utter failure.;;;;;;;;;;;;;x
EVTOPTA_SOH_12995;I return in disgrace...;;;;;;;;;;;;;x
EVTDESC_SOH_12996;[From.GetBestName] has returned in disgrace. If the sailors that returned with [From.GetHerHim] are to be believed, [From.GetBestName] had to order a hasty retreat after a volcano erupted on an island where they had made landfall.;;;;;;;;;;;;;x
EVTOPTA_SOH_12996;[From.GetHerHisCap] reign will not be eternal, then...;;;;;;;;;;;;;x
EVTDESC_SOH_12997;[From.GetBestName] has returned in disgrace. If the sailors that returned with [From.GetHerHim] are to be believed, [From.GetBestName] had to order a hasty retreat after a volcano erupted on an island twhere hey had made landfall. If I want to set my plan in motion, now would be the time...;;;;;;;;;;;;;x
EVTOPTA_SOH_12997;[From.GetSheHeCap] is no longer worthy of our allegiance!;;;;;;;;;;;;;x
EVTOPTB_SOH_12997;I don't have enough support...;;;;;;;;;;;;;x
EVTDESC_SOH_12998;I have returned home at last. Seeing as I have not gained eternal life it is clear that everyone will consider the expedition a complete and utter failure.;;;;;;;;;;;;;x
EVTOPTA_SOH_12998;I return in disgrace...;;;;;;;;;;;;;x
EVTDESC_SOH_12999;[From.GetBestName] has returned in disgrace. If the sailors that returned with [From.GetHerHim] are to be believed, they discovered an island in the middle of a civil war, with [From.GetBestName] opting not to get involved in local affairs.;;;;;;;;;;;;;x
EVTOPTA_SOH_12999;[From.GetHerHisCap] reign will not be eternal, then...;;;;;;;;;;;;;x
EVTDESC_SOH_13000;[From.GetBestName] has returned in disgrace. If the sailors that returned with [From.GetHerHim] are to be believed, they discovered an island in the middle of a civil war, with [From.GetBestName] opting not to get involved in local affairs. If I want to set my plan in motion, now would be the time...;;;;;;;;;;;;;x
EVTOPTA_SOH_13000;[From.GetSheHeCap] is no longer worthy of our allegiance!;;;;;;;;;;;;;x
EVTOPTB_SOH_13000;I don't have enough support...;;;;;;;;;;;;;x
EVTDESC_SOH_13001;I have returned home at last. Seeing as I have not gained eternal life it is clear that everyone will consider the expedition a complete and utter failure.;;;;;;;;;;;;;x
EVTOPTA_SOH_13001;I return in disgrace...;;;;;;;;;;;;;x
EVTDESC_SOH_13002;[From.GetBestName] has returned in disgrace. If the sailors that returned with [From.GetHerHim] are to be believed, they discovered an island in the middle of a civil war and ensured the victory of one of the claimants, who thanked them and sent them on their way.;;;;;;;;;;;;;x
EVTOPTA_SOH_13002;[From.GetHerHisCap] reign will not be eternal, then...;;;;;;;;;;;;;x
EVTDESC_SOH_13003;[From.GetBestName] has returned in disgrace. If the sailors that returned with [From.GetHerHim] are to be believed, they discovered an island in the middle of a civil war and ensured the victory of one of the claimants, who thanked them and sent them on their way. If I want to set my plan in motion, now would be the time...;;;;;;;;;;;;;x
EVTOPTA_SOH_13003;[From.GetSheHeCap] is no longer worthy of our allegiance!;;;;;;;;;;;;;x
EVTOPTB_SOH_13003;I don't have enough support...;;;;;;;;;;;;;x
EVTDESC_SOH_13004;I have returned home at last. Seeing as I have not gained eternal life it is clear that everyone will consider the expedition a complete and utter failure.;;;;;;;;;;;;;x
EVTOPTA_SOH_13004;I return in disgrace...;;;;;;;;;;;;;x
EVTDESC_SOH_13005;[From.GetBestName] has returned in disgrace. If the sailors that returned with [From.GetHerHim] are to be believed, they discovered an island in the middle of a civil war and attempted to remain neutral, only for the victor to order them to leave her shores.;;;;;;;;;;;;;x
EVTOPTA_SOH_13005;[From.GetHerHisCap] reign will not be eternal, then...;;;;;;;;;;;;;x
EVTDESC_SOH_13006;[From.GetBestName] has returned in disgrace. If the sailors that returned with [From.GetHerHim] are to be believed, they discovered an island in the middle of a civil war and attempted to remain neutral, only for the victor to order them to leave her shores. If I want to set my plan in motion, now would be the time...;;;;;;;;;;;;;x
EVTOPTA_SOH_13006;[From.GetSheHeCap] is no longer worthy of our allegiance!;;;;;;;;;;;;;x
EVTOPTB_SOH_13006;I don't have enough support...;;;;;;;;;;;;;x
EVTDESC_SOH_13007;I have returned home at last. Seeing as I have not gained eternal life it is clear that everyone will consider the expedition a complete and utter failure.;;;;;;;;;;;;;x
EVTOPTA_SOH_13007;I return in disgrace...;;;;;;;;;;;;;x
EVTDESC_SOH_13008;[From.GetBestName] has returned in disgrace. If the sailors that returned with [From.GetHerHim] are to be believed, they discovered an island in the middle of a civil war and ensured the victory of one of the claimants, who thanked them and sent them on their way.;;;;;;;;;;;;;x
EVTOPTA_SOH_13008;[From.GetHerHisCap] reign will not be eternal, then...;;;;;;;;;;;;;x
EVTDESC_SOH_13009;[From.GetBestName] has returned in disgrace. If the sailors that returned with [From.GetHerHim] are to be believed, they discovered an island in the middle of a civil war and ensured the victory of one of the claimants, who thanked them and sent them on their way. If I want to set my plan in motion, now would be the time...;;;;;;;;;;;;;x
EVTOPTA_SOH_13009;[From.GetSheHeCap] is no longer worthy of our allegiance!;;;;;;;;;;;;;x
EVTOPTB_SOH_13009;I don't have enough support...;;;;;;;;;;;;;x
EVTDESC_SOH_13010;I have returned home at last. Seeing as I have not gained eternal life it is clear that everyone will consider the expedition a complete and utter failure.;;;;;;;;;;;;;x
EVTOPTA_SOH_13010;I return in disgrace...;;;;;;;;;;;;;x
EVTDESC_SOH_13011;[From.GetBestName] has returned in disgrace. If the sailors that returned with [From.GetHerHim] are to be believed, they encountered warships from an unknown realm and [From.GetBestName] made the decision not to do anything that could be perceived as hostile.;;;;;;;;;;;;;x
EVTOPTA_SOH_13011;[From.GetHerHisCap] reign will not be eternal, then...;;;;;;;;;;;;;x
EVTDESC_SOH_13012;[From.GetBestName] has returned in disgrace. If the sailors that returned with [From.GetHerHim] are to be believed, they encountered warships from an unknown realm and [From.GetBestName] made the decision not to do anything that could be perceived as hostile. If I want to set my plan in motion, now would be the time...;;;;;;;;;;;;;x
EVTOPTA_SOH_13012;[From.GetSheHeCap] is no longer worthy of our allegiance!;;;;;;;;;;;;;x
EVTOPTB_SOH_13012;I don't have enough support...;;;;;;;;;;;;;x
EVTDESC_SOH_13013;I have returned home at last. Seeing as I have not gained eternal life it is clear that everyone will consider the expedition a complete and utter failure.;;;;;;;;;;;;;x
EVTOPTA_SOH_13013;I return in disgrace...;;;;;;;;;;;;;x
EVTDESC_SOH_13014;[From.GetBestName] has returned in disgrace. If the sailors that returned with [From.GetHerHim] are to be believed, they visited a massive island containing a powerful kingdom, which they left on good terms. Regardless, it did not bring [From.GetBestName] any closer to eternal life.;;;;;;;;;;;;;x
EVTOPTA_SOH_13014;[From.GetHerHisCap] reign will not be eternal, then...;;;;;;;;;;;;;x
EVTDESC_SOH_13015;[From.GetBestName] has returned in disgrace. If the sailors that returned with [From.GetHerHim] are to be believed, they visited a massive island containing a powerful kingdom, which they left on good terms. Regardless, it did not bring [From.GetBestName] any closer to eternal life. If I want to set my plan in motion, now would be the time...;;;;;;;;;;;;;x
EVTOPTA_SOH_13015;[From.GetSheHeCap] is no longer worthy of our allegiance!;;;;;;;;;;;;;x
EVTOPTB_SOH_13015;I don't have enough support...;;;;;;;;;;;;;x
EVTDESC_SOH_13016;I have returned home at last. Seeing as I have not gained eternal life it is clear that everyone will consider the expedition a complete and utter failure.;;;;;;;;;;;;;x
EVTOPTA_SOH_13016;I return in disgrace...;;;;;;;;;;;;;x
EVTDESC_SOH_13017;[From.GetBestName] has returned in disgrace. If the sailors that returned with [From.GetHerHim] are to be believed, they visited a massive island containing a powerful kingdom, which they left on poor terms. It also did not bring [From.GetBestName] any closer to eternal life.;;;;;;;;;;;;;x
EVTOPTA_SOH_13017;[From.GetHerHisCap] reign will not be eternal, then...;;;;;;;;;;;;;x
EVTDESC_SOH_13018;[From.GetBestName] has returned in disgrace. If the sailors that returned with [From.GetHerHim] are to be believed, they visited a massive island containing a powerful kingdom, which they left on poor terms. It also it did not bring [From.GetBestName] any closer to eternal life. If I want to set my plan in motion, now would be the time...;;;;;;;;;;;;;x
EVTOPTA_SOH_13018;[From.GetSheHeCap] is no longer worthy of our allegiance!;;;;;;;;;;;;;x
EVTOPTB_SOH_13018;I don't have enough support...;;;;;;;;;;;;;x
EVTDESC_SOH_13019;I have returned home at last. Seeing as I have not gained eternal life it is clear that everyone will consider the expedition a complete and utter failure.;;;;;;;;;;;;;x
EVTOPTA_SOH_13019;I return in disgrace...;;;;;;;;;;;;;x
EVTDESC_SOH_13020;[From.GetBestName] has returned in disgrace. If the sailors that returned with [From.GetHerHim] are to be believed, they reached a strange continent in the east and resupplied there before turning back around, seeing as it clearly was not Mount Penglai.;;;;;;;;;;;;;x
EVTOPTA_SOH_13020;[From.GetHerHisCap] reign will not be eternal, then...;;;;;;;;;;;;;x
EVTDESC_SOH_13021;[From.GetBestName] has returned in disgrace. If the sailors that returned with [From.GetHerHim] are to be believed, they reached a strange continent in the east and resupplied there before turning back around, seeing as it clearly was not Mount Penglai. If I want to set my plan in motion, now would be the time...;;;;;;;;;;;;;x
EVTOPTA_SOH_13021;[From.GetSheHeCap] is no longer worthy of our allegiance!;;;;;;;;;;;;;x
EVTOPTB_SOH_13021;I don't have enough support...;;;;;;;;;;;;;x
EVTDESC_SOH_13022;I have returned home at last. Seeing as I have not gained eternal life it is clear that everyone will consider the expedition a complete and utter failure.;;;;;;;;;;;;;x
EVTOPTA_SOH_13022;I return in disgrace...;;;;;;;;;;;;;x
EVTDESC_SOH_13023;[From.GetBestName] has returned in disgrace. If the sailors that returned with [From.GetHerHim] are to be believed, they reached a strange continent in the east from which they barely escaped with their lives after being ambushed by demon-worshipping savages.;;;;;;;;;;;;;x
EVTOPTA_SOH_13023;[From.GetHerHisCap] reign will not be eternal, then...;;;;;;;;;;;;;x
EVTDESC_SOH_13024;[From.GetBestName] has returned in disgrace. If the sailors that returned with [From.GetHerHim] are to be believed, they reached a strange continent in the east from which they barely escaped with their lives after being ambushed by demon-worshipping savages. If I want to set my plan in motion, now would be the time...;;;;;;;;;;;;;x
EVTOPTA_SOH_13024;[From.GetSheHeCap] is no longer worthy of our allegiance!;;;;;;;;;;;;;x
EVTOPTB_SOH_13024;I don't have enough support...;;;;;;;;;;;;;x
EVTDESC_SOH_13025;I have returned home at last. Seeing as I have not gained eternal life it is clear that everyone will consider the expedition a complete and utter failure.;;;;;;;;;;;;;x
EVTOPTA_SOH_13025;I return in disgrace...;;;;;;;;;;;;;x
EVTDESC_SOH_13026;[From.GetBestName] has returned in disgrace. If the sailors that returned with [From.GetHerHim] are to be believed, they reached a harsh, unforgiving island that made them all feel ill at ease, from which [From.GetBestName] ordered a quick departure.;;;;;;;;;;;;;x
EVTOPTA_SOH_13026;[From.GetHerHisCap] reign will not be eternal, then...;;;;;;;;;;;;;x
EVTDESC_SOH_13027;[From.GetBestName] has returned in disgrace. If the sailors that returned with [From.GetHerHim] are to be believed, they reached a harsh, unforgiving island that made them all feel ill at ease, from which [From.GetBestName] ordered a quick departure. If I want to set my plan in motion, now would be the time...;;;;;;;;;;;;;x
EVTOPTA_SOH_13027;[From.GetSheHeCap] is no longer worthy of our allegiance!;;;;;;;;;;;;;x
EVTOPTB_SOH_13027;I don't have enough support...;;;;;;;;;;;;;x
EVTDESC_SOH_13028;I have returned home at last. Seeing as I have not gained eternal life it is clear that everyone will consider the expedition a complete and utter failure.;;;;;;;;;;;;;x
EVTOPTA_SOH_13028;I return in disgrace...;;;;;;;;;;;;;x
EVTDESC_SOH_13029;[From.GetBestName] has returned in disgrace. If the sailors that returned with [From.GetHerHim] are to be believed, they reached a harsh, unforgiving island and turned back when a scholar warned [From.GetBestName] that there were hostile spirits in the air.;;;;;;;;;;;;;x
EVTOPTA_SOH_13029;[From.GetHerHisCap] reign will not be eternal, then...;;;;;;;;;;;;;x
EVTDESC_SOH_13030;[From.GetBestName] has returned in disgrace. If the sailors that returned with [From.GetHerHim] are to be believed, they reached a harsh, unforgiving island and turned back when a scholar warned [From.GetBestName] that there were hostile spirits in the air. If I want to set my plan in motion, now would be the time...;;;;;;;;;;;;;x
EVTOPTA_SOH_13030;[From.GetSheHeCap] is no longer worthy of our allegiance!;;;;;;;;;;;;;x
EVTOPTB_SOH_13030;I don't have enough support...;;;;;;;;;;;;;x
EVTDESC_SOH_13031;I have returned home at last. Seeing as I have not gained eternal life it is clear that everyone will consider the expedition a complete and utter failure.;;;;;;;;;;;;;x
EVTOPTA_SOH_13031;I return in disgrace...;;;;;;;;;;;;;x
EVTDESC_SOH_13032;[From.GetBestName] has returned in disgrace. If the sailors that returned with [From.GetHerHim] are to be believed, they reached a harsh, unforgiving island and turned back when [From.GetBestName] beheld hostile spirits in the air.;;;;;;;;;;;;;x
EVTOPTA_SOH_13032;[From.GetHerHisCap] reign will not be eternal, then...;;;;;;;;;;;;;x
EVTDESC_SOH_13033;[From.GetBestName] has returned in disgrace. If the sailors that returned with [From.GetHerHim] are to be believed, they reached a harsh, unforgiving island and turned back when [From.GetBestName] beheld hostile spirits in the air. If I want to set my plan in motion, now would be the time...;;;;;;;;;;;;;x
EVTOPTA_SOH_13033;[From.GetSheHeCap] is no longer worthy of our allegiance!;;;;;;;;;;;;;x
EVTOPTB_SOH_13033;I don't have enough support...;;;;;;;;;;;;;x
EVTDESC_SOH_13034;I have returned home at last. Seeing as I have not gained eternal life it is clear that everyone will consider the expedition a complete and utter failure.;;;;;;;;;;;;;x
EVTOPTA_SOH_13034;I return in disgrace...;;;;;;;;;;;;;x
EVTDESC_SOH_13035;[From.GetBestName] has returned in disgrace. If the sailors that returned with [From.GetHerHim] are to be believed, [From.GetHerHis] newfound insanity stems from having met with the spirits of a harsh, unforgiving island somewhere in the east.;;;;;;;;;;;;;x
EVTOPTA_SOH_13035;[From.GetHerHisCap] reign will not be eternal, then...;;;;;;;;;;;;;x
EVTDESC_SOH_13036;[From.GetBestName] has returned in disgrace. If the sailors that returned with [From.GetHerHim] are to be believed, [From.GetHerHis] newfound insanity stems from having met with the spirits of a harsh, unforgiving island somewhere in the east. If I want to set my plan in motion, now would be the time...;;;;;;;;;;;;;x
EVTOPTA_SOH_13036;[From.GetSheHeCap] is no longer worthy of our allegiance!;;;;;;;;;;;;;x
EVTOPTB_SOH_13036;I don't have enough support...;;;;;;;;;;;;;x
EVTDESC_SOH_13037;I have returned home at last. Seeing as I have not gained eternal life it is clear that everyone will consider the expedition a complete and utter failure.;;;;;;;;;;;;;x
EVTOPTA_SOH_13037;I return in disgrace...;;;;;;;;;;;;;x
EVTDESC_SOH_13038;[From.GetBestName] has returned in disgrace. If the sailors that returned with [From.GetHerHim] are to be believed, the expedition turned back after encountering a seemingly endless stretch of mist that [From.GetBestName] believed might contain unknown dangers.;;;;;;;;;;;;;x
EVTOPTA_SOH_13038;[From.GetHerHisCap] reign will not be eternal, then...;;;;;;;;;;;;;x
EVTDESC_SOH_13039;[From.GetBestName] has returned in disgrace. If the sailors that returned with [From.GetHerHim] are to be believed, the expedition turned back after encountering a seemingly endless stretch of mist that [From.GetBestName] believed might contain unknown dangers. If I want to set my plan in motion, now would be the time...;;;;;;;;;;;;;x
EVTOPTA_SOH_13039;[From.GetSheHeCap] is no longer worthy of our allegiance!;;;;;;;;;;;;;x
EVTOPTB_SOH_13039;I don't have enough support...;;;;;;;;;;;;;x
EVTDESC_SOH_13040;I have returned home at last. Seeing as I have not gained eternal life it is clear that everyone will consider the expedition a complete and utter failure.;;;;;;;;;;;;;x
EVTOPTA_SOH_13040;I return in disgrace...;;;;;;;;;;;;;x
EVTDESC_SOH_13041;[From.GetBestName] has returned in disgrace. If the sailors that returned with [From.GetHerHim] are to be believed, the expedition actually did reach Mount Penglai, but for one reason or another [From.GetBestName] was denied a Peach of Immortality.;;;;;;;;;;;;;x
EVTOPTA_SOH_13041;[From.GetHerHisCap] reign will not be eternal, then...;;;;;;;;;;;;;x
EVTDESC_SOH_13042;[From.GetBestName] has returned in disgrace. If the sailors that returned with [From.GetHerHim] are to be believed, the expedition actually did reach Mount Penglai, but for one reason or another [From.GetBestName] was denied a Peach of Immortality. If I want to set my plan in motion, now would be the time...;;;;;;;;;;;;;x
EVTOPTA_SOH_13042;[From.GetSheHeCap] is no longer worthy of our allegiance!;;;;;;;;;;;;;x
EVTOPTB_SOH_13042;I don't have enough support...;;;;;;;;;;;;;x
EVTDESC_SOH_13043;Though we did not reach Mount Penglai, we have gained eternal life thanks to the spirits we encountered on the island to the east. That is still a successful expedition in our opinion.;;;;;;;;;;;;;x
EVTOPTA_SOH_13043;We will rule forever!;;;;;;;;;;;;;x
EVTDESC_SOH_13044;[From.GetBestName] has returned from [From.GetHerHis] expedition to find Mount Penglai. It seems [From.GetSheHe] failed to reach the island in question, but even so [From.GetSheHe] has managed to gain eternal life. If the rumours are to be believed, [From.GetSheHe] gained it courtesy of the spirits of an unknown island to the east.;;;;;;;;;;;;;x
EVTOPTA_SOH_13044;I suppose that is one way to get eternal life...;;;;;;;;;;;;;x
EVTDESC_SOH_13045;[From.GetBestName] has returned from [From.GetHerHis] expedition to find Mount Penglai, and though [From.GetSheHe] did not manage to get there [From.GetSheHe] still has gained eternal life. Everyone but me seems to consider this a success.;;;;;;;;;;;;;x
EVTOPTA_SOH_13045;But that's not the same as getting a Peach of Immortality!;;;;;;;;;;;;;x
EVTDESC_SOH_13046;Finally I have returned from Mount Penglai. Word spreads quickly following my return, revealing to the world that I truly do possess eternal life thanks to obtaining a Peach of Immortality from the Taoist Immortals.;;;;;;;;;;;;;x
EVTOPTA_SOH_13046;I will rule forever!;;;;;;;;;;;;;x
EVTDESC_SOH_13047;[From.GetBestName] has returned from [From.GetHerHis] expedition to find Mount Penglai, which was an unqualified success. [From.GetSheHeCap] did indeed reach Mount Penglai, and the Taoist Immortals dwelling there saw fit to give [From.GetHerHim] a Peach of Immortality, which [From.GetSheHe] promptly consumed.;;;;;;;;;;;;;x
EVTOPTA_SOH_13047;Ten thousand years!;;;;;;;;;;;;;x
EVTDESC_SOH_13048;[From.GetBestName] has returned from [From.GetHerHis] expedition to find Mount Penglai, which was an unqualified success. [From.GetSheHeCap] did indeed reach Mount Penglai, and the Taoist Immortals dwelling there saw fit to give [From.GetHerHim] a Peach of Immortality, which [From.GetSheHe] promptly consumed.;;;;;;;;;;;;;x
EVTOPTA_SOH_13048;No! [From.GetSheHeCap] was supposed to fail!;;;;;;;;;;;;;x
EVTDESC_SOH_13049;The expedition I departed on in the name of [penglai_sender.GetBestName] did not go as [penglai_sender.GetSheHe] had hoped, which doubtlessly will displease [penglai_sender.GetHerHim].;;;;;;;;;;;;;x
EVTOPTA_SOH_13049;I have failed!;;;;;;;;;;;;;x
EVTDESC_SOH_13050;[From.GetBestName] has returned from the expedition to retreive a Peach of Immortality from Mount Penglai for me. Sadly, [From.GetSheHe] has failed. I am told [From.GetSheHe] ordered the expedition to turn back after starting to fear for [From.GetHerHis] life.;;;;;;;;;;;;;x
EVTOPTA_SOH_13050;Perhaps I chose a poor leader...;;;;;;;;;;;;;x
EVTDESC_SOH_13051;[FromFrom.GetBestName] has returned from the expedition to retreive a Peach of Immortality from Mount Penglai for [From.GetBestName]. I am told [FromFrom.GetSheHe] ordered the expedition to turn back after starting to fear for [FromFrom.GetHerHis] life.;;;;;;;;;;;;;x
EVTOPTA_SOH_13051;I see...;;;;;;;;;;;;;x
EVTDESC_SOH_13052;The expedition I departed on in the name of [penglai_sender.GetBestName] did not go as [penglai_sender.GetSheHe] had hoped, which doubtlessly will displease [penglai_sender.GetHerHim].;;;;;;;;;;;;;x
EVTOPTA_SOH_13052;I have failed!;;;;;;;;;;;;;x
EVTDESC_SOH_13053;[From.GetBestName] has returned from the expedition to retreive a Peach of Immortality from Mount Penglai for me. Sadly, [From.GetSheHe] has failed. I am told the expedition did not find any unknown islands to the east and had to turn back due to dwindling supplies.;;;;;;;;;;;;;x
EVTOPTA_SOH_13053;Perhaps I chose a poor leader...;;;;;;;;;;;;;x
EVTDESC_SOH_13054;[FromFrom.GetBestName] has returned from the expedition to retreive a Peach of Immortality from Mount Penglai for [From.GetBestName]. I am told the expedition did not find any unknown islands to the east and had to turn back due to dwindling supplies.;;;;;;;;;;;;;x
EVTOPTA_SOH_13054;I see...;;;;;;;;;;;;;x
EVTDESC_SOH_13055;The expedition I departed on in the name of [penglai_sender.GetBestName] did not go as [penglai_sender.GetSheHe] had hoped, which doubtlessly will displease [penglai_sender.GetHerHim].;;;;;;;;;;;;;x
EVTOPTA_SOH_13055;I have failed!;;;;;;;;;;;;;x
EVTDESC_SOH_13056;[From.GetBestName] has returned from the expedition to retreive a Peach of Immortality from Mount Penglai for me. Sadly, [From.GetSheHe] has failed. I am told [From.GetSheHe] ordered the expedition to turn back after encountering a massive storm.;;;;;;;;;;;;;x
EVTOPTA_SOH_13056;Perhaps I chose a poor leader...;;;;;;;;;;;;;x
EVTDESC_SOH_13057;[FromFrom.GetBestName] has returned from the expedition to retreive a Peach of Immortality from Mount Penglai for [From.GetBestName]. I am told [FromFrom.GetSheHe] ordered the expedition to turn back after encountering a massive storm.;;;;;;;;;;;;;x
EVTOPTA_SOH_13057;I see...;;;;;;;;;;;;;x
EVTDESC_SOH_13058;The expedition I departed on in the name of [penglai_sender.GetBestName] did not go as [penglai_sender.GetSheHe] had hoped, which doubtlessly will displease [penglai_sender.GetHerHim].;;;;;;;;;;;;;x
EVTOPTA_SOH_13058;I have failed!;;;;;;;;;;;;;x
EVTDESC_SOH_13059;[From.GetBestName] has returned from the expedition to retreive a Peach of Immortality from Mount Penglai for me. Sadly, [From.GetSheHe] has failed. I am told [From.GetSheHe] ordered the expedition to turn back after encountering shark-infested waters, which were seen as a bad omen.;;;;;;;;;;;;;x
EVTOPTA_SOH_13059;Perhaps I chose a poor leader...;;;;;;;;;;;;;x
EVTDESC_SOH_13060;[FromFrom.GetBestName] has returned from the expedition to retreive a Peach of Immortality from Mount Penglai for [From.GetBestName]. I am told [FromFrom.GetSheHe] ordered the expedition to turn back after encountering shark-infested waters, which were seen as a bad omen.;;;;;;;;;;;;;x
EVTOPTA_SOH_13060;I see...;;;;;;;;;;;;;x
EVTDESC_SOH_13061;The expedition I departed on in the name of [penglai_sender.GetBestName] did not go as [penglai_sender.GetSheHe] had hoped, which doubtlessly will displease [penglai_sender.GetHerHim].;;;;;;;;;;;;;x
EVTOPTA_SOH_13061;I have failed!;;;;;;;;;;;;;x
EVTDESC_SOH_13062;[From.GetBestName] has returned from the expedition to retreive a Peach of Immortality from Mount Penglai for me. Sadly, [From.GetSheHe] has failed. I am told [From.GetSheHe] did find an island first suspected of being Mount Penglai but that there was no sign of humans living there, immortal or otherwise.;;;;;;;;;;;;;x
EVTOPTA_SOH_13062;Perhaps I chose a poor leader...;;;;;;;;;;;;;x
EVTDESC_SOH_13063;[FromFrom.GetBestName] has returned from the expedition to retreive a Peach of Immortality from Mount Penglai for [From.GetBestName]. I am told [FromFrom.GetSheHe] did find an island first suspected of being Mount Penglai but that there was no sign of humans living there, immortal or otherwise.;;;;;;;;;;;;;x
EVTOPTA_SOH_13063;I see...;;;;;;;;;;;;;x
EVTDESC_SOH_13064;The expedition I departed on in the name of [penglai_sender.GetBestName] did not go as [penglai_sender.GetSheHe] had hoped, which doubtlessly will displease [penglai_sender.GetHerHim].;;;;;;;;;;;;;x
EVTOPTA_SOH_13064;I have failed!;;;;;;;;;;;;;x
EVTDESC_SOH_13065;[From.GetBestName] has returned from the expedition to retreive a Peach of Immortality from Mount Penglai for me. Sadly, [From.GetSheHe] has failed. I am told the expedition almost was destroyed after making landfall at an island that turned out to contain an active volcano.;;;;;;;;;;;;;x
EVTOPTA_SOH_13065;Perhaps I chose a poor leader...;;;;;;;;;;;;;x
EVTDESC_SOH_13066;[FromFrom.GetBestName] has returned from the expedition to retreive a Peach of Immortality from Mount Penglai for [From.GetBestName]. I am told the expedition almost was destroyed after making landfall at an island that turned out to contain an active volcano.;;;;;;;;;;;;;x
EVTOPTA_SOH_13066;I see...;;;;;;;;;;;;;x
EVTDESC_SOH_13067;The expedition I departed on in the name of [penglai_sender.GetBestName] did not go as [penglai_sender.GetSheHe] had hoped, which doubtlessly will displease [penglai_sender.GetHerHim].;;;;;;;;;;;;;x
EVTOPTA_SOH_13067;I have failed!;;;;;;;;;;;;;x
EVTDESC_SOH_13068;[From.GetBestName] has returned from the expedition to retreive a Peach of Immortality from Mount Penglai for me. Sadly, [From.GetSheHe] has failed. I am told the expedition found an unknown island in the middle of a civil war and chose not to get involved in local affairs.;;;;;;;;;;;;;x
EVTOPTA_SOH_13068;Perhaps I chose a poor leader...;;;;;;;;;;;;;x
EVTDESC_SOH_13069;[FromFrom.GetBestName] has returned from the expedition to retreive a Peach of Immortality from Mount Penglai for [From.GetBestName]. I am told the expedition found an unknown island in the middle of a civil war and chose not to get involved in local affairs.;;;;;;;;;;;;;x
EVTOPTA_SOH_13069;I see...;;;;;;;;;;;;;x
EVTDESC_SOH_13070;The expedition I departed on in the name of [penglai_sender.GetBestName] did not go as [penglai_sender.GetSheHe] had hoped, which doubtlessly will displease [penglai_sender.GetHerHim].;;;;;;;;;;;;;x
EVTOPTA_SOH_13070;I have failed!;;;;;;;;;;;;;x
EVTDESC_SOH_13071;[From.GetBestName] has returned from the expedition to retreive a Peach of Immortality from Mount Penglai for me. Sadly, [From.GetSheHe] has failed. I am told the expedition found an unknown island in the middle of a civil war and ensured the victory of one of the claimants, who thanked them and sent them on their way.;;;;;;;;;;;;x
EVTOPTA_SOH_13071;Perhaps I chose a poor leader...;;;;;;;;;;;;;x
EVTDESC_SOH_13072;[FromFrom.GetBestName] has returned from the expedition to retreive a Peach of Immortality from Mount Penglai for [From.GetBestName]. I am told the expedition found an unknown island in the middle of a civil war and ensured the victory of one of the claimants, who thanked them and sent them on their way.;;;;;;;;;;;;x
EVTOPTA_SOH_13072;I see...;;;;;;;;;;;;;x
EVTDESC_SOH_13073;The expedition I departed on in the name of [penglai_sender.GetBestName] did not go as [penglai_sender.GetSheHe] had hoped, which doubtlessly will displease [penglai_sender.GetHerHim].;;;;;;;;;;;;;x
EVTOPTA_SOH_13073;I have failed!;;;;;;;;;;;;;x
EVTDESC_SOH_13074;[From.GetBestName] has returned from the expedition to retreive a Peach of Immortality from Mount Penglai for me. Sadly, [From.GetSheHe] has failed. I am told the expedition found an unknown island in the middle of a civil war and were told to leave by the victor due to attempting to remain neutral.;;;;;;;;;;;;;x
EVTOPTA_SOH_13074;Perhaps I chose a poor leader...;;;;;;;;;;;;;x
EVTDESC_SOH_13075;[FromFrom.GetBestName] has returned from the expedition to retreive a Peach of Immortality from Mount Penglai for [From.GetBestName]. I am told the expedition found an unknown island in the middle of a civil war and were told to leave by the victor due to attempting to remain neutral.;;;;;;;;;;;;;x
EVTOPTA_SOH_13075;I see...;;;;;;;;;;;;;x
EVTDESC_SOH_13076;The expedition I departed on in the name of [penglai_sender.GetBestName] did not go as [penglai_sender.GetSheHe] had hoped, which doubtlessly will displease [penglai_sender.GetHerHim].;;;;;;;;;;;;;x
EVTOPTA_SOH_13076;I have failed!;;;;;;;;;;;;;x
EVTDESC_SOH_13077;[From.GetBestName] has returned from the expedition to retreive a Peach of Immortality from Mount Penglai for me. Sadly, [From.GetSheHe] has failed. I am told the expedition found an unknown island in the middle of a civil war and ensured the victory of one of the claimants, who thanked them and sent them on their way.;;;;;;;;;;;;x
EVTOPTA_SOH_13077;Perhaps I chose a poor leader...;;;;;;;;;;;;;x
EVTDESC_SOH_13078;[FromFrom.GetBestName] has returned from the expedition to retreive a Peach of Immortality from Mount Penglai for [From.GetBestName]. I am told the expedition found an unknown island in the middle of a civil war and ensured the victory of one of the claimants, who thanked them and sent them on their way.;;;;;;;;;;;;x
EVTOPTA_SOH_13078;I see...;;;;;;;;;;;;;x
EVTDESC_SOH_13079;The expedition I departed on in the name of [penglai_sender.GetBestName] did not go as [penglai_sender.GetSheHe] had hoped, which doubtlessly will displease [penglai_sender.GetHerHim].;;;;;;;;;;;;;x
EVTOPTA_SOH_13079;I have failed!;;;;;;;;;;;;;x
EVTDESC_SOH_13080;[From.GetBestName] has returned from the expedition to retreive a Peach of Immortality from Mount Penglai for me. Sadly, [From.GetSheHe] has failed. I am told [From.GetSheHe] ordered the return after running into a patrol of warships belonging to an unknown empire that did not look overly kindly on those entering their waters.;;;;;;;;;;;;;x
EVTOPTA_SOH_13080;Perhaps I chose a poor leader...;;;;;;;;;;;;;x
EVTDESC_SOH_13081;[FromFrom.GetBestName] has returned from the expedition to retreive a Peach of Immortality from Mount Penglai for [From.GetBestName]. I am told [FromFrom.GetSheHe] ordered the return after running into a patrol of warships belonging to an unknown empire that did not look overly kindly on those entering their waters.;;;;;;;;;;;;;x
EVTOPTA_SOH_13081;I see...;;;;;;;;;;;;;x
EVTDESC_SOH_13082;The expedition I departed on in the name of [penglai_sender.GetBestName] did not go as [penglai_sender.GetSheHe] had hoped, which doubtlessly will displease [penglai_sender.GetHerHim].;;;;;;;;;;;;;x
EVTOPTA_SOH_13082;I have failed!;;;;;;;;;;;;;x
EVTDESC_SOH_13083;[From.GetBestName] has returned from the expedition to retreive a Peach of Immortality from Mount Penglai for me. Sadly, [From.GetSheHe] has failed. I am told the expedition visited a massive island containing a powerful realm, and [From.GetSheHe] has introduced me to one of the natives that elected to return with the expedition, who goes by the name of [atlantean.GetBestName].;;;;;;;;;;;;;x
EVTOPTA_SOH_13083;Perhaps I chose a poor leader...;;;;;;;;;;;;;x
EVTDESC_SOH_13084;[FromFrom.GetBestName] has returned from the expedition to retreive a Peach of Immortality from Mount Penglai for [From.GetBestName]. I am told the expedition visited a massive island containing a powerful realm, and [FromFrom.GetSheHe] has apparently brought one of the natives back home with [From.GetHerHim], a [atlantean.GetManWoman] by the name of [atlantean.GetBestName].;;;;;;;;;;;;;x
EVTOPTA_SOH_13084;I see...;;;;;;;;;;;;;x
EVTDESC_SOH_13085;The expedition I departed on in the name of [penglai_sender.GetBestName] did not go as [penglai_sender.GetSheHe] had hoped, which doubtlessly will displease [penglai_sender.GetHerHim].;;;;;;;;;;;;;x
EVTOPTA_SOH_13085;I have failed!;;;;;;;;;;;;;x
EVTDESC_SOH_13086;[From.GetBestName] has returned from the expedition to retreive a Peach of Immortality from Mount Penglai for me. Sadly, [From.GetSheHe] has failed. I am told the expedition visited a massive island containing a powerful realm and that the locals' initially friendly welcome soured after [From.GetBestName] elected not to bring one of the natives home with [From.GetHerHim].;;;;;;;;;;;;;x
EVTOPTA_SOH_13086;Perhaps I chose a poor leader...;;;;;;;;;;;;;x
EVTDESC_SOH_13087;[FromFrom.GetBestName] has returned from the expedition to retreive a Peach of Immortality from Mount Penglai for [From.GetBestName]. I am told the expedition visited a massive island containing a powerful realm and that the locals' initially friendly welcome soured after [FromFrom.GetBestName] elected not to bring one of the natives home with [FromFrom.GetHerHim].;;;;;;;;;;;;;x
EVTOPTA_SOH_13087;I see...;;;;;;;;;;;;;x
EVTDESC_SOH_13088;The expedition I departed on in the name of [penglai_sender.GetBestName] did not go as [penglai_sender.GetSheHe] had hoped, which doubtlessly will displease [penglai_sender.GetHerHim].;;;;;;;;;;;;;x
EVTOPTA_SOH_13088;I have failed!;;;;;;;;;;;;;x
EVTDESC_SOH_13089;[From.GetBestName] has returned from the expedition to retreive a Peach of Immortality from Mount Penglai for me. Sadly, [From.GetSheHe] has failed. I am told [From.GetSheHe] made landfall on an unknown continent to the east but elected not to explore it due to that not being the task I ordered [From.GetHerHim] to undertake.;;;;;;;;;;;;;x
EVTOPTA_SOH_13089;Perhaps I chose a poor leader...;;;;;;;;;;;;;x
EVTDESC_SOH_13090;[FromFrom.GetBestName] has returned from the expedition to retreive a Peach of Immortality from Mount Penglai for [From.GetBestName]. I am told [FromFrom.GetSheHe] made landfall on an unknown continent to the east but elected not to explore it due to that not being the task [From.GetBestName] ordered [FromFrom.GetHerHim] to undertake.;;;;;;;;;;;;;x
EVTOPTA_SOH_13090;I see...;;;;;;;;;;;;;x
EVTDESC_SOH_13091;The expedition I departed on in the name of [penglai_sender.GetBestName] did not go as [penglai_sender.GetSheHe] had hoped, which doubtlessly will displease [penglai_sender.GetHerHim].;;;;;;;;;;;;;x
EVTOPTA_SOH_13091;I have failed!;;;;;;;;;;;;;x
EVTDESC_SOH_13092;[From.GetBestName] has returned from the expedition to retreive a Peach of Immortality from Mount Penglai for me. Sadly, [From.GetSheHe] has failed. I am told [From.GetSheHe] made landfall on an unknown continent to the east, where the expedition apparently was attacked by demon-worshipping savages.;;;;;;;;;;;;;x
EVTOPTA_SOH_13092;Perhaps I chose a poor leader...;;;;;;;;;;;;;x
EVTDESC_SOH_13093;[FromFrom.GetBestName] has returned from the expedition to retreive a Peach of Immortality from Mount Penglai for [From.GetBestName]. I am told [FromFrom.GetSheHe] made landfall on an unknown continent to the east, where the expedition apparently was attacked by demon-worshipping savages.;;;;;;;;;;;;;x
EVTOPTA_SOH_13093;I see...;;;;;;;;;;;;;x
EVTDESC_SOH_13094;The expedition I departed on in the name of [penglai_sender.GetBestName] did not go as [penglai_sender.GetSheHe] had hoped, which doubtlessly will displease [penglai_sender.GetHerHim].;;;;;;;;;;;;;x
EVTOPTA_SOH_13094;I have failed!;;;;;;;;;;;;;x
EVTDESC_SOH_13095;[From.GetBestName] has returned from the expedition to retreive a Peach of Immortality from Mount Penglai for me. Sadly, [From.GetSheHe] has failed. I am told [From.GetSheHe] encountered a harsh, unforgiving island far to the east, which [From.GetSheHe] left as quickly as possible.;;;;;;;;;;;;;x
EVTOPTA_SOH_13095;Perhaps I chose a poor leader...;;;;;;;;;;;;;x
EVTDESC_SOH_13096;[FromFrom.GetBestName] has returned from the expedition to retreive a Peach of Immortality from Mount Penglai for [From.GetBestName]. I am told [FromFrom.GetSheHe] encountered a harsh, unforgiving island far to the east, which [FromFrom.GetSheHe] left as quickly as possible.;;;;;;;;;;;;;x
EVTOPTA_SOH_13096;I see...;;;;;;;;;;;;;x
EVTDESC_SOH_13097;The expedition I departed on in the name of [penglai_sender.GetBestName] did not go as [penglai_sender.GetSheHe] had hoped, which doubtlessly will displease [penglai_sender.GetHerHim].;;;;;;;;;;;;;x
EVTOPTA_SOH_13097;I have failed!;;;;;;;;;;;;;x
EVTDESC_SOH_13098;[From.GetBestName] has returned from the expedition to retreive a Peach of Immortality from Mount Penglai for me. Sadly, [From.GetSheHe] has failed. I am told [From.GetSheHe] encountered a harsh, unforgiving island far to the east, which [From.GetSheHe] left after a scholar suggested there might be malignant spirits dwelling there.;;;;;;;;;;;;;x
EVTOPTA_SOH_13098;Perhaps I chose a poor leader...;;;;;;;;;;;;;x
EVTDESC_SOH_13099;[FromFrom.GetBestName] has returned from the expedition to retreive a Peach of Immortality from Mount Penglai for [From.GetBestName]. I am told [FromFrom.GetSheHe] encountered a harsh, unforgiving island far to the east, which [FromFrom.GetSheHe] left after a scholar suggested there might be malignant spirits dwelling there.;;;;;;;;;;;;;x
EVTOPTA_SOH_13099;I see...;;;;;;;;;;;;;x
EVTDESC_SOH_13100;The expedition I departed on in the name of [penglai_sender.GetBestName] did not go as [penglai_sender.GetSheHe] had hoped, which doubtlessly will displease [penglai_sender.GetHerHim].;;;;;;;;;;;;;x
EVTOPTA_SOH_13100;I have failed!;;;;;;;;;;;;;x
EVTDESC_SOH_13101;[From.GetBestName] has returned from the expedition to retreive a Peach of Immortality from Mount Penglai for me. Sadly, [From.GetSheHe] has failed. I am told [From.GetSheHe] encountered a harsh, unforgiving island far to the east, which [From.GetSheHe] left after it became clear that the spirits of the island did not seem particularly friendly towards visitors.;;;;;;;;;;;;;
EVTOPTA_SOH_13101;Perhaps I chose a poor leader...;;;;;;;;;;;;;x
EVTDESC_SOH_13102;[FromFrom.GetBestName] has returned from the expedition to retreive a Peach of Immortality from Mount Penglai for [From.GetBestName]. I am told [FromFrom.GetSheHe] encountered a harsh, unforgiving island far to the east, which [FromFrom.GetSheHe] left after it became clear that the spirits of the island did not seem particularly friendly towards visitors.;;;;;;;;;;;;;
EVTOPTA_SOH_13102;I see...;;;;;;;;;;;;;x
EVTDESC_SOH_13103;The expedition we departed on in the name of [penglai_sender.GetBestName] did not go as [penglai_sender.GetSheHe] had hoped, which doubtlessly will displease [penglai_sender.GetHerHim].;;;;;;;;;;;;;x
EVTOPTA_SOH_13103;We have failed!;;;;;;;;;;;;;x
EVTDESC_SOH_13104;[From.GetBestName] has returned from the expedition to retreive a Peach of Immortality from Mount Penglai for me. Sadly, [From.GetSheHe] has failed. I am told [From.GetSheHe] confronted the spirits of a harsh, unforgiving island far to the east and came back talking to [From.GetHerHim]self.;;;;;;;;;;;;;x
EVTOPTA_SOH_13104;Perhaps I chose a poor leader...;;;;;;;;;;;;;x
EVTDESC_SOH_13105;[FromFrom.GetBestName] has returned from the expedition to retreive a Peach of Immortality from Mount Penglai for [From.GetBestName]. I am told [FromFrom.GetSheHe] confronted the spirits of a harsh, unforgiving island far to the east and came back talking to [FromFrom.GetHerHim]self.;;;;;;;;;;;;;x
EVTOPTA_SOH_13105;I see...;;;;;;;;;;;;;x
EVTDESC_SOH_13106;The expedition we departed on in the name of [penglai_sender.GetBestName] did not go as [penglai_sender.GetSheHe] had hoped, which doubtlessly will displease [penglai_sender.GetHerHim].;;;;;;;;;;;;;x
EVTOPTA_SOH_13106;We will always remember that we failed!;;;;;;;;;;;;;x
EVTDESC_SOH_13107;[From.GetBestName] has returned from the expedition to retreive a Peach of Immortality from Mount Penglai for me. Sadly, [From.GetSheHe] has failed. I am told [From.GetSheHe] confronted the spirits of a harsh, unforgiving island far to the east and came back talking to [From.GetHerHim]self while radiating a sense of agelessness.;;;;;;;;;;;;;x
EVTOPTA_SOH_13107;Perhaps I chose a poor leader...;;;;;;;;;;;;;x
EVTDESC_SOH_13108;[FromFrom.GetBestName] has returned from the expedition to retreive a Peach of Immortality from Mount Penglai for [From.GetBestName]. I am told [FromFrom.GetSheHe] confronted the spirits of a harsh, unforgiving island far to the east and came back talking to [FromFrom.GetHerHim]self while radiating a sense of agelessness.;;;;;;;;;;;;;x
EVTOPTA_SOH_13108;I see...;;;;;;;;;;;;;x
EVTDESC_SOH_13109;The expedition I departed on in the name of [penglai_sender.GetBestName] did not go as [penglai_sender.GetSheHe] had hoped, which doubtlessly will displease [penglai_sender.GetHerHim].;;;;;;;;;;;;;x
EVTOPTA_SOH_13109;I have failed!;;;;;;;;;;;;;x
EVTDESC_SOH_13110;[From.GetBestName] has returned from the expedition to retreive a Peach of Immortality from Mount Penglai for me. Sadly, [From.GetSheHe] has failed. I am told [From.GetSheHe] ordered the expedition to turn back when the only other option was to sail into a great bank of mist that might have concealed unknown dangers.;;;;;;;;;;;;;x
EVTOPTA_SOH_13110;Perhaps I chose a poor leader...;;;;;;;;;;;;;x
EVTDESC_SOH_13111;[FromFrom.GetBestName] has returned from the expedition to retreive a Peach of Immortality from Mount Penglai for [From.GetBestName]. I am told [FromFrom.GetSheHe] ordered the expedition to turn back when the only other option was to sail into a great bank of mist that might have concealed unknown dangers.;;;;;;;;;;;;;x
EVTOPTA_SOH_13111;I see...;;;;;;;;;;;;;x
EVTDESC_SOH_13112;The expedition I departed on in the name of [penglai_sender.GetBestName] did not go as [penglai_sender.GetSheHe] had hoped, which doubtlessly will displease [penglai_sender.GetHerHim].;;;;;;;;;;;;;x
EVTOPTA_SOH_13112;I have failed!;;;;;;;;;;;;;x
EVTDESC_SOH_13113;[From.GetBestName] has returned from the expedition to retreive a Peach of Immortality from Mount Penglai for me. Sadly, [From.GetSheHe] has failed. I am told [From.GetSheHe] actually reached Mount Penglai but that the Immortals did not wish to part with a Peach of Immortality.;;;;;;;;;;;;;x
EVTOPTA_SOH_13113;Perhaps I chose a poor leader...;;;;;;;;;;;;;x
EVTDESC_SOH_13114;[FromFrom.GetBestName] has returned from the expedition to retreive a Peach of Immortality from Mount Penglai for [From.GetBestName]. I am told [FromFrom.GetSheHe] actually reached Mount Penglai but that the Immortals did not wish to part with a Peach of Immortality.;;;;;;;;;;;;;x
EVTOPTA_SOH_13114;I see...;;;;;;;;;;;;;x
EVTDESC_SOH_13115;The expedition I departed on in the name of [penglai_sender.GetBestName] did not go as [penglai_sender.GetSheHe] had hoped, which doubtlessly will displease [penglai_sender.GetHerHim]. Of course, the manner in which it did not go as planned might surprise people...;;;;;;;;;;;;;x
EVTOPTA_SOH_13115;I did not get a Peach of Immortality and eat it! Honest!;;;;;;;;;;;;;x
EVTDESC_SOH_13116;[From.GetBestName] has returned from the expedition to retreive a Peach of Immortality from Mount Penglai for me. Sadly, [From.GetSheHe] has failed. I am told [From.GetSheHe] actually reached Mount Penglai but that the Immortals did not wish to part with a Peach of Immortality.;;;;;;;;;;;;;x
EVTOPTA_SOH_13116;Perhaps I chose a poor leader...;;;;;;;;;;;;;x
EVTDESC_SOH_13117;[FromFrom.GetBestName] has returned from the expedition to retreive a Peach of Immortality from Mount Penglai for [From.GetBestName]. I am told [FromFrom.GetSheHe] actually reached Mount Penglai but that the Immortals did not wish to part with a Peach of Immortality.;;;;;;;;;;;;;x
EVTOPTA_SOH_13117;I see...;;;;;;;;;;;;;x
EVTDESC_SOH_13118;As soon as I return from Mount Penglai I am ushered into an audience with [penglai_sender.GetBestName] and [penglai_sender.GetHerHis] court. All eyes are upon me, and I know most of those present expect me to report that I have failed. They will all be suprised.;;;;;;;;;;;;;x
EVTOPTA_SOH_13118;Behold! A Peach of Immortality!;;;;;;;;;;;;;x
EVTDESC_SOH_13119;[From.GetBestName] has actually succeeded in bringing back a Peach of Immortality from Mount Penglai. My reign shall be eternal, to the benefit of all. Perhaps a reward is called for...;;;;;;;;;;;;;x
EVTOPTA_SOH_13119;[From.GetSheHe] deserves some gold!;;;;;;;;;;;;;x
EVTOPTB_SOH_13119;[From.GetSheHe] deserves a Favor!;;;;;;;;;;;;;x
EVTOPTC_SOH_13119;[From.GetSheHe] deserves some Grace!;;;;;;;;;;;;;x
EVTOPTD_SOH_13119;[From.GetSheHe] deserves some recognition!;;;;;;;;;;;;;x
EVTOPTE_SOH_13119;Actually, [From.GetSheHe] deserves nothing!;;;;;;;;;;;;;x
EVTDESC_SOH_13120;[FromFrom.GetBestName] has made a triumphant return from Mount Penglai, bringing with [FromFrom.GetHerHim] a Peach of Immortality for [From.GetBestName], whose reign now shall be eternal.;;;;;;;;;;;;;x
EVTOPTA_SOH_13120;Ten thousand years!;;;;;;;;;;;;;x
EVTDESC_SOH_13121;[From.GetBestName] is most appreciative of the Peach of Immortality that I have brought [From.GetHerHim] and makes sure to reward me. I am presented with a substantial amount of gold, with no strings attached.;;;;;;;;;;;;;x
EVTOPTA_SOH_13121;Ten thousand years!;;;;;;;;;;;;;x
EVTDESC_SOH_13122;[From.GetBestName] is most appreciative of the Peach of Immortality that I have brought [From.GetHerHim] and makes sure to reward me. I am told that I may call upon [From.GetHerHim] to grant any Favor I desire in the future.;;;;;;;;;;;;;x
EVTOPTA_SOH_13122;Ten thousand years!;;;;;;;;;;;;;x
EVTDESC_SOH_13123;[From.GetBestName] is most appreciative of the Peach of Immortality that I have brought [From.GetHerHim] and makes sure to reward me. I am told the Dragon Throne is most grateful, and receive a substantial amount of Grace.;;;;;;;;;;;;;x
EVTOPTA_SOH_13123;Ten thousand years!;;;;;;;;;;;;;x
EVTDESC_SOH_13124;[From.GetBestName] is most appreciative of the Peach of Immortality that I have brought [From.GetHerHim] and makes sure to reward me. I am held up to everyone as an example of the kind of subject to aspire to be.;;;;;;;;;;;;;x
EVTOPTA_SOH_13124;Ten thousand years!;;;;;;;;;;;;;x
EVTDESC_SOH_13125;[From.GetBestName] accepts the Peach of Immortality I have brought [From.GetHerHim] and tells me to leave, stating that [From.GetSheHe] has no further need of my services for the time being. I had expected some kind of reward.;;;;;;;;;;;;;x
EVTOPTA_SOH_13125;I gave [From.GetHerHim] eternal life for nothing!;;;;;;;;;;;;;x
EVTDESC_SOH_13126;[Root.GetBestName],\n[penglai_sender.GetBestName] has returned from [penglai_sender.GetHerHis] expedition a disgraced failure. The time has come for us to demand our independence.\n\nBy my hand and seal,\n[From.GetBestName];;;;;;;;;;;;;x
EVTOPTA_SOH_13126;We will not remain subjects of this failure!;;;;;;;;;;;;;x
EVTOPTB_SOH_13126;Actually, I think I will stay out of this...;;;;;;;;;;;;;x
EVTDESC_SOH_13128;Our forces are ready for war. [penglai_sender.GetBestName] is not a worthy ruler, and independence shall be ours, one way or another.;;;;;;;;;;;;;x
EVTOPTA_SOH_13128;Send the ultimatum!;;;;;;;;;;;;;x
EVTDESC_SOH_13129;[Root.GetBestName],\nYou are a failure and a disgrace, clearly not caring for your realm or your subjects. As such, I and my backers demand independence. Either accept our ultimatum or face us on the field of battle.\n\nBy my hand and seal,\n[From.GetBestName].;;;;;;;;;;;;;x
EVTDESC_SOH_13130;[Root.GetBestName],\nThough it is not to my liking I have no choice but to accept your terms. Do not expect me to forget about this.\n\nBy my hand and seal,\n[From.GetBestName].;;;;;;;;;;;;;x
EVTDESC_SOH_13131;[Root.GetBestName],\nThough it is not to my liking I have no choice but to accept [FromFrom.GetBestName]'s terms. Do not expect me to forget about this.\n\nBy my hand and seal,\n[From.GetBestName].;;;;;;;;;;;;;x
EVTDESC_SOH_13132;I have just received word that [From.GetBestName] has been forced to agree to an ultimatum from [FromFrom.GetBestName], who apparently no longer wished to be part of a realm ruled by someone that heads off on expeditions to Mount Penglai and return in disgrace.;;;;;;;;;;;;;x
EVTDESC_SOH_13133;[Root.GetBestName],\nYou and your fellow traitors will rue the day you sought to dictate terms to me. Prepare for war!\n\nBy my hand and seal,\n[From.GetBestName].;;;;;;;;;;;;;x
EVTDESC_SOH_13135;With the death of [From.GetBestName] the expedition [From.GetSheHe] planned to embark on to find Mount Penglai will never leave port.;;;;;;;;;;;;;x
EVTOPTA_SOH_13135;So much for that...;;;;;;;;;;;;;x
EVTDESC_SOH_13137;The ships that left with [From.GetBestName] to find Mount Penglai have returned with [From.GetHerHis] corpse. Apparently, [From.GetSheHe] died unexpectedly during the voyage, instead of gaining eternal life as planned.;;;;;;;;;;;;;x
EVTOPTA_SOH_13137;So much for that...;;;;;;;;;;;;;x
EVTDESC_SOH_13139;The ships that left with [From.GetBestName] to find Mount Penglai have returned with [From.GetHerHis] corpse. Apparently, [From.GetSheHe] died unexpectedly during the voyage without reaching Mount Penglai.;;;;;;;;;;;;;x
EVTOPTA_SOH_13139;So much for that...;;;;;;;;;;;;;x
EVTDESC_SOH_13140;The ships that left with [From.GetBestName] to find Mount Penglai have returned with [From.GetHerHis] corpse. Apparently, [From.GetSheHe] died unexpectedly during the voyage.;;;;;;;;;;;;;x
EVTOPTA_SOH_13140;So much for that...;;;;;;;;;;;;;x
EVTDESC_SOH_13142;The ships that left with [From.GetBestName] to find Mount Penglai have returned with [From.GetHerHis] corpse. Apparently, [From.GetSheHe] died unexpectedly. Some of the sailors claim that [From.GetSheHe] actually secured a Peach of Immortality for me, but if so it has been lost following [From.GetHerHis] death.;;;;;;;;;;;;;x
EVTOPTA_SOH_13142;So much for that...;;;;;;;;;;;;;x
EVTDESC_SOH_13143;The ships that left with [From.GetBestName] to find Mount Penglai have returned with [From.GetHerHis] corpse. Apparently, [From.GetSheHe] died unexpectedly. Some of the sailors claim that [From.GetSheHe] actually secured a Peach of Immortality, but if so it has been lost following [From.GetHerHis] death.;;;;;;;;;;;;;x
EVTOPTA_SOH_13143;So much for that...;;;;;;;;;;;;;x

penglai_preparations_sabotaged;The preparations for the expedition are sabotaged.;;;;;;;;;;;;;x
penglai_assassin_sneaks_aboard;The assassin successfully sneaks aboard the ships.;;;;;;;;;;;;;x