EVTDESC_TIANXIA_2201;[curse_target.GetBestName] is a rival for [shared_partner.GetBestName]'s affections. I could perhaps use the powers bestowed upon me by the [Root.Society.GetName] and [Root.GetDWDemon] to curse [curse_target.GetHerHim]...;;;;;;;;;;;;;x
EVTOPTA_TIANXIA_2201;I will make [curse_target.GetHerHim] less attractive!;;;;;;;;;;;;;x
EVTOPTB_TIANXIA_2201;[curse_target.GetSheHeCap] will become infertile!;;;;;;;;;;;;;x
EVTOPTC_TIANXIA_2201;May [curse_target.GetSheHe] suffer various misfortunes!;;;;;;;;;;;;;x
EVTOPTD_TIANXIA_2201;This sounds rather too risky...;;;;;;;;;;;;;x
EVTDESC_TIANXIA_2202;Success! All it took was the proper rituals and sacrifices to [Root.GetDWDemon] and [curse_target.GetBestName] was cursed as I intended. And, best of all, nobody suspects I am to blame for what happened!;;;;;;;;;;;;;x
EVTOPTA_TIANXIA_2202;You never should have been in my way, [curse_target.GetFirstName]...;;;;;;;;;;;;;x
EVTDESC_TIANXIA_2203;At first I wanted to dismiss the idea as preposterous, but it is clear to me now that I have been cursed by a follower of [Root.TrueReligion.GetRandomEvilGodName]. I don't know who to suspect.;;;;;;;;;;;;;x
EVTOPTA_TIANXIA_2203;Who could have done this?;;;;;;;;;;;;;x
EVTDESC_TIANXIA_2204;I managed to carry out the proper rituals and sacrifices to [Root.GetDWDemon] to curse [curse_target.GetBestName] as I planned. Unfortunately, it seems that some might suspect me of being involved in the matter, whether because I have been unable to hide my satisfaction or because they noticed some of what I was doing.;;;;;;;;;;;;;x
EVTOPTA_TIANXIA_2204;Not ideal, but not a complete failure...;;;;;;;;;;;;;x
EVTDESC_TIANXIA_2205;At first I wanted to dismiss the idea as preposterous, but it is clear to me now that I have been cursed by a follower of [Root.TrueReligion.GetRandomEvilGodName]. This might be [From.GetBestName]'s doing.;;;;;;;;;;;;;x
EVTOPTA_TIANXIA_2205;[From.GetSheHeCap] must have cursed me!;;;;;;;;;;;;;x
EVTOPTB_TIANXIA_2205;Guards! Seize [From.GetHerHim]!;;;;;;;;;;;;;x
EVTOPTC_TIANXIA_2205;I am surely imagining [From.GetHerHis] involvement...;;;;;;;;;;;;;x
EVTDESC_TIANXIA_2206;It seems [curse_target.GetBestName] has caught on to me cursing [curse_target.GetHerHim] as [curse_target.GetSheHe] has made public accusations to that effect.;;;;;;;;;;;;;x
EVTOPTA_TIANXIA_2206;You have no proof!;;;;;;;;;;;;;x
EVTOPTB_TIANXIA_2206;This might not be good...;;;;;;;;;;;;;x
EVTDESC_TIANXIA_2207;[curse_target.GetBestName] has accused [curser.GetBestName] of cursing [curse_target.GetHerHim], supposedly in order to make me dislike [curse_target.GetHerHim]. Some of the servants also claim to have noticed [curser.GetBestName] involved in some suspicious activities, though whether they can be trusted is unknown.;;;;;;;;;;;;;x
EVTOPTA_TIANXIA_2207;[curser.GetFirstName] will burn for this!;;;;;;;;;;;;;x
EVTOPTB_TIANXIA_2207;I will have [curser.GetFirstName] imprisoned!;;;;;;;;;;;;;x
EVTOPTC_TIANXIA_2207;The [curser.GetWarlockWitch] will be branded!;;;;;;;;;;;;;x
EVTOPTD_TIANXIA_2207;What nonsense! [curser.GetFirstName] is innocent!;;;;;;;;;;;;;x
EVTDESC_TIANXIA_2208;[From.GetBestName] believed [curse_target.GetBestName]'s accusations, and has decreed that I will be burned at the stake.;;;;;;;;;;;;;x
EVTOPTA_TIANXIA_2208;No! Not like this!;;;;;;;;;;;;;x
EVTDESC_TIANXIA_2209;[FromFrom.GetBestName] believed my accusations, and as a result [curser.GetBestName] has been burned at the stake for [curser.GetHerHis] crimes against me.;;;;;;;;;;;;;x
EVTOPTA_TIANXIA_2209;Suffer not the [curser.GetWarlockWitch]!;;;;;;;;;;;;;x
EVTDESC_TIANXIA_2210;It seems [From.GetBestName] believed [curse_target.GetBestName]'s accusations, as [From.GetSheHe] has ordered [From.GetHerHis] guards to throw me in a prison cell until such a time I can be dealt with properly.;;;;;;;;;;;;;x
EVTOPTA_TIANXIA_2210;Unhand me!;;;;;;;;;;;;;x
EVTDESC_TIANXIA_2211;[FromFrom.GetBestName] had [FromFrom.GetHerHis] guards throw [curser.GetBestName] in a prison cell. Not as permanent an outcome as burning the [curser.GetWarlockWitch] would have been, but still a punishment for [curser.GetHerHis] crimes against me.;;;;;;;;;;;;;x
EVTOPTA_TIANXIA_2211;Let [curser.GetHerHim] rot!;;;;;;;;;;;;;x
EVTDESC_TIANXIA_2212;[From.GetBestName] believed [curse_target.GetBestName]'s accusations and has ordered me to be branded so that everyone will know that I am a [Root.GetWarlockWitch].;;;;;;;;;;;;;x
EVTOPTA_TIANXIA_2212;I don't deserve this!;;;;;;;;;;;;;x
EVTDESC_TIANXIA_2213;[FromFrom.GetBestName] had [curser.GetBestName] branded as a [curser.GetWarlockWitch]. [curser.GetSheHeCap] still remains free, but at least there was a punishment.;;;;;;;;;;;;;x
EVTOPTA_TIANXIA_2213;Now everyone will know of [curser.GetHerHis] crimes!;;;;;;;;;;;;;x
EVTDESC_TIANXIA_2214;It seems [From.GetBestName] did not believe [curse_target.GetBestName]'s accusations, seeing as [From.GetSheHe] has decreed that I am not to be punished for my supposed crimes.;;;;;;;;;;;;;x
EVTOPTA_TIANXIA_2214;That could have ended very poorly...;;;;;;;;;;;;;x
EVTDESC_TIANXIA_2215;[FromFrom.GetBestName] dismissed my accusations against [curser.GetBestName], stating that I must be imagining things.;;;;;;;;;;;;;x
EVTOPTA_TIANXIA_2215;What? [curser.GetSheHeCap] is clearly guilty!;;;;;;;;;;;;;x
EVTDESC_TIANXIA_2216;I managed to carry out the appropriate rituals and sacrifices to [Root.GetDWDemon] to curse [curse_target.GetBestName], but it seems some of the servants saw everything and have exposed me as a member of the [Root.Society.GetName].;;;;;;;;;;;;;x
EVTOPTA_TIANXIA_2216;No, no, no!;;;;;;;;;;;;;x
EVTDESC_TIANXIA_2217;I have been cursed by [curser.GetBestName]! Several servants caught [curser.GetHerHim] in the act, and there is no doubt [curser.GetSheHe] made vile sacrifices to [curser.GetDWDevil] to make me suffer in some fashion.;;;;;;;;;;;;;x
EVTOPTA_TIANXIA_2217;Someone needs to deal with this [curser.GetWarlockWitch]!;;;;;;;;;;;;;x
EVTOPTB_TIANXIA_2217;Guards! Seize the [curser.GetWarlockWitch]!;;;;;;;;;;;;;x
EVTDESC_TIANXIA_2218;[curse_target.GetBestName] has publicly called for me to be punished for cursing [curse_target.GetHerHim], particularly calling upon [shared_partner.GetBestName] to do so.;;;;;;;;;;;;;x
EVTOPTA_TIANXIA_2218;Neither of them can do anything about it, however...;;;;;;;;;;;;;x
EVTOPTB_TIANXIA_2218;This is very bad...;;;;;;;;;;;;;x
EVTDESC_TIANXIA_2219;[curse_target.GetBestName] has accused [curser.GetBestName] of cursing [curse_target.GetHerHim], and many of the servants have come forth with corrobating evidence to support the accusations. It is clear beyond a doubt that [curser.GetBestName] is a follower of [curser.GetDWDevil].;;;;;;;;;;;;;x
EVTOPTA_TIANXIA_2219;[curser.GetFirstName] will burn for this!;;;;;;;;;;;;;x
EVTOPTB_TIANXIA_2219;I will have [curser.GetFirstName] imprisoned!;;;;;;;;;;;;;x
EVTOPTC_TIANXIA_2219;The [curser.GetWarlockWitch] will be branded!;;;;;;;;;;;;;x
EVTOPTD_TIANXIA_2219;I will let it slide, this time...;;;;;;;;;;;;;x
EVTDESC_TIANXIA_2220;[From.GetBestName] believed [curse_target.GetBestName]'s accusations, and has decreed that I will be burned at the stake.;;;;;;;;;;;;;x
EVTOPTA_TIANXIA_2220;No! Not like this!;;;;;;;;;;;;;x
EVTDESC_TIANXIA_2221;[FromFrom.GetBestName] believed my accusations, and as a result [curser.GetBestName] has been burned at the stake for [curser.GetHerHis] crimes against me.;;;;;;;;;;;;;x
EVTOPTA_TIANXIA_2221;Suffer not the [curser.GetWarlockWitch]!;;;;;;;;;;;;;x
EVTDESC_TIANXIA_2222;It seems [From.GetBestName] believed [curse_target.GetBestName]'s accusations, as [From.GetSheHe] has ordered [From.GetHerHis] guards to throw me in a prison cell until such a time I can be dealt with properly.;;;;;;;;;;;;;x
EVTOPTA_TIANXIA_2222;Unhand me!;;;;;;;;;;;;;x
EVTDESC_TIANXIA_2223;[FromFrom.GetBestName] had [FromFrom.GetHerHis] guards throw [curser.GetBestName] in a prison cell. Not as permanent an outcome as burning the [curser.GetWarlockWitch] would have been, but still a punishment for [curser.GetHerHis] crimes against me.;;;;;;;;;;;;;x
EVTOPTA_TIANXIA_2223;Let [curser.GetHerHim] rot!;;;;;;;;;;;;;x
EVTDESC_TIANXIA_2224;[From.GetBestName] believed [curse_target.GetBestName]'s accusations and has ordered me to be branded so that everyone will know that I am a [Root.GetWarlockWitch].;;;;;;;;;;;;;x
EVTOPTA_TIANXIA_2224;I don't deserve this!;;;;;;;;;;;;;x
EVTDESC_TIANXIA_2225;[FromFrom.GetBestName] had [curser.GetBestName] branded as a [curser.GetWarlockWitch]. [curser.GetSheHeCap] still remains free, but at least there was a punishment.;;;;;;;;;;;;;x
EVTOPTA_TIANXIA_2225;Now everyone will know of [curser.GetHerHis] crimes!;;;;;;;;;;;;;x
EVTDESC_TIANXIA_2226;It seems [From.GetBestName] does not think me cursing [curse_target.GetBestName] was a particularly henious crime, seeing as [From.GetSheHe] has made it clear that I am not to be punished for anything I have done.;;;;;;;;;;;;;x
EVTOPTA_TIANXIA_2226;That could have ended very poorly...;;;;;;;;;;;;;x
EVTDESC_TIANXIA_2227;[FromFrom.GetBestName] has seen fit to not punish [curser.GetBestName] for cursing me, even though there is a plethora of evidence.;;;;;;;;;;;;;x
EVTOPTA_TIANXIA_2227;What? [curser.GetSheHeCap] is clearly guilty!;;;;;;;;;;;;;x
EVTDESC_TIANXIA_2228;Failure! Despite carrying out the appropriate rituals and sacrifices to [Root.GetDWDemon] [curse_target.GetBestName] has not been cursed.;;;;;;;;;;;;;x
EVTOPTA_TIANXIA_2228;At least I am not under suspicion...;;;;;;;;;;;;;x
EVTDESC_TIANXIA_2229;It seems [Root.GetDWDemon] does not want [curse_target.GetBestName] to suffer, seeing as the rituals and sacrifices I carried out had no effect. Worse, some of the servants seem to have noticed that I might be up to something, even if the rumours going around at court are somewhat off the mark.;;;;;;;;;;;;;x
EVTOPTA_TIANXIA_2229;Not good...;;;;;;;;;;;;;x
EVTDESC_TIANXIA_2230;LOC;;;;;;;;;;;;;x
EVTOPTA_TIANXIA_2230;[From.GetFirstName] must have tried to curse me!;;;;;;;;;;;;;x
EVTOPTB_TIANXIA_2230;Guards! Seize [From.GetHerHim]!;;;;;;;;;;;;;x
EVTOPTC_TIANXIA_2230;I must be imagining things...;;;;;;;;;;;;;x
EVTDESC_TIANXIA_2231;Despite the attempt failing and the rumours of what I did being somewhat off the mark it seems [curse_target.GetBestName] feels there is sufficient cause to accuse me of trying to curse [curse_target.GetHerHim].;;;;;;;;;;;;;x
EVTOPTA_TIANXIA_2231;You have no proof!;;;;;;;;;;;;;x
EVTOPTB_TIANXIA_2231;This might be bad...;;;;;;;;;;;;;x
EVTDESC_TIANXIA_2232;[curse_target.GetBestName] has accused [curser.GetBestName] of attempting to curse [curse_target.GetHerHim], which seems to match some of the rumours that have been circulating at court recently. Perhaps [curser.GetBestName] truly is a follower of [curser.GetDWDevil].;;;;;;;;;;;;;x
EVTOPTA_TIANXIA_2232;[curser.GetFirstName] will burn for this!;;;;;;;;;;;;;x
EVTOPTB_TIANXIA_2232;I will have [curser.GetFirstName] imprisoned!;;;;;;;;;;;;;x
EVTOPTC_TIANXIA_2232;The [curser.GetWarlockWitch] will be branded!;;;;;;;;;;;;;x
EVTOPTD_TIANXIA_2232;I will let it slide, this time...;;;;;;;;;;;;;x
EVTDESC_TIANXIA_2233;[From.GetBestName] believed [curse_target.GetBestName]'s accusations, and has decreed that I will be burned at the stake even though I did not actually manage to curse [curse_target.GetFirstName].;;;;;;;;;;;;;x
EVTOPTA_TIANXIA_2233;No! Not like this!;;;;;;;;;;;;;x
EVTDESC_TIANXIA_2234;[FromFrom.GetBestName] believed my accusations, and as a result [curser.GetBestName] has been burned at the stake for [curser.GetHerHis] crimes against me.;;;;;;;;;;;;;x
EVTOPTA_TIANXIA_2234;Suffer not the [curser.GetWarlockWitch]!;;;;;;;;;;;;;x
EVTDESC_TIANXIA_2235;It seems [From.GetBestName] believed [curse_target.GetBestName]'s accusations, as [From.GetSheHe] has ordered [From.GetHerHis] guards to throw me in a prison cell until such a time I can be dealt with properly.;;;;;;;;;;;;;x
EVTOPTA_TIANXIA_2235;Unhand me!;;;;;;;;;;;;;x
EVTDESC_TIANXIA_2236;[FromFrom.GetBestName] had [FromFrom.GetHerHis] guards throw [curser.GetBestName] in a prison cell. Not as permanent an outcome as burning the [curser.GetWarlockWitch] would have been, but still a punishment for [curser.GetHerHis] crimes against me.;;;;;;;;;;;;;x
EVTOPTA_TIANXIA_2236;Let [curser.GetHerHim] rot!;;;;;;;;;;;;;x
EVTDESC_TIANXIA_2237;[From.GetBestName] believed [curse_target.GetBestName]'s accusations and has ordered me to be branded so that everyone will know that I am a [Root.GetWarlockWitch].;;;;;;;;;;;;;x
EVTOPTA_TIANXIA_2237;I don't deserve this!;;;;;;;;;;;;;x
EVTDESC_TIANXIA_2238;[FromFrom.GetBestName] had [curser.GetBestName] branded as a [curser.GetWarlockWitch]. [curser.GetSheHeCap] still remains free, but at least there was a punishment.;;;;;;;;;;;;;x
EVTOPTA_TIANXIA_2238;Now everyone will know of [curser.GetHerHis] crimes!;;;;;;;;;;;;;x
EVTDESC_TIANXIA_2239;It seems [From.GetBestName] did not believe [curse_target.GetBestName]'s accusations, seeing as [From.GetSheHe] has decreed that I am not to be punished for my supposed crimes.;;;;;;;;;;;;;x
EVTOPTA_TIANXIA_2239;That could have ended very poorly...;;;;;;;;;;;;;x
EVTDESC_TIANXIA_2240;[FromFrom.GetBestName] has seen fit to not punish [curser.GetBestName] for attempting to curse me, apparently not believing my accusations.;;;;;;;;;;;;;x
EVTOPTA_TIANXIA_2240;What? [curser.GetSheHeCap] is clearly guilty!;;;;;;;;;;;;;x
EVTDESC_TIANXIA_2241;Disaster! Not only did the rituals and sacrifices I carried out not have any effect, but several servants caught me in the act and have let everyone know that I am a member of [Root.Society.GetName] and thus a [Root.GetWarlockWitch].;;;;;;;;;;;;;x
EVTOPTA_TIANXIA_2241;[Root.GetDWDevil], why have you forsaken me?;;;;;;;;;;;;;x
EVTDESC_TIANXIA_2242;[curser.GetBestName] was caught in the middle of some kind of vile ritual meant to call upon the powers of [curser.GetDWDevil] to curse me! Luckily, the ritual was disrupted, and [curser.GetHerHis] true nature has been revealed to all.;;;;;;;;;;;;;x
EVTOPTA_TIANXIA_2242;Someone needs to deal with this [curser.GetWarlockWitch]!;;;;;;;;;;;;;x
EVTOPTB_TIANXIA_2242;Guards! Seize the [curser.GetWarlockWitch]!;;;;;;;;;;;;;x
EVTDESC_TIANXIA_2243;[curse_target.GetBestName] has publicly called for me to be punished for attempting to curse me [curse_target.GetHerHim], particularly calling upon [shared_partner.GetBestName] to do so.;;;;;;;;;;;;;x
EVTOPTA_TIANXIA_2243;Neither of them can do anything about it, however...;;;;;;;;;;;;;x
EVTOPTB_TIANXIA_2243;This is very bad...;;;;;;;;;;;;;x
EVTDESC_TIANXIA_2244;[curse_target.GetBestName] has accused [curser.GetBestName] of attempting to curse [curse_target.GetHerHim], and many of the servants have come forth with corrobating evidence to support the accusations. It is clear beyond a doubt that [curser.GetBestName] is a follower of [curser.GetDWDevil].;;;;;;;;;;;;;x
EVTOPTA_TIANXIA_2244;[curser.GetFirstName] will burn for this!;;;;;;;;;;;;;x
EVTOPTB_TIANXIA_2244;I will have [curser.GetFirstName] imprisoned!;;;;;;;;;;;;;x
EVTOPTC_TIANXIA_2244;The [curser.GetWarlockWitch] will be branded!;;;;;;;;;;;;;x
EVTOPTD_TIANXIA_2244;I will let it slide, this time...;;;;;;;;;;;;;x
EVTDESC_TIANXIA_2245;[From.GetBestName] believed [curse_target.GetBestName]'s accusations, and has decreed that I will be burned at the stake.;;;;;;;;;;;;;x
EVTOPTA_TIANXIA_2245;No! Not like this!;;;;;;;;;;;;;x
EVTDESC_TIANXIA_2246;[FromFrom.GetBestName] believed my accusations, and as a result [curser.GetBestName] has been burned at the stake for [curser.GetHerHis] crimes against me.;;;;;;;;;;;;;x
EVTOPTA_TIANXIA_2246;Suffer not the [curser.GetWarlockWitch]!;;;;;;;;;;;;;x
EVTDESC_TIANXIA_2247;It seems [From.GetBestName] believed [curse_target.GetBestName]'s accusations, as [From.GetSheHe] has ordered [From.GetHerHis] guards to throw me in a prison cell until such a time I can be dealt with properly.;;;;;;;;;;;;;x
EVTOPTA_TIANXIA_2247;Unhand me!;;;;;;;;;;;;;x
EVTDESC_TIANXIA_2248;[FromFrom.GetBestName] had [FromFrom.GetHerHis] guards throw [curser.GetBestName] in a prison cell. Not as permanent an outcome as burning the [curser.GetWarlockWitch] would have been, but still a punishment for [curser.GetHerHis] crimes against me.;;;;;;;;;;;;;x
EVTOPTA_TIANXIA_2248;Let [curser.GetHerHim] rot!;;;;;;;;;;;;;x
EVTDESC_TIANXIA_2249;[From.GetBestName] believed [curse_target.GetBestName]'s accusations and has ordered me to be branded so that everyone will know that I am a [Root.GetWarlockWitch], even though I did not manage to curse [curse_target.GetFirstName].;;;;;;;;;;;;;x
EVTOPTA_TIANXIA_2249;I don't deserve this!;;;;;;;;;;;;;x
EVTDESC_TIANXIA_2250;[FromFrom.GetBestName] had [curser.GetBestName] branded as a [curser.GetWarlockWitch]. [curser.GetSheHeCap] still remains free, but at least there was a punishment.;;;;;;;;;;;;;x
EVTOPTA_TIANXIA_2250;Now everyone will know of [curser.GetHerHis] crimes!;;;;;;;;;;;;;x
EVTDESC_TIANXIA_2251;It seems [From.GetBestName] does not think me attempting to curse [curse_target.GetBestName] was a particularly henious crime, seeing as [From.GetSheHe] has made it clear that I am not to be punished for anything I might have intended to do.;;;;;;;;;;;;;x
EVTOPTA_TIANXIA_2251;That could have ended very poorly...;;;;;;;;;;;;;x
EVTDESC_TIANXIA_2252;[FromFrom.GetBestName] has seen fit to not punish [curser.GetBestName] for almost cursing me, even though there is a plethora of evidence.;;;;;;;;;;;;;x
EVTOPTA_TIANXIA_2252;What? [curser.GetSheHeCap] is clearly guilty!;;;;;;;;;;;;;x
EVTDESC_TIANXIA_2253;[curse_target.GetBestName] has ordered [curse_target.GetHerHis] guards to bring me before [curse_target.GetHerHim], clearly intending to punish me for my use of dark magic against [curse_target.GetHerHim].;;;;;;;;;;;;;x
EVTOPTA_TIANXIA_2253;This is going to be bad...;;;;;;;;;;;;;x
EVTDESC_TIANXIA_2254;[curser.GetBestName] has been brought before me in chains to stand trial for [curser.GetHerHis] use of dark magic against me. I cannot show mercy to a follower of [curser.GetDWDevil] caught like this, but the severity of the punishment is for me to decide.;;;;;;;;;;;;;x
EVTOPTA_TIANXIA_2254;[curser.GetFirstName] will burn for this!;;;;;;;;;;;;;x
EVTOPTB_TIANXIA_2254;I will have [curser.GetFirstName] imprisoned!;;;;;;;;;;;;;x
EVTOPTC_TIANXIA_2254;The [curser.GetWarlockWitch] will be branded!;;;;;;;;;;;;;x
EVTDESC_TIANXIA_2255;[From.GetHerHim] has decreed that I will be burned at the stake, deeming it a fitting punishment for a [Root.GetWarlockWitch].;;;;;;;;;;;;;x
EVTOPTA_TIANXIA_2255;No! Not like this!;;;;;;;;;;;;;x
EVTDESC_TIANXIA_2256;[FromFrom.GetBestName] has ordered [From.GetBestName] to be burned at the stake for [curser.GetHerHis] use of dark magic against [From.GetBestName];;;;;;;;;;;;;x
EVTOPTA_TIANXIA_2256;Suffer not the [curser.GetWarlockWitch]!;;;;;;;;;;;;;x
EVTDESC_TIANXIA_2257;[From.GetBestName] has ordered [From.GetHerHis] guards to throw me in a prison cell until such a time I can be dealt with properly.;;;;;;;;;;;;;x
EVTOPTA_TIANXIA_2257;Unhand me!;;;;;;;;;;;;;x
EVTDESC_TIANXIA_2258;[FromFrom.GetBestName] had [FromFrom.GetHerHis] guards throw [curser.GetBestName] in a prison cell for the crime of using dark magic against [FromFrom.GetHerHim].;;;;;;;;;;;;;x
EVTOPTA_TIANXIA_2258;Let [curser.GetHerHim] rot!;;;;;;;;;;;;;x
EVTDESC_TIANXIA_2259;[From.GetBestName] has ordered me to be branded so that everyone will know that I am a [Root.GetWarlockWitch].;;;;;;;;;;;;;x
EVTOPTA_TIANXIA_2259;Get that away from me!;;;;;;;;;;;;;x
EVTDESC_TIANXIA_2260;[FromFrom.GetBestName] had [curser.GetBestName] branded as a [curser.GetWarlockWitch] due to [curser.GetFirstName]'s use of dark magic against [FromFrom.GetHerHim].;;;;;;;;;;;;;x
EVTOPTA_TIANXIA_2260;Now everyone will know of [curser.GetHerHis] crimes!;;;;;;;;;;;;;x
EVTDESC_TIANXIA_2261;At first I wanted to dismiss the idea as preposterous, but it is clear to me now that I have been cursed by a follower of [Root.TrueReligion.GetRandomEvilGodName]. This might be [curser.GetBestName]'s doing.;;;;;;;;;;;;;x
EVTOPTA_TIANXIA_2261;[curser.GetSheHeCap] must have cursed me!;;;;;;;;;;;;;x
EVTOPTB_TIANXIA_2261;Guards! Seize [curser.GetHerHim]!;;;;;;;;;;;;;;x
EVTOPTC_TIANXIA_2261;I'm surely imagining things...;;;;;;;;;;;;;x
EVTDESC_TIANXIA_2262;It seems [curse_target.GetBestName] has publicly accused me of cursing [curse_target.GetHerHim]. Of course, I have done no such thing!;;;;;;;;;;;;;x
EVTOPTA_TIANXIA_2262;But I'm innocent!;;;;;;;;;;;;;x
EVTDESC_TIANXIA_2263;It seems [curse_target.GetBestName] has publicly accused me of cursing [curse_target.GetHerHim], and that the matter has been brought before [shared_partner.GetBestName]. Of course, I have done no such thing!;;;;;;;;;;;;;x
EVTOPTA_TIANXIA_2263;This might not be good...;;;;;;;;;;;;;x
EVTDESC_TIANXIA_2264;[curse_target.GetBestName] has accused [curser.GetBestName] of cursing [curse_target.GetHerHim]. Some of the servants also claim to have noticed [curser.GetBestName] involved in some suspicious activities, though it is possible that they are lying.;;;;;;;;;;;;;x
EVTOPTA_TIANXIA_2264;What nonsense is this? [curser.GetSheHeCap] is no [curser.GetWarlockWitch]!;;;;;;;;;;;;;x
EVTOPTB_TIANXIA_2264;I suppose I can have [curser.GetFirstName] watched...;;;;;;;;;;;;;x
EVTOPTC_TIANXIA_2264;Guards! Fetch me that [curser.GetWarlockWitch]!;;;;;;;;;;;;;x
EVTDESC_TIANXIA_2265;[From.GetBestName] did not believe my accusations against [curser.GetBestName], claiming that I must be imagining things.;;;;;;;;;;;;;x
EVTOPTA_TIANXIA_2265;Maybe [From.GetSheHe] is right...;;;;;;;;;;;;;x
EVTOPTB_TIANXIA_2265;No! [curser.GetFirstName] is a [curser.GetWarlockWitch]!;;;;;;;;;;;;;x
EVTDESC_TIANXIA_2266;It seems [FromFrom.GetBestName] did not believe [curse_target.GetBestName]'s accusations, seeing as [FromFrom.GetSheHe] has made it clear that [FromFrom.GetSheHe] does not believe I am a [Root.GetWarlockWitch].;;;;;;;;;;;;;x
EVTOPTA_TIANXIA_2266;And I was never guilty!;;;;;;;;;;;;;x
EVTDESC_TIANXIA_2267;[From.GetBestName] did not fully believe my accusations against [curser.GetBestName], but [From.GetSheHe] has agreed that it might at least be prudent to keep a close eye on [curser.GetHerHim].;;;;;;;;;;;;;x
EVTOPTA_TIANXIA_2267;You'll see! You'll all see!;;;;;;;;;;;;;x;;;;;;;;;;;;;x
EVTDESC_TIANXIA_2268;It seems [FromFrom.GetBestName] was not entirely willing to dismiss [curse_target.GetBestName]'s accusations against me as I have noticed that I am being carefully watched by [FromFrom.GetFirstName]'s agents.;;;;;;;;;;;;;x
EVTOPTA_TIANXIA_2268;They'll just find proof of my innocence!;;;;;;;;;;;;;x
EVTDESC_TIANXIA_2269;The use of dark magic is of course a terrible crime, and if there is truth to [curse_target.GetBestName]'s accusations against [curser.GetBestName] then that demands some kind of punishment.;;;;;;;;;;;;;x
EVTOPTA_TIANXIA_2269;[curser.GetFirstName] will burn for this!;;;;;;;;;;;;;x
EVTOPTB_TIANXIA_2269;I will have [curser.GetFirstName] imprisoned!;;;;;;;;;;;;;x
EVTOPTC_TIANXIA_2269;The [curser.GetWarlockWitch] will be branded!;;;;;;;;;;;;;x
EVTOPTD_TIANXIA_2269;[curser.GetFirstName] will not be punished!;;;;;;;;;;;;;x
EVTDESC_TIANXIA_2270;[From.GetBestName] believed [curse_target.GetBestName]'s accusations, and has decreed that I will be burned at the stake.;;;;;;;;;;;;;x
EVTOPTA_TIANXIA_2270;But I have not cursed [curse_target.GetHerHim]!;;;;;;;;;;;;;x
EVTDESC_TIANXIA_2271;[FromFrom.GetBestName] believed my accusations, and as a result [curser.GetBestName] has been burned at the stake for [curser.GetHerHis] crimes against me.;;;;;;;;;;;;;x
EVTOPTA_TIANXIA_2271;Suffer not the [curser.GetWarlockWitch]!;;;;;;;;;;;;;x
EVTDESC_TIANXIA_2272;It seems [From.GetBestName] believed [curse_target.GetBestName]'s accusations, as [From.GetSheHe] has ordered [From.GetHerHis] guards to throw me in a prison cell until such a time I can be dealt with properly.;;;;;;;;;;;;;x
EVTOPTA_TIANXIA_2272;Unhand me!;;;;;;;;;;;;;x
EVTDESC_TIANXIA_2273;[FromFrom.GetBestName] had [FromFrom.GetHerHis] guards throw [curser.GetBestName] in a prison cell. Not as permanent an outcome as burning the [curser.GetWarlockWitch] would have been, but still a punishment for [curser.GetHerHis] crimes against me.;;;;;;;;;;;;;x
EVTOPTA_TIANXIA_2273;Let [curser.GetHerHim] rot!;;;;;;;;;;;;;x
EVTDESC_TIANXIA_2274;[From.GetBestName] believed [curse_target.GetBestName]'s accusations and has ordered me to be branded so that everyone will know that I am a [Root.GetWarlockWitch].;;;;;;;;;;;;;x
EVTOPTA_TIANXIA_2274;But I didn't curse anyone!;;;;;;;;;;;;;x
EVTDESC_TIANXIA_2275;[FromFrom.GetBestName] had [curser.GetBestName] branded as a [curser.GetWarlockWitch]. [curser.GetSheHeCap] still remains free, but at least there was a punishment.;;;;;;;;;;;;;x
EVTOPTA_TIANXIA_2275;Now everyone will know of [curser.GetHerHis] crimes!;;;;;;;;;;;;;x
EVTDESC_TIANXIA_2276;It seems [From.GetBestName] believed [curse_target.GetBestName]'s accusations. However, [From.GetSheHe] has let it be known that I am not to be punished for my crimes.;;;;;;;;;;;;;x
EVTOPTA_TIANXIA_2276;I'll take it!;;;;;;;;;;;;;x
EVTDESC_TIANXIA_2277;[FromFrom.GetBestName] believed my accusations against [curser.GetBestName], but has decreed that [curser.GetSheHe] is not to be punished.;;;;;;;;;;;;;x
EVTOPTA_TIANXIA_2277;What? [curser.GetSheHeCap] is clearly guilty!;;;;;;;;;;;;;x
EVTDESC_TIANXIA_2278;[curse_target.GetBestName] has ordered [curse_target.GetHerHis] guards to bring me before [curse_target.GetHerHim], with the stated intent of punishing me for supposedly using dark magic against [curse_target.GetHerHim].;;;;;;;;;;;;;x
EVTOPTA_TIANXIA_2278;But I have done no such thing!;;;;;;;;;;;;;x
EVTDESC_TIANXIA_2279;[curser.GetBestName] has been brought before me in chains to stand trial for [curser.GetHerHis] use of dark magic against me. I cannot show mercy to a follower of [curser.GetDWDevil] caught like this, but the severity of the punishment is for me to decide.;;;;;;;;;;;;;x
EVTOPTA_TIANXIA_2279;[curser.GetFirstName] will burn for this!;;;;;;;;;;;;;x
EVTOPTB_TIANXIA_2279;I will have [curser.GetFirstName] imprisoned!;;;;;;;;;;;;;x
EVTOPTC_TIANXIA_2279;The [curser.GetWarlockWitch] will be branded!;;;;;;;;;;;;;x
EVTDESC_TIANXIA_2280;[From.GetHerHim] has decreed that I will be burned at the stake, deeming it a fitting punishment for a [Root.GetWarlockWitch].;;;;;;;;;;;;;x
EVTOPTA_TIANXIA_2280;But I have done nothing!;;;;;;;;;;;;;x
EVTDESC_TIANXIA_2281;[FromFrom.GetBestName] has ordered [From.GetBestName] to be burned at the stake for [curser.GetHerHis] use of dark magic against [From.GetBestName];;;;;;;;;;;;;x
EVTOPTA_TIANXIA_2281;Suffer not the [curser.GetWarlockWitch]!;;;;;;;;;;;;;x
EVTDESC_TIANXIA_2282;[From.GetBestName] has ordered [From.GetHerHis] guards to throw me in a prison cell until such a time I can be dealt with properly.;;;;;;;;;;;;;x
EVTOPTA_TIANXIA_2282;Unhand me!;;;;;;;;;;;;;x
EVTDESC_TIANXIA_2283;[FromFrom.GetBestName] had [FromFrom.GetHerHis] guards throw [curser.GetBestName] in a prison cell for the crime of using dark magic against [FromFrom.GetHerHim].;;;;;;;;;;;;;x
EVTOPTA_TIANXIA_2283;Let [curser.GetHerHim] rot!;;;;;;;;;;;;;x
EVTDESC_TIANXIA_2284;[From.GetBestName] has ordered me to be branded so that everyone will know that I am a [Root.GetWarlockWitch] that have cursed [From.GetHerHim]. My earnest pleas of innocence were not enough.;;;;;;;;;;;;;x
EVTOPTA_TIANXIA_2284;Get that away from me!;;;;;;;;;;;;;x
EVTDESC_TIANXIA_2285;[FromFrom.GetBestName] had [curser.GetBestName] branded as a [curser.GetWarlockWitch] due to [curser.GetFirstName]'s use of dark magic against [FromFrom.GetHerHim].;;;;;;;;;;;;;x
EVTOPTA_TIANXIA_2285;Now everyone will know of [curser.GetHerHis] crimes!;;;;;;;;;;;;;x
EVTDESC_TIANXIA_2286;[curser.GetBestName] is a rival for [shared_partner.GetBestName]'s attentions, and that could end up being a problem for me. I might be able to get rid of [curser.GetHerHim] if I accuse [curser.GetHerHim] of being a [curser.GetWarlockWitch] that has attempted to curse me.;;;;;;;;;;;;;x
EVTOPTA_TIANXIA_2286;[shared_partner.GetFirstName], save me from this "[curser.GetWarlockWitch]"!;;;;;;;;;;;;;x
EVTOPTB_TIANXIA_2286;Guards! Seize [curser.GetHerHim]!;;;;;;;;;;;;;;x
EVTOPTC_TIANXIA_2286;I would never stoop so low...;;;;;;;;;;;;;x
EVTDESC_TIANXIA_2287;It seems [curse_target.GetBestName] has publicly accused me of cursing [curse_target.GetHerHim]. Of course, I have done no such thing!;;;;;;;;;;;;;x
EVTOPTA_TIANXIA_2287;But I'm innocent!;;;;;;;;;;;;;x
EVTDESC_TIANXIA_2288;It seems [curse_target.GetBestName] has publicly accused me of cursing [curse_target.GetHerHim], and that the matter has been brought before [shared_partner.GetBestName]. Of course, I have done no such thing!;;;;;;;;;;;;;x
EVTOPTA_TIANXIA_2288;This might not be good...;;;;;;;;;;;;;x
EVTDESC_TIANXIA_2289;[curse_target.GetBestName] has accused [curser.GetBestName] of cursing [curse_target.GetHerHim]. Some of the servants also claim to have noticed [curser.GetBestName] involved in some suspicious activities, though it is possible that they are lying.;;;;;;;;;;;;;x
EVTOPTA_TIANXIA_2289;What nonsense is this? [curser.GetSheHeCap] is no [curser.GetWarlockWitch]!;;;;;;;;;;;;;x
EVTOPTB_TIANXIA_2289;I suppose I can have [curser.GetFirstName] watched...;;;;;;;;;;;;;x
EVTOPTC_TIANXIA_2289;Guards! Fetch me that [curser.GetWarlockWitch]!;;;;;;;;;;;;;x
EVTDESC_TIANXIA_2290;[From.GetBestName] did not believe my accusations against [curser.GetBestName], claiming that I must be imagining things.;;;;;;;;;;;;;x
EVTOPTA_TIANXIA_2290;Well, that plan didn't work out...;;;;;;;;;;;;;x
EVTDESC_TIANXIA_2291;It seems [FromFrom.GetBestName] did not believe [curse_target.GetBestName]'s accusations, seeing as [FromFrom.GetSheHe] has made it clear that [FromFrom.GetSheHe] does not believe I am a [Root.GetWarlockWitch].;;;;;;;;;;;;;x
EVTOPTA_TIANXIA_2291;And I was never guilty!;;;;;;;;;;;;;x
EVTDESC_TIANXIA_2292;[From.GetBestName] did not fully believe my accusations against [curser.GetBestName], but [From.GetSheHe] has agreed that it might at least be prudent to keep a close eye on [curser.GetHerHim].;;;;;;;;;;;;;x
EVTOPTA_TIANXIA_2292;It's something, at least...;;;;;;;;;;;;;x;;;;;;;;;;;;;x
EVTDESC_TIANXIA_2293;It seems [FromFrom.GetBestName] was not entirely willing to dismiss [curse_target.GetBestName]'s accusations against me as I have noticed that I am being carefully watched by [FromFrom.GetFirstName]'s agents.;;;;;;;;;;;;;x
EVTOPTA_TIANXIA_2293;They'll just find proof of my innocence!;;;;;;;;;;;;;x
EVTDESC_TIANXIA_2294;The use of dark magic is of course a terrible crime, and if there is truth to [curse_target.GetBestName]'s accusations against [curser.GetBestName] then that demands some kind of punishment.;;;;;;;;;;;;;x
EVTOPTA_TIANXIA_2294;[curser.GetFirstName] will burn for this!;;;;;;;;;;;;;x
EVTOPTB_TIANXIA_2294;I will have [curser.GetFirstName] imprisoned!;;;;;;;;;;;;;x
EVTOPTC_TIANXIA_2294;The [curser.GetWarlockWitch] will be branded!;;;;;;;;;;;;;x
EVTOPTD_TIANXIA_2294;[curser.GetFirstName] will not be punished!;;;;;;;;;;;;;x
EVTDESC_TIANXIA_2295;[From.GetBestName] believed [curse_target.GetBestName]'s accusations, and has decreed that I will be burned at the stake.;;;;;;;;;;;;;x
EVTOPTA_TIANXIA_2295;But I have not cursed [curse_target.GetHerHim]!;;;;;;;;;;;;;x
EVTDESC_TIANXIA_2296;[FromFrom.GetBestName] believed my accusations, and as a result [curser.GetBestName] has been burned at the stake for [curser.GetHerHis] "crimes" against me.;;;;;;;;;;;;;x
EVTOPTA_TIANXIA_2296;Ha! And nobody will blame me!;;;;;;;;;;;;;x
EVTDESC_TIANXIA_2297;It seems [From.GetBestName] believed [curse_target.GetBestName]'s accusations, as [From.GetSheHe] has ordered [From.GetHerHis] guards to throw me in a prison cell until such a time I can be dealt with properly.;;;;;;;;;;;;;x
EVTOPTA_TIANXIA_2297;Unhand me!;;;;;;;;;;;;;x
EVTDESC_TIANXIA_2298;[FromFrom.GetBestName] had [FromFrom.GetHerHis] guards throw [curser.GetBestName] in a prison cell. Not as permanent an outcome as burning the [curser.GetWarlockWitch] would have been, but still a punishment for [curser.GetHerHis] "crimes" against me.;;;;;;;;;;;;;x
EVTOPTA_TIANXIA_2298;Let [curser.GetHerHim] rot!;;;;;;;;;;;;;x
EVTDESC_TIANXIA_2299;[From.GetBestName] believed [curse_target.GetBestName]'s accusations and has ordered me to be branded so that everyone will know that I am a [Root.GetWarlockWitch].;;;;;;;;;;;;;x
EVTOPTA_TIANXIA_2299;But I didn't curse anyone!;;;;;;;;;;;;;x
EVTDESC_TIANXIA_2300;[FromFrom.GetBestName] had [curser.GetBestName] branded as a [curser.GetWarlockWitch]. [curser.GetSheHeCap] still remains free, but at least there was a punishment for [curser.GetHerHis] "crimes" against me.;;;;;;;;;;;;;x
EVTOPTA_TIANXIA_2300;Nobody will believe [curser.GetHerHim] innocent now!;;;;;;;;;;;;;x
EVTDESC_TIANXIA_2301;It seems [From.GetBestName] believed [curse_target.GetBestName]'s accusations. However, [From.GetSheHe] has let it be known that I am not to be punished for my crimes.;;;;;;;;;;;;;x
EVTOPTA_TIANXIA_2301;I'll take it!;;;;;;;;;;;;;x
EVTDESC_TIANXIA_2302;[FromFrom.GetBestName] believed my accusations against [curser.GetBestName], but has decreed that [curser.GetSheHe] is not to be punished.;;;;;;;;;;;;;x
EVTOPTA_TIANXIA_2302;Bother...;;;;;;;;;;;;;x
EVTDESC_TIANXIA_2303;[curse_target.GetBestName] has ordered [curse_target.GetHerHis] guards to bring me before [curse_target.GetHerHim], with the stated intent of punishing me for supposedly using dark magic against [curse_target.GetHerHim].;;;;;;;;;;;;;x
EVTOPTA_TIANXIA_2303;But I have done no such thing!;;;;;;;;;;;;;x
EVTDESC_TIANXIA_2304;[curser.GetBestName] has been brought before me in chains to stand trial for [curser.GetHerHis] supposed use of dark magic against me. [curser.GetHerHisCap] fate is mine to decide.;;;;;;;;;;;;;x
EVTOPTA_TIANXIA_2304;[curser.GetFirstName] will burn for [curser.GetHerHis] "crimes"!;;;;;;;;;;;;;x
EVTOPTB_TIANXIA_2304;I will have [curser.GetFirstName] imprisoned!;;;;;;;;;;;;;x
EVTOPTC_TIANXIA_2304;The [curser.GetWarlockWitch] will be branded!;;;;;;;;;;;;;x
EVTDESC_TIANXIA_2305;[From.GetHerHim] has decreed that I will be burned at the stake, deeming it a fitting punishment for a [Root.GetWarlockWitch].;;;;;;;;;;;;;x
EVTOPTA_TIANXIA_2305;But I have done nothing!;;;;;;;;;;;;;x
EVTDESC_TIANXIA_2306;[FromFrom.GetBestName] has ordered [From.GetBestName] to be burned at the stake for [curser.GetHerHis] use of dark magic against [From.GetBestName];;;;;;;;;;;;;x
EVTOPTA_TIANXIA_2306;Suffer not the [curser.GetWarlockWitch]!;;;;;;;;;;;;;x
EVTDESC_TIANXIA_2307;[From.GetBestName] has ordered [From.GetHerHis] guards to throw me in a prison cell until such a time I can be dealt with properly.;;;;;;;;;;;;;x
EVTOPTA_TIANXIA_2307;Unhand me!;;;;;;;;;;;;;x
EVTDESC_TIANXIA_2308;[FromFrom.GetBestName] had [FromFrom.GetHerHis] guards throw [curser.GetBestName] in a prison cell for the crime of using dark magic against [FromFrom.GetHerHim].;;;;;;;;;;;;;x
EVTOPTA_TIANXIA_2308;Let [curser.GetHerHim] rot!;;;;;;;;;;;;;x
EVTDESC_TIANXIA_2309;[From.GetBestName] has ordered me to be branded so that everyone will know that I am a [Root.GetWarlockWitch] that have cursed [From.GetHerHim]. My earnest pleas of innocence were not enough.;;;;;;;;;;;;;x
EVTOPTA_TIANXIA_2309;Get that away from me!;;;;;;;;;;;;;x
EVTDESC_TIANXIA_2310;[FromFrom.GetBestName] had [curser.GetBestName] branded as a [curser.GetWarlockWitch] due to [curser.GetFirstName]'s use of dark magic against [FromFrom.GetHerHim].;;;;;;;;;;;;;x
EVTOPTA_TIANXIA_2310;Now everyone will know of [curser.GetHerHis] crimes!;;;;;;;;;;;;;x
EVTDESC_TIANXIA_2311;[pretty_consort.GetBestName] is a rival for [shared_partner.GetBestName]'s affections, which might end up being a problem for me. Perhaps there is a way in which I could redirect [shared_partner.GetBestName]'s attentions towards me...;;;;;;;;;;;;;x
EVTOPTA_TIANXIA_2311;A scar on [pretty_consort.GetHerHis] face would work well!;;;;;;;;;;;;;x
EVTOPTB_TIANXIA_2311;Someone should disfigure that pretty face...;;;;;;;;;;;;;x
EVTOPTC_TIANXIA_2311;I should just kill [pretty_consort.GetHerHim]!;;;;;;;;;;;;;x
EVTOPTD_TIANXIA_2311;This is a terrible idea...;;;;;;;;;;;;;x
EVTDESC_TIANXIA_2312;[attacking_consort.GetBestName] is coming at me with a knife, telling me that [shared_partner.GetBestName]'s love belongs to [attacking_consort.GetHerHim] and [attacking_consort.GetHerHim] alone and that [shared_partner.GetSheHe] will recognize that once I have a scar on my face.;;;;;;;;;;;;;x
EVTOPTA_TIANXIA_2312;I'll fight back!;;;;;;;;;;;;;x
EVTOPTB_TIANXIA_2312;I'll attempt to flee!;;;;;;;;;;;;;x
EVTDESC_TIANXIA_2313;I managed to give [pretty_consort.GetBestName]'s face a nasty wound, which doubtlessly will scar in due time. I am sure [shared_partner.GetBestName] no longer will love [pretty_consort.GetHerHim] now!;;;;;;;;;;;;;x
EVTOPTA_TIANXIA_2313;Just as planned!;;;;;;;;;;;;;x
EVTDESC_TIANXIA_2314;For all that I tried, I could not keep [attacking_consort.GetBestName] from slashing across my face with [attacking_consort.GetHerHis] knife. The wound is not as bad as it could have been, but it will scar, and perhaps [shared_partner.GetBestName] will indeed like me less now.;;;;;;;;;;;;;x
EVTOPTA_TIANXIA_2314;That vile [attacking_consort.GetBastardBitch]!;;;;;;;;;;;;;x
EVTDESC_TIANXIA_2315;I have just been informed that [attacking_consort.GetBestName] attacked [pretty_consort.GetBestName] with a knife, resulting in a fairly nasty wound to [pretty_consort.GetFirstName]'s face. If the servants are to be believed, it all had to do with my love for [pretty_consort.GetFirstName].;;;;;;;;;;;;;x
EVTOPTA_TIANXIA_2315;Never do anything like that again!;;;;;;;;;;;;;x
EVTOPTB_TIANXIA_2315;Guards! Seize [attacking_consort.GetHerHim]!;;;;;;;;;;;;;x
EVTOPTC_TIANXIA_2315;You'll hang for this, [attacking_consort.GetFirstName]!;;;;;;;;;;;;;x
EVTOPTD_TIANXIA_2315;I'm sure [pretty_consort.GetFirstName] had it coming...;;;;;;;;;;;;;x
EVTDESC_TIANXIA_2316;[From.GetBestName] was displeased to hear of my attack on [pretty_consort.GetBestName] and very firmly told me that [From.GetSheHe] wants me to swear to never do anything similar ever again.;;;;;;;;;;;;;x
EVTOPTA_TIANXIA_2316;Fine! I won't!;;;;;;;;;;;;;x
EVTDESC_TIANXIA_2317;[FromFrom.GetBestName] was very angry with [attacking_consort.GetBestName] after [attacking_consort.GetSheHe] attacked me and told [attacking_consort.GetHerHim] that [FromFrom.GetSheHe] expects [attacking_consort.GetHerHim] to never do anything similar ever again.;;;;;;;;;;;;;x
EVTOPTA_TIANXIA_2317;I suppose that's something...;;;;;;;;;;;;;x
EVTDESC_TIANXIA_2318;[From.GetBestName] has ordered [From.GetHerHis] guards to throw me in a prison cell "so that I may have ample time to reflect on just what I have done". Apparently, [From.GetSheHe] did not approve of what I did to [pretty_consort.GetBestName]'s face.;;;;;;;;;;;;;x
EVTOPTA_TIANXIA_2318;But I did it for your love!;;;;;;;;;;;;;x
EVTDESC_TIANXIA_2319;I have just been informed that [attacking_consort.GetBestName] has been imprisoned by [FromFrom.GetBestName]. Clearly, [attacking_consort.GetHerHis] attack on me was not something that [FromFrom.GetFirstName] approved of.;;;;;;;;;;;;;x
EVTOPTA_TIANXIA_2319;I hope [FromFrom.GetSheHe] throws away the key!;;;;;;;;;;;;;x
EVTDESC_TIANXIA_2320;[From.GetBestName] refuses to look at me while pronouncing [From.GetHerHis] judgement. My attack on [pretty_consort.GetBestName] is unforgivable, [From.GetSheHe] says, and I will hang for my crime.;;;;;;;;;;;;;x
EVTOPTA_TIANXIA_2320;No! This isn't how it was supposed to end!;;;;;;;;;;;;;x
EVTDESC_TIANXIA_2321;[FromFrom.GetBestName] has ordered [attacking_consort.GetBestName] to be hanged for [attacking_consort.GetHerHis] attack on me. A fitting end to such a vile [attacking_consort.GetManWoman].;;;;;;;;;;;;;x
EVTOPTA_TIANXIA_2321;Good riddance!;;;;;;;;;;;;;x
EVTDESC_TIANXIA_2322;It seems [From.GetBestName] did not think that I necessarily was in the wrong to attack [pretty_consort.GetBestName], seeing as [From.GetSheHe] has announced that I will not be punished for anything I have done.;;;;;;;;;;;;;x
EVTOPTA_TIANXIA_2322;Clearly, this was a good idea!;;;;;;;;;;;;;x
EVTDESC_TIANXIA_2323;[FromFrom.GetBestName] has let it be known that [FromFrom.GetSheHe] sees no reason to punish [attacking_consort.GetBestName] for [attacking_consort.GetHerHis] unprovoked attack on me.;;;;;;;;;;;;;x
EVTOPTA_TIANXIA_2323;What? You're just going to ignore it?;;;;;;;;;;;;;x
EVTDESC_TIANXIA_2324;The wound on [pretty_consort.GetBestName]'s face is rather ugly, and I have little doubt the resulting scar will be pretty. Can I really love a [pretty_consort.GetManWoman] with a face like that?;;;;;;;;;;;;;x
EVTOPTA_TIANXIA_2324;I can't love [pretty_consort.GetHerHim] any longer...;;;;;;;;;;;;;x
EVTOPTB_TIANXIA_2324;I am not that superficial!;;;;;;;;;;;;;x
EVTDESC_TIANXIA_2325;Today [From.GetBestName] let me know that [From.GetSheHe] does not think [From.GetSheHe] can love a [Root.GetManWoman] with a face like mine.;;;;;;;;;;;;;x
EVTOPTA_TIANXIA_2325;No! No!;;;;;;;;;;;;;x
EVTDESC_TIANXIA_2326;I have just been informed that [FromFrom.GetBestName] has told [pretty_consort.GetBestName] that [FromFrom.GetSheHe] doesn't love [pretty_consort.GetHerHim] any longer due to the state of [pretty_consort.GetHerHis] face following my attack on [pretty_consort.GetHerHim].;;;;;;;;;;;;;x
EVTOPTA_TIANXIA_2326;Wonderful news!;;;;;;;;;;;;;x
EVTDESC_TIANXIA_2327;The more I think about it, the more [shared_partner.GetBestName]'s unwillingness to deal with [attacking_consort.GetBestName]'s attack on me bothers me. Can I really love a [shared_partner.GetManWoman] like that?;;;;;;;;;;;;;x
EVTOPTA_TIANXIA_2327;If [shared_partner.GetSheHe] doesn't care to protect me, I don't care for [shared_partner.GetHerHim]!;;;;;;;;;;;;;x
EVTOPTB_TIANXIA_2327;Actually, it doesn't bother me that much...;;;;;;;;;;;;;x
EVTDESC_TIANXIA_2328;It seems [From.GetBestName] has gotten it into [From.GetHerHis] head that I am unworthy of [From.GetHerHis] love, likely due to me letting [attacking_consort.GetBestName] off easily after [attacking_consort.GetHerHis] attack on [From.GetBestName].;;;;;;;;;;;;;x
EVTOPTA_TIANXIA_2328;I suppose that's not surprising...;;;;;;;;;;;;;x
EVTDESC_TIANXIA_2329;I've just learned that [pretty_consort.GetBestName] has told [shared_partner.GetBestName] that [pretty_consort.GetSheHe] no longer loves [shared_partner.GetHerHim] since [shared_partner.GetSheHe] did not act against me in a fashion that [pretty_consort.GetFirstName] considers suitable.;;;;;;;;;;;;;x
EVTOPTA_TIANXIA_2329;And here I was waiting for [shared_partner.GetFirstName] to break up with [pretty_consort.GetHerHim]!;;;;;;;;;;;;;x
EVTDESC_TIANXIA_2330;Despite my attempt to give [pretty_consort.GetBestName]'s face a suitable decoration I was unable to do so, and the guards intervened and separated us easily enough. Luckily, it was unclear to them whether I or [pretty_consort.GetFirstName] started it.;;;;;;;;;;;;;x
EVTOPTA_TIANXIA_2330;I'll get [pretty_consort.GetHerHim] next time!;;;;;;;;;;;;;x
EVTDESC_TIANXIA_2331;The guards arrived before [pretty_consort.GetBestName] could wound me. Unfortunately, they were not convinced that [pretty_consort.GetFirstName] had started it, so [shared_partner.GetBestName] will not know [attacking_consort.GetSheHe] needs to be punished.;;;;;;;;;;;;;x
EVTOPTA_TIANXIA_2331;I need to watch out for [attacking_consort.GetHerHim]...;;;;;;;;;;;;;x
EVTDESC_TIANXIA_2332;[GetRandomTianxia2332];;;;;;;;;;;;;x
EVTDESCA_TIANXIA_2332;The guards arrived just in time to separate [attacking_consort.GetBestName] and [pretty_consort.GetBestName] as they were fighting over a knife today. According to some of the servants, [attacking_consort.GetFirstName] had attacked [pretty_consort.GetFirstName], but some others have it the other way around.;;;;;;;;;;;;;x
EVTDESCB_TIANXIA_2332;The guards arrived just in time to separate [pretty_consort.GetBestName] and [attacking_consort.GetBestName] as they were fighting over a knife today. According to some of the servants, [pretty_consort.GetFirstName] had attacked [attacking_consort.GetFirstName], but some others have it the other way around.;;;;;;;;;;;;;x
EVTDESCC_TIANXIA_2332;It seems [attacking_consort.GetBestName] and [pretty_consort.GetBestName] were fighting each other today, and not just with words, and that the guards were forced to intervene. Whether [attacking_consort.GetFirstName] or [pretty_consort.GetFirstName] started it is unclear.;;;;;;;;;;;;;x
EVTDESCD_TIANXIA_2332;It seems [pretty_consort.GetBestName] and [attacking_consort.GetBestName] were fighting each other today, and not just with words, and that the guards were forced to intervene. Whether [pretty_consort.GetFirstName] or [attacking_consort.GetFirstName] started it is unclear.;;;;;;;;;;;;;x
EVTOPTA_TIANXIA_2332;Either could be to blame...;;;;;;;;;;;;;x
EVTDESC_TIANXIA_2333;My attack on [pretty_consort.GetBestName] did not go at all the way I intended for it to go. [pretty_consort.GetSheHeCap] managed to disarm me and used my own knife against me, giving my face just the kind of nasty wound I would have liked to have given [pretty_consort.GetHerHim].;;;;;;;;;;;;;x
EVTOPTA_TIANXIA_2333;This... is merely a setback!;;;;;;;;;;;;;x
EVTDESC_TIANXIA_2334;I managed to avoid [attacking_consort.GetBestName]'s attacks before disarming [attacking_consort.GetHerHim]. As [attacking_consort.GetSheHe] still seemed intent on harming me, I made sure to use [attacking_consort.GetHerHis] knife to drive [attacking_consort.GetHerHim] away, giving [attacking_consort.GetHerHis] face a nasty wound in th process.;;;;;;;;;;;;;x
EVTOPTA_TIANXIA_2334;Serves [attacking_consort.GetHerHim] right!;;;;;;;;;;;;;x
EVTDESC_TIANXIA_2335;It seems [attacking_consort.GetBestName]'s face has been injured in a fight with [pretty_consort.GetBestName]. However, according to several witnesses, [attacking_consort.GetFirstName] might have attacked [pretty_consort.GetFirstName], which might make it self-defence.;;;;;;;;;;;;;x
EVTOPTA_TIANXIA_2335;[attacking_consort.GetFirstName] is to blame here!;;;;;;;;;;;;;x
EVTOPTB_TIANXIA_2335;[pretty_consort.GetFirstName] went beyond self-defence!;;;;;;;;;;;;;x
EVTOPTC_TIANXIA_2335;I think neither is in the right...;;;;;;;;;;;;;x
EVTDESC_TIANXIA_2336;Attacking [pretty_consort.GetBestName] is clearly inexcusable. I need to decide how to deal with [attacking_consort.GetBestName] and what [attacking_consort.GetSheHe] has done.;;;;;;;;;;;;;x
EVTOPTA_TIANXIA_2336;Never do anything like that again!;;;;;;;;;;;;;x
EVTOPTB_TIANXIA_2336;Guards! Seize [attacking_consort.GetHerHim]!;;;;;;;;;;;;;x
EVTOPTC_TIANXIA_2336;You'll hang for this, [attacking_consort.GetFirstName]!;;;;;;;;;;;;;x
EVTDESC_TIANXIA_2337;[From.GetBestName] was displeased to hear of my attack on [pretty_consort.GetBestName] and very firmly told me that [From.GetSheHe] wants me to swear to never do anything similar ever again. My facial injury was apparently not punishment enough.;;;;;;;;;;;;;x
EVTOPTA_TIANXIA_2337;Fine! I won't!;;;;;;;;;;;;;x
EVTDESC_TIANXIA_2338;[FromFrom.GetBestName] was very angry with [attacking_consort.GetBestName] after [attacking_consort.GetSheHe] attacked me and told [attacking_consort.GetHerHim] that [FromFrom.GetSheHe] expects [attacking_consort.GetHerHim] to never do anything similar ever again.;;;;;;;;;;;;;x
EVTOPTA_TIANXIA_2338;I suppose that's something...;;;;;;;;;;;;;x
EVTDESC_TIANXIA_2339;[From.GetBestName] has ordered [From.GetHerHis] guards to throw me in a prison cell "so that I may have ample time to reflect on just what I have done". Apparently, [From.GetSheHe] did not think my facial injury was punishment enough.;;;;;;;;;;;;;x
EVTOPTA_TIANXIA_2339;But I did it for your love!;;;;;;;;;;;;;x
EVTDESC_TIANXIA_2340;I have just been informed that [attacking_consort.GetBestName] has been imprisoned by [FromFrom.GetBestName]. Clearly, [attacking_consort.GetHerHis] attack on me was not something that [FromFrom.GetFirstName] approved of.;;;;;;;;;;;;;x
EVTOPTA_TIANXIA_2340;I hope [FromFrom.GetSheHe] throws away the key!;;;;;;;;;;;;;x
EVTDESC_TIANXIA_2341;[From.GetBestName] refuses to look at me while pronouncing [From.GetHerHis] judgement. My attack on [pretty_consort.GetBestName] is unforgivable, [From.GetSheHe] says, and I will hang for my crime.;;;;;;;;;;;;;x
EVTOPTA_TIANXIA_2341;No! This isn't how it was supposed to end!;;;;;;;;;;;;;x
EVTDESC_TIANXIA_2342;[FromFrom.GetBestName] has ordered [attacking_consort.GetBestName] to be hanged for [attacking_consort.GetHerHis] attack on me. A fitting end to such a vile [attacking_consort.GetManWoman].;;;;;;;;;;;;;x
EVTOPTA_TIANXIA_2342;Good riddance!;;;;;;;;;;;;;x
EVTDESC_TIANXIA_2343;Self-defence or not, what [pretty_consort.GetBestName] did to [attacking_consort.GetBestName]'s face is inexcusable. I need to decide how to deal with [pretty_consort.GetFirstName] and what [pretty_consort.GetSheHe] has done.;;;;;;;;;;;;;x
EVTOPTA_TIANXIA_2343;Never do anything like that again!;;;;;;;;;;;;;x
EVTOPTB_TIANXIA_2343;Guards! Seize [pretty_consort.GetHerHim]!;;;;;;;;;;;;;x
EVTOPTC_TIANXIA_2343;You'll hang for this, [pretty_consort.GetFirstName]!;;;;;;;;;;;;;x
EVTDESC_TIANXIA_2344;[From.GetBestName] was displeased to hear what I did to [attacking_consort.GetBestName]'s face and very firmly told me that [From.GetSheHe] wants me to swear to never do anything similar ever again. Self-defence was apparently not sufficient justification.;;;;;;;;;;;;;x
EVTOPTA_TIANXIA_2344;I don't think I did anything wrong!;;;;;;;;;;;;;x
EVTDESC_TIANXIA_2345;[FromFrom.GetBestName] was very angry with what [pretty_consort.GetBestName] did to my face and and told [pretty_consort.GetHerHim] that [FromFrom.GetSheHe] expects [pretty_consort.GetHerHim] to never do anything similar ever again.;;;;;;;;;;;;;x
EVTOPTA_TIANXIA_2345;I suppose that's something...;;;;;;;;;;;;;x
EVTDESC_TIANXIA_2346;[From.GetBestName] has ordered [From.GetHerHis] guards to throw me in a prison cell "so that I may have ample time to reflect on just what I have done". Apparently, [From.GetSheHe] did not consider self-defence ample justification.;;;;;;;;;;;;;x
EVTOPTA_TIANXIA_2346;But I was attacked!;;;;;;;;;;;;;x
EVTDESC_TIANXIA_2347;I have just been informed that [pretty_consort.GetBestName] has been imprisoned by [FromFrom.GetBestName]. Clearly, [pretty_consort.GetHerHim] injuring my face was not something [FromFrom.GetFirstName] approved of.;;;;;;;;;;;;;x
EVTOPTA_TIANXIA_2347;I hope [FromFrom.GetSheHe] throws away the key!;;;;;;;;;;;;;x
EVTDESC_TIANXIA_2348;[From.GetBestName] refuses to look at me while pronouncing [From.GetHerHis] judgement. What I did to [attacking_consort.GetBestName]'s face is unforgivable, [From.GetSheHe] says, and I will hang for my crime.;;;;;;;;;;;;;x
EVTOPTA_TIANXIA_2348;It was self-defence! I swear!;;;;;;;;;;;;;x
EVTDESC_TIANXIA_2349;[FromFrom.GetBestName] has ordered [pretty_consort.GetBestName] to be hanged. A fitting end to the [pretty_consort.GetManWoman] that injured my face.;;;;;;;;;;;;;x
EVTOPTA_TIANXIA_2349;Good riddance!;;;;;;;;;;;;;x
EVTDESC_TIANXIA_2350;It seems [shared_partner.GetBestName] does not think I should be punished for my attack on [pretty_consort.GetBestName], but also that [pretty_consort.GetSheHe] should not be punished for what happened to my face.;;;;;;;;;;;;;x
EVTOPTA_TIANXIA_2350;But [pretty_consort.GetSheHe] hurt me!;;;;;;;;;;;;;x
EVTDESC_TIANXIA_2351;It seems [shared_partner.GetBestName] does not think I should be punished for what happened to [attacking_consort.GetBestName]'s face after [attacking_consort.GetSheHe] attacked me, but also that [attacking_consort.GetSheHe] should not be punished for attacking me in the first place.;;;;;;;;;;;;;x
EVTOPTA_TIANXIA_2351;I suppose that's tolerable...;;;;;;;;;;;;;x
EVTOPTB_TIANXIA_2351;Clearly, [shared_partner.GetSheHe] never loved me!;;;;;;;;;;;;;x
EVTDESC_TIANXIA_2352;It seems my unwillingness to blame and punish [attacking_consort.GetBestName] has convinced [pretty_consort.GetBestName] that I never loved [pretty_consort.GetHerHim]. At the very least, [pretty_consort.GetSheHe] has made it clear that [pretty_consort.GetSheHe] no longer loves me.;;;;;;;;;;;;;x
EVTOPTA_TIANXIA_2352;I see...;;;;;;;;;;;;;x
EVTDESC_TIANXIA_2353;It seems [pretty_consort.GetBestName] has informed [shared_partner.GetBestName] that [pretty_consort.GetSheHe] no longer loves [shared_partner.GetHerHim], supposedly because I did not "get the punishment I deserve".;;;;;;;;;;;;;x
EVTOPTA_TIANXIA_2353;I suppose that's something...;;;;;;;;;;;;;x
EVTDESC_TIANXIA_2354;[attacking_consort.GetBestName] is coming at me with a knife, telling me that [shared_partner.GetBestName]'s love belongs to [attacking_consort.GetHerHim] and [attacking_consort.GetHerHim] alone and that [shared_partner.GetSheHe] will recognize that once my face is ruined.;;;;;;;;;;;;;x
EVTOPTA_TIANXIA_2354;I'll fight back!;;;;;;;;;;;;;x
EVTOPTB_TIANXIA_2354;I'll attempt to flee!;;;;;;;;;;;;;x
EVTDESC_TIANXIA_2355;I managed to utterly ruin [pretty_consort.GetBestName]'s face. I am sure [shared_partner.GetBestName] no longer will love [pretty_consort.GetHerHim] now!;;;;;;;;;;;;;x
EVTOPTA_TIANXIA_2355;Just as planned!;;;;;;;;;;;;;x
EVTDESC_TIANXIA_2356;For all that I tried, I could not keep [attacking_consort.GetBestName] from slashing across my face with [attacking_consort.GetHerHis] knife. My face is ruined, and perhaps [shared_partner.GetBestName] will indeed like me less now.;;;;;;;;;;;;;x
EVTOPTA_TIANXIA_2356;That vile [attacking_consort.GetBastardBitch]!;;;;;;;;;;;;;x
EVTDESC_TIANXIA_2357;I have just been informed that [attacking_consort.GetBestName] attacked [pretty_consort.GetBestName] with a knife, completely ruining [pretty_consort.GetFirstName]'s face. If the servants are to be believed, it all had to do with my love for [pretty_consort.GetFirstName].;;;;;;;;;;;;;x
EVTOPTA_TIANXIA_2357;Never do anything like that again!;;;;;;;;;;;;;x
EVTOPTB_TIANXIA_2357;Guards! Seize [attacking_consort.GetHerHim]!;;;;;;;;;;;;;x
EVTOPTC_TIANXIA_2357;You'll hang for this, [attacking_consort.GetFirstName]!;;;;;;;;;;;;;x
EVTOPTD_TIANXIA_2357;I'm sure [pretty_consort.GetFirstName] had it coming...;;;;;;;;;;;;;x
EVTDESC_TIANXIA_2358;[From.GetBestName] was displeased to hear of my attack on [pretty_consort.GetBestName] and very firmly told me that [From.GetSheHe] wants me to swear to never do anything similar ever again.;;;;;;;;;;;;;x
EVTOPTA_TIANXIA_2358;Fine! I won't!;;;;;;;;;;;;;x
EVTDESC_TIANXIA_2359;[FromFrom.GetBestName] was very angry with [attacking_consort.GetBestName] after [attacking_consort.GetSheHe] attacked me and told [attacking_consort.GetHerHim] that [FromFrom.GetSheHe] expects [attacking_consort.GetHerHim] to never do anything similar ever again.;;;;;;;;;;;;;x
EVTOPTA_TIANXIA_2359;I suppose that's something...;;;;;;;;;;;;;x
EVTDESC_TIANXIA_2360;[From.GetBestName] has ordered [From.GetHerHis] guards to throw me in a prison cell "so that I may have ample time to reflect on just what I have done". Apparently, [From.GetSheHe] did not approve of what I did to [pretty_consort.GetBestName]'s face.;;;;;;;;;;;;;x
EVTOPTA_TIANXIA_2360;But I did it for your love!;;;;;;;;;;;;;x
EVTDESC_TIANXIA_2361;I have just been informed that [attacking_consort.GetBestName] has been imprisoned by [FromFrom.GetBestName]. Clearly, [attacking_consort.GetHerHis] attack on me was not something that [FromFrom.GetFirstName] approved of.;;;;;;;;;;;;;x
EVTOPTA_TIANXIA_2361;I hope [FromFrom.GetSheHe] throws away the key!;;;;;;;;;;;;;x
EVTDESC_TIANXIA_2362;[From.GetBestName] refuses to look at me while pronouncing [From.GetHerHis] judgement. My attack on [pretty_consort.GetBestName] is unforgivable, [From.GetSheHe] says, and I will hang for my crime.;;;;;;;;;;;;;x
EVTOPTA_TIANXIA_2362;No! This isn't how it was supposed to end!;;;;;;;;;;;;;x
EVTDESC_TIANXIA_2363;[FromFrom.GetBestName] has ordered [attacking_consort.GetBestName] to be hanged for [attacking_consort.GetHerHis] attack on me. A fitting end to such a vile [attacking_consort.GetManWoman].;;;;;;;;;;;;;x
EVTOPTA_TIANXIA_2363;Good riddance!;;;;;;;;;;;;;x
EVTDESC_TIANXIA_2364;It seems [From.GetBestName] did not think that I necessarily was in the wrong to attack [pretty_consort.GetBestName], seeing as [From.GetSheHe] has announced that I will not be punished for anything I have done.;;;;;;;;;;;;;x
EVTOPTA_TIANXIA_2364;Clearly, this was a good idea!;;;;;;;;;;;;;x
EVTDESC_TIANXIA_2365;[FromFrom.GetBestName] has let it be known that [FromFrom.GetSheHe] sees no reason to punish [attacking_consort.GetBestName] for [attacking_consort.GetHerHis] unprovoked attack on me.;;;;;;;;;;;;;x
EVTOPTA_TIANXIA_2365;What? You're just going to ignore it?;;;;;;;;;;;;;x
EVTDESC_TIANXIA_2366;[pretty_consort.GetBestName]'s face is a ruined mess that barely can bear looking at. Can I really love a [pretty_consort.GetManWoman] with a face like that?;;;;;;;;;;;;;x
EVTOPTA_TIANXIA_2366;I can't love [pretty_consort.GetHerHim] any longer...;;;;;;;;;;;;;x
EVTOPTB_TIANXIA_2366;I am not that superficial!;;;;;;;;;;;;;x
EVTDESC_TIANXIA_2367;Today [From.GetBestName] let me know that [From.GetSheHe] does not think [From.GetSheHe] can love a [Root.GetManWoman] with a face like mine.;;;;;;;;;;;;;x
EVTOPTA_TIANXIA_2367;No! No!;;;;;;;;;;;;;x
EVTDESC_TIANXIA_2368;I have just been informed that [FromFrom.GetBestName] has told [pretty_consort.GetBestName] that [FromFrom.GetSheHe] doesn't love [pretty_consort.GetHerHim] any longer due to the state of [pretty_consort.GetHerHis] face following my attack on [pretty_consort.GetHerHim].;;;;;;;;;;;;;x
EVTOPTA_TIANXIA_2368;Wonderful news!;;;;;;;;;;;;;x
EVTDESC_TIANXIA_2369;The more I think about it, the more [shared_partner.GetBestName]'s unwillingness to deal with [attacking_consort.GetBestName]'s attack on me bothers me. Can I really love a [shared_partner.GetManWoman] like that?;;;;;;;;;;;;;x
EVTOPTA_TIANXIA_2369;If [shared_partner.GetSheHe] doesn't care to protect me, I don't care for [shared_partner.GetHerHim]!;;;;;;;;;;;;;x
EVTOPTB_TIANXIA_2369;Actually, it doesn't bother me that much...;;;;;;;;;;;;;x
EVTDESC_TIANXIA_2370;It seems [From.GetBestName] has gotten it into [From.GetHerHis] head that I am unworthy of [From.GetHerHis] love, likely due to me letting [attacking_consort.GetBestName] off easily after [attacking_consort.GetHerHis] attack on [From.GetBestName].;;;;;;;;;;;;;x
EVTOPTA_TIANXIA_2370;I suppose that's not surprising...;;;;;;;;;;;;;x
EVTDESC_TIANXIA_2371;I've just learned that [pretty_consort.GetBestName] has told [shared_partner.GetBestName] that [pretty_consort.GetSheHe] no longer loves [shared_partner.GetHerHim] since [shared_partner.GetSheHe] did not act against me in a fashion that [pretty_consort.GetFirstName] considers suitable.;;;;;;;;;;;;;x
EVTOPTA_TIANXIA_2371;And here I was waiting for [shared_partner.GetFirstName] to break up with [pretty_consort.GetHerHim]!;;;;;;;;;;;;;x
EVTDESC_TIANXIA_2372;Despite my attempt to give [pretty_consort.GetBestName] a more appropriate face I was unable to do so, and the guards intervened and separated us easily enough. Luckily, it was unclear to them whether I or [pretty_consort.GetFirstName] started it.;;;;;;;;;;;;;x
EVTOPTA_TIANXIA_2372;I'll get [pretty_consort.GetHerHim] next time!;;;;;;;;;;;;;x
EVTDESC_TIANXIA_2373;The guards arrived before [pretty_consort.GetBestName] could wound me. Unfortunately, they were not convinced that [pretty_consort.GetFirstName] had started it, so [shared_partner.GetBestName] will not know [attacking_consort.GetSheHe] needs to be punished.;;;;;;;;;;;;;x
EVTOPTA_TIANXIA_2373;I need to watch out for [attacking_consort.GetHerHim]...;;;;;;;;;;;;;x
EVTDESC_TIANXIA_2374;[GetRandomTianxia2374];;;;;;;;;;;;;x
EVTDESCA_TIANXIA_2374;The guards arrived just in time to separate [attacking_consort.GetBestName] and [pretty_consort.GetBestName] as they were fighting over a knife today. According to some of the servants, [attacking_consort.GetFirstName] had attacked [pretty_consort.GetFirstName], but some others have it the other way around.;;;;;;;;;;;;;x
EVTDESCB_TIANXIA_2374;The guards arrived just in time to separate [pretty_consort.GetBestName] and [attacking_consort.GetBestName] as they were fighting over a knife today. According to some of the servants, [pretty_consort.GetFirstName] had attacked [attacking_consort.GetFirstName], but some others have it the other way around.;;;;;;;;;;;;;x
EVTDESCC_TIANXIA_2374;It seems [attacking_consort.GetBestName] and [pretty_consort.GetBestName] were fighting each other today, and not just with words, and that the guards were forced to intervene. Whether [attacking_consort.GetFirstName] or [pretty_consort.GetFirstName] started it is unclear.;;;;;;;;;;;;;x
EVTDESCD_TIANXIA_2374;It seems [pretty_consort.GetBestName] and [attacking_consort.GetBestName] were fighting each other today, and not just with words, and that the guards were forced to intervene. Whether [pretty_consort.GetFirstName] or [attacking_consort.GetFirstName] started it is unclear.;;;;;;;;;;;;;x
EVTOPTA_TIANXIA_2374;Either could be to blame...;;;;;;;;;;;;;x
EVTDESC_TIANXIA_2375;My attack on [pretty_consort.GetBestName] did not go at all the way I intended for it to go. [pretty_consort.GetSheHeCap] managed to disarm me and used my own knife against me, ruining my face in the process.;;;;;;;;;;;;;x
EVTOPTA_TIANXIA_2375;This... is merely a setback!;;;;;;;;;;;;;x
EVTDESC_TIANXIA_2376;I managed to avoid [attacking_consort.GetBestName]'s attacks before disarming [attacking_consort.GetHerHim]. As [attacking_consort.GetSheHe] still seemed intent on harming me, I made sure to use [attacking_consort.GetHerHis] knife against [attacking_consort.GetHerHim]. [attacking_consort.GetHerHisCap] face ended up completely ruined.;;;;;;;;;;;;;x
EVTOPTA_TIANXIA_2376;Serves [attacking_consort.GetHerHim] right!;;;;;;;;;;;;;x
EVTDESC_TIANXIA_2377;It seems [attacking_consort.GetBestName]'s face has been disfigured in a fight with [pretty_consort.GetBestName]. However, according to several witnesses, [attacking_consort.GetFirstName] might have attacked [pretty_consort.GetFirstName], which might make it self-defence.;;;;;;;;;;;;;x
EVTOPTA_TIANXIA_2377;[attacking_consort.GetFirstName] is to blame here!;;;;;;;;;;;;;x
EVTOPTB_TIANXIA_2377;[pretty_consort.GetFirstName] went beyond self-defence!;;;;;;;;;;;;;x
EVTOPTC_TIANXIA_2377;I think neither is in the right...;;;;;;;;;;;;;x
EVTDESC_TIANXIA_2378;Attacking [pretty_consort.GetBestName] is clearly inexcusable. I need to decide how to deal with [attacking_consort.GetBestName] and what [attacking_consort.GetSheHe] has done.;;;;;;;;;;;;;x
EVTOPTA_TIANXIA_2378;Never do anything like that again!;;;;;;;;;;;;;x
EVTOPTB_TIANXIA_2378;Guards! Seize [attacking_consort.GetHerHim]!;;;;;;;;;;;;;x
EVTOPTC_TIANXIA_2378;You'll hang for this, [attacking_consort.GetFirstName]!;;;;;;;;;;;;;x
EVTDESC_TIANXIA_2379;[From.GetBestName] was displeased to hear of my attack on [pretty_consort.GetBestName] and very firmly told me that [From.GetSheHe] wants me to swear to never do anything similar ever again. My disfigurement was apparently not punishment enough.;;;;;;;;;;;;;x
EVTOPTA_TIANXIA_2379;Fine! I won't!;;;;;;;;;;;;;x
EVTDESC_TIANXIA_2380;[FromFrom.GetBestName] was very angry with [attacking_consort.GetBestName] after [attacking_consort.GetSheHe] attacked me and told [attacking_consort.GetHerHim] that [FromFrom.GetSheHe] expects [attacking_consort.GetHerHim] to never do anything similar ever again.;;;;;;;;;;;;;x
EVTOPTA_TIANXIA_2380;I suppose that's something...;;;;;;;;;;;;;x
EVTDESC_TIANXIA_2381;[From.GetBestName] has ordered [From.GetHerHis] guards to throw me in a prison cell "so that I may have ample time to reflect on just what I have done". Apparently, [From.GetSheHe] did not think my disfigurement was punishment enough.;;;;;;;;;;;;;x
EVTOPTA_TIANXIA_2381;But I did it for your love!;;;;;;;;;;;;;x
EVTDESC_TIANXIA_2382;I have just been informed that [attacking_consort.GetBestName] has been imprisoned by [FromFrom.GetBestName]. Clearly, [attacking_consort.GetHerHis] attack on me was not something that [FromFrom.GetFirstName] approved of.;;;;;;;;;;;;;x
EVTOPTA_TIANXIA_2382;I hope [FromFrom.GetSheHe] throws away the key!;;;;;;;;;;;;;x
EVTDESC_TIANXIA_2383;[From.GetBestName] refuses to look at me while pronouncing [From.GetHerHis] judgement. My attack on [pretty_consort.GetBestName] is unforgivable, [From.GetSheHe] says, and I will hang for my crime.;;;;;;;;;;;;;x
EVTOPTA_TIANXIA_2383;No! This isn't how it was supposed to end!;;;;;;;;;;;;;x
EVTDESC_TIANXIA_2384;[FromFrom.GetBestName] has ordered [attacking_consort.GetBestName] to be hanged for [attacking_consort.GetHerHis] attack on me. A fitting end to such a vile [attacking_consort.GetManWoman].;;;;;;;;;;;;;x
EVTOPTA_TIANXIA_2384;Good riddance!;;;;;;;;;;;;;x
EVTDESC_TIANXIA_2385;Self-defence or not, what [pretty_consort.GetBestName] did to [attacking_consort.GetBestName]'s face is inexcusable. I need to decide how to deal with [pretty_consort.GetFirstName] and what [pretty_consort.GetSheHe] has done.;;;;;;;;;;;;;x
EVTOPTA_TIANXIA_2385;Never do anything like that again!;;;;;;;;;;;;;x
EVTOPTB_TIANXIA_2385;Guards! Seize [pretty_consort.GetHerHim]!;;;;;;;;;;;;;x
EVTOPTC_TIANXIA_2385;You'll hang for this, [pretty_consort.GetFirstName]!;;;;;;;;;;;;;x
EVTDESC_TIANXIA_2386;[From.GetBestName] was displeased to hear what I did to [attacking_consort.GetBestName]'s face and very firmly told me that [From.GetSheHe] wants me to swear to never do anything similar ever again. Self-defence was apparently not sufficient justification.;;;;;;;;;;;;;x
EVTOPTA_TIANXIA_2386;I don't think I did anything wrong!;;;;;;;;;;;;;x
EVTDESC_TIANXIA_2387;[FromFrom.GetBestName] was very angry with what [pretty_consort.GetBestName] did to my face and and told [pretty_consort.GetHerHim] that [FromFrom.GetSheHe] expects [pretty_consort.GetHerHim] to never do anything similar ever again.;;;;;;;;;;;;;x
EVTOPTA_TIANXIA_2387;I suppose that's something...;;;;;;;;;;;;;x
EVTDESC_TIANXIA_2388;[From.GetBestName] has ordered [From.GetHerHis] guards to throw me in a prison cell "so that I may have ample time to reflect on just what I have done". Apparently, [From.GetSheHe] did not consider self-defence ample justification.;;;;;;;;;;;;;x
EVTOPTA_TIANXIA_2388;But I was attacked!;;;;;;;;;;;;;x
EVTDESC_TIANXIA_2389;I have just been informed that [pretty_consort.GetBestName] has been imprisoned by [FromFrom.GetBestName]. Clearly, [pretty_consort.GetHerHim] disfiguring my face was not something [FromFrom.GetFirstName] approved of.;;;;;;;;;;;;;x
EVTOPTA_TIANXIA_2389;I hope [FromFrom.GetSheHe] throws away the key!;;;;;;;;;;;;;x
EVTDESC_TIANXIA_2390;[From.GetBestName] refuses to look at me while pronouncing [From.GetHerHis] judgement. What I did to [attacking_consort.GetBestName]'s face is unforgivable, [From.GetSheHe] says, and I will hang for my crime.;;;;;;;;;;;;;x
EVTOPTA_TIANXIA_2390;It was self-defence! I swear!;;;;;;;;;;;;;x
EVTDESC_TIANXIA_2391;[FromFrom.GetBestName] has ordered [pretty_consort.GetBestName] to be hanged. A fitting end to the [pretty_consort.GetManWoman] that disfigured my face.;;;;;;;;;;;;;x
EVTOPTA_TIANXIA_2391;Good riddance!;;;;;;;;;;;;;x
EVTDESC_TIANXIA_2392;It seems [shared_partner.GetBestName] does not think I should be punished for my attack on [pretty_consort.GetBestName], but also that [pretty_consort.GetSheHe] should not be punished for what happened to my face.;;;;;;;;;;;;;x
EVTOPTA_TIANXIA_2392;But [pretty_consort.GetSheHe] hurt me!;;;;;;;;;;;;;x
EVTDESC_TIANXIA_2393;It seems [shared_partner.GetBestName] does not think I should be punished for what happened to [attacking_consort.GetBestName]'s face after [attacking_consort.GetSheHe] attacked me, but also that [attacking_consort.GetSheHe] should not be punished for attacking me in the first place.;;;;;;;;;;;;;x
EVTOPTA_TIANXIA_2393;I suppose that's tolerable...;;;;;;;;;;;;;x
EVTOPTB_TIANXIA_2393;Clearly, [shared_partner.GetSheHe] never loved me!;;;;;;;;;;;;;x
EVTDESC_TIANXIA_2394;It seems my unwillingness to blame and punish [attacking_consort.GetBestName] has convinced [pretty_consort.GetBestName] that I never loved [pretty_consort.GetHerHim]. At the very least, [pretty_consort.GetSheHe] has made it clear that [pretty_consort.GetSheHe] no longer loves me.;;;;;;;;;;;;;x
EVTOPTA_TIANXIA_2394;I see...;;;;;;;;;;;;;x
EVTDESC_TIANXIA_2395;It seems [pretty_consort.GetBestName] has informed [shared_partner.GetBestName] that [pretty_consort.GetSheHe] no longer loves [shared_partner.GetHerHim], supposedly because I did not "get the punishment I deserve".;;;;;;;;;;;;;x
EVTOPTA_TIANXIA_2395;I suppose that's something...;;;;;;;;;;;;;x
EVTDESC_TIANXIA_2396;[attacking_consort.GetBestName] is coming at me with a knife, telling me that [shared_partner.GetBestName]'s love belongs to [attacking_consort.GetHerHim] and that I need to die.;;;;;;;;;;;;;x
EVTOPTA_TIANXIA_2396;I need to fight back!;;;;;;;;;;;;;x
EVTDESC_TIANXIA_2397;[pretty_consort.GetBestName] is dead and can therefore no longer attempt to keep [shared_partner.GetBestName] from loving me.;;;;;;;;;;;;;x
EVTOPTA_TIANXIA_2397;And [shared_partner.GetSheHe] will never stop loving me now!;;;;;;;;;;;;;x
EVTDESC_TIANXIA_2398;Though I attempt to fight [attacking_consort.GetBestName] off [attacking_consort.GetSheHe] turns out to be a better fighter than me, and with the element of surprise on [attacking_consort.GetHerHis] side on top of that I cannot prevail.;;;;;;;;;;;;;x
EVTOPTA_TIANXIA_2398;[shared_partner.GetFirstName] will never love you!;;;;;;;;;;;;;x
EVTDESC_TIANXIA_2399;I have just been informed that [pretty_consort.GetBestName] has been killed by [attacking_consort.GetBestName]. Apparently they were fighting over my love.;;;;;;;;;;;;;x
EVTOPTA_TIANXIA_2399;[attacking_consort.GetFirstName], you go too far!;;;;;;;;;;;;;x
EVTOPTB_TIANXIA_2399;Guards! Seize [attacking_consort.GetHerHim]!;;;;;;;;;;;;;x
EVTOPTC_TIANXIA_2399;You'll hang for this, [attacking_consort.GetFirstName]!;;;;;;;;;;;;;x
EVTOPTD_TIANXIA_2399;I'm sure [pretty_consort.GetFirstName] had it coming...;;;;;;;;;;;;;x
EVTDESC_TIANXIA_2400;[From.GetBestName] was unhappy with me for killing [pretty_consort.GetBestName], telling me that I have gone too far in my pursuit of [From.GetHerHis] affections.;;;;;;;;;;;;;x
EVTOPTA_TIANXIA_2400;[From.GetSheHeCap] will come around, sooner or later!;;;;;;;;;;;;;x
EVTDESC_TIANXIA_2401;[From.GetBestName] has ordered [From.GetHerHis] guards to throw me in a prison cell "so that I may have ample time to reflect on just what I have done". Apparently, [From.GetSheHe] thinks I should not have killed [pretty_consort.GetBestName].;;;;;;;;;;;;;x
EVTOPTA_TIANXIA_2401;But I did it for your love!;;;;;;;;;;;;;x
EVTDESC_TIANXIA_2402;[From.GetBestName] refuses to look at me while pronouncing [From.GetHerHis] judgement. The murder of [pretty_consort.GetBestName] is unforgivable, [From.GetSheHe] says, and I will hang for my crime.;;;;;;;;;;;;;x
EVTOPTA_TIANXIA_2402;No! It was for love! Your love!;;;;;;;;;;;;;x
EVTDESC_TIANXIA_2403;It seems [From.GetBestName] did not think that I necessarily was in the wrong to kill [pretty_consort.GetBestName], seeing as [From.GetSheHe] has announced that I will not be punished for anything I have done.;;;;;;;;;;;;;x
EVTOPTA_TIANXIA_2403;Clearly, this was a good idea!;;;;;;;;;;;;;x
EVTDESC_TIANXIA_2404;Despite having the element of surprise on my side [pretty_consort.GetBestName] turns the fight around, and before long I am bleeding out on the floor at [pretty_consort.GetHerHis] feet.;;;;;;;;;;;;;x
EVTOPTA_TIANXIA_2404;This isn't how it was supposed to...;;;;;;;;;;;;;x
EVTDESC_TIANXIA_2405;[attacking_consort.GetBestName]'s attack takes me by surprise at first, but I am skilled enough when it comes to defending myself that I manage to turn the fight around, and [attacking_consort.GetSheHe] is soon bleeding out on the floor.;;;;;;;;;;;;;x
EVTOPTA_TIANXIA_2405;[shared_partner.GetFirstName] will never be yours!;;;;;;;;;;;;;x
EVTDESC_TIANXIA_2406;It seems [attacking_consort.GetBestName] has been killed by [pretty_consort.GetBestName]. Accordingt to various witnesses however, it was in self-defence, as [attacking_consort.GetFirstName] was trying to kill [pretty_consort.GetFirstName].;;;;;;;;;;;;;x
EVTOPTA_TIANXIA_2406;[attacking_consort.GetFirstName] got what was coming to [attacking_consort.GetHerHim]!;;;;;;;;;;;;;x
EVTOPTB_TIANXIA_2406;[pretty_consort.GetFirstName] went beyond self-defence!;;;;;;;;;;;;;x
EVTDESC_TIANXIA_2407;Self-defence or not, [pretty_consort.GetBestName] should not have killed [attacking_consort.GetBestName]. I need to decide how to deal with [pretty_consort.GetFirstName] and what [pretty_consort.GetSheHe] has done.;;;;;;;;;;;;;x
EVTOPTA_TIANXIA_2407;Never do anything like that again!;;;;;;;;;;;;;x
EVTOPTB_TIANXIA_2407;Guards! Seize [pretty_consort.GetHerHim]!;;;;;;;;;;;;;x
EVTOPTC_TIANXIA_2407;You'll hang for this, [pretty_consort.GetFirstName]!;;;;;;;;;;;;;x
EVTDESC_TIANXIA_2408;[From.GetBestName] was displeased to hear that I had killed [attacking_consort.GetBestName] and made me swear to hold back if anything similar happens in the future. Self-defence was apparently not sufficient justification.;;;;;;;;;;;;;x
EVTOPTA_TIANXIA_2408;I don't think I did anything wrong!;;;;;;;;;;;;;x
EVTDESC_TIANXIA_2409;[From.GetBestName] has ordered [From.GetHerHis] guards to throw me in a prison cell "so that I may have ample time to reflect on just what I have done". Apparently, [From.GetSheHe] did not consider self-defence ample justification.;;;;;;;;;;;;;x
EVTOPTA_TIANXIA_2409;But I was attacked!;;;;;;;;;;;;;x
EVTDESC_TIANXIA_2410;[From.GetBestName] refuses to look at me while pronouncing [From.GetHerHis] judgement. What I did to [attacking_consort.GetBestName] is unforgivable, [From.GetSheHe] says, and I will hang for my crime.;;;;;;;;;;;;;x
EVTOPTA_TIANXIA_2410;It was self-defence! I swear!;;;;;;;;;;;;;x
EVTDESC_TIANXIA_2411;It seems [shared_partner.GetBestName] does not think I should be punished for killing [attacking_consort.GetBestName]. Clearly [shared_partner.GetSheHe] understands that I only was acting in self-defence.;;;;;;;;;;;;;x
EVTOPTA_TIANXIA_2411;I knew [shared_partner.GetSheHe] would understand!;;;;;;;;;;;;;x
EVTDESC_TIANXIA_2412;[duel_consort.GetBestName] is a constant rival for [shared_partner.GetBestName]'s affections. Perhaps I should challenge [duel_consort.GetHerHim] to a duel to teach [duel_consort.GetHerHim] [duel_consort.GetHerHis] proper place. And, if anything should happen to [duel_consort.GetHerHim], it would all be perfectly legal...;;;;;;;;;;;;;x
EVTOPTA_TIANXIA_2412;Face me, you coward!;;;;;;;;;;;;;x
EVTOPTB_TIANXIA_2412;This seems like a bad idea...;;;;;;;;;;;;;x
EVTDESC_TIANXIA_2413;[duel_consort_challenger.GetBestName] has challenged me to a duel, stating that I have insulted [duel_consort_challenger.GetHerHim]. I rather suspect this is about [shared_partner.GetBestName]'s affections, and perhaps it would be an opportunity to deal with a rival in that regard. And it would be perfectly legal...;;;;;;;;;;;;;x
EVTOPTA_TIANXIA_2413;Challenge accepted!;;;;;;;;;;;;;x
EVTOPTB_TIANXIA_2413;I've got nothing to prove to [duel_consort_challenger.GetHerHim]!;;;;;;;;;;;;;x
EVTDESC_TIANXIA_2414;[duel_consort.GetBestName] has refused my challenge, stating that [duel_consort.GetSheHe] has nothing to prove to me.;;;;;;;;;;;;;x
EVTOPTA_TIANXIA_2414;Coward!;;;;;;;;;;;;;x
EVTDESC_TIANXIA_2415;[duel_consort.GetBestName] has accepted my challenge to a duel, proposing that it is fought right here and right now.;;;;;;;;;;;;;x
EVTOPTA_TIANXIA_2415;Let's make this quick!;;;;;;;;;;;;;x
EVTDESC_TIANXIA_2416;[duel_consort.GetBestName] is not a particularly challenging opponent, and I send [duel_consort.GetHerHis] sword flying easily enough. I put my own sword at [duel_consort.GetHerHis] throat and tell [duel_consort.GetHerHim]...;;;;;;;;;;;;;x
EVTOPTA_TIANXIA_2416;You never should have opposed me. Now die!;;;;;;;;;;;;;x
EVTOPTB_TIANXIA_2416;Break up with [shared_partner.GetFirstName] or die!;;;;;;;;;;;;;x
EVTOPTC_TIANXIA_2416;Shame about your face. A real pity!;;;;;;;;;;;;;x
EVTOPTD_TIANXIA_2416;You really are bad at this!;;;;;;;;;;;;;x
EVTDESC_TIANXIA_2417;Despite fighting with all of my skill I am unable to fight off [duel_consort_challenger.GetBestName]. [duel_consort_challenger.GetSheHeCap] disarms me, telling me that I never should have opposed [duel_consort_challenger.GetHerHim] and that it is time for me to die!;;;;;;;;;;;;;x
EVTOPTA_TIANXIA_2417;No!;;;;;;;;;;;;;x
EVTDESC_TIANXIA_2418;[duel_consort_challenger.GetBestName] has killed [duel_consort.GetBestName] in a duel fought over my affections. All perfectly legal, or so I am told.;;;;;;;;;;;;;x
EVTOPTA_TIANXIA_2418;I see...;;;;;;;;;;;;;x
EVTDESC_TIANXIA_2419;Despite fighting with all of my skill I am unable to fight off [duel_consort_challenger.GetBestName]. [duel_consort_challenger.GetSheHeCap] disarms me, telling me that either I agree to break up with [shared_partner.GetBestName] or I die right where I stand.;;;;;;;;;;;;;x
EVTOPTA_TIANXIA_2419;All right! I will!;;;;;;;;;;;;;x
EVTOPTB_TIANXIA_2419;I choose death!;;;;;;;;;;;;;x
EVTDESC_TIANXIA_2420;[duel_consort.GetBestName] agreed to break up with [shared_partner.GetBestName] in exchange for me sparing [duel_consort.GetHerHis] life.;;;;;;;;;;;;;x
EVTOPTA_TIANXIA_2420;Don't get in my way again, [duel_consort.GetFirstName]...;;;;;;;;;;;;;x
EVTDESC_TIANXIA_2421;[duel_consort.GetBestName] just broke up with me. If what the servants tell me is correct, [duel_consort.GetSheHe] agreed to do that in exchange for [duel_consort_challenger.GetBestName] sparing [duel_consort.GetHerHis] life after [duel_consort.GetSheHe] lost a duel against [duel_consort_challenger.GetHerHim].;;;;;;;;;;;;;x
EVTOPTA_TIANXIA_2421;I see...;;;;;;;;;;;;;x
EVTDESC_TIANXIA_2422;[duel_consort.GetBestName] defiantly tells me that [duel_consort.GetSheHe] will not break up with [shared_partner.GetBestName], not even in exchange for me sparing [duel_consort.GetHerHis] life.;;;;;;;;;;;;;x
EVTOPTA_TIANXIA_2422;So be it!;;;;;;;;;;;;;x
EVTDESC_TIANXIA_2423;[duel_consort.GetBestName] has been killed by [duel_consort_challenger.GetBestName]. Apparently, they fought a perfectly legal duel and [duel_consort.GetFirstName] lost, with [duel_consort.GetHerHim] refusing to break up with me when [duel_consort_challenger.GetFirstName] offered to spare [duel_consort.GetHerHis] life if [duel_consort.GetSheHe] did.;;;;;;;;;;;;;x
EVTOPTA_TIANXIA_2423;I see...;;;;;;;;;;;;;x
EVTDESC_TIANXIA_2424;Despite fighting with all of my skill I am unable to fight off [duel_consort_challenger.GetBestName]. [duel_consort_challenger.GetSheHeCap] disarms me and then tells me I will only wish [duel_consort_challenger.GetSheHe] had killed me. Then [duel_consort_challenger.GetSheHe] slashes [duel_consort_challenger.GetHerHis] sword across my face.;;;;;;;;;;;;;x
EVTOPTA_TIANXIA_2424;Not my face!;;;;;;;;;;;;;x
EVTDESC_TIANXIA_2425;[duel_consort.GetBestName] has been disfigured by [duel_consort_challenger.GetBestName]. Apparently, it was what [duel_consort_challenger.GetFirstName] considered a "merciful" outcome of a perfectly legal duel that went [duel_consort_challenger.GetHerHis] way.;;;;;;;;;;;;;x
EVTOPTA_TIANXIA_2425;I see...;;;;;;;;;;;;;x
EVTDESC_TIANXIA_2426;Despite fighting with all of my skill I am unable to fight off [duel_consort_challenger.GetBestName]. After disarming me, [duel_consort_challenger.GetSheHe] delivers several cruel remarks about me and my abilities as a fighter.;;;;;;;;;;;;;x
EVTOPTA_TIANXIA_2426;The shame!;;;;;;;;;;;;;x
EVTDESC_TIANXIA_2427;I have heard a lot of talk about [duel_consort.GetBestName] and [duel_consort.GetHerHis] skills as a fighter recently. It seems it all got started thanks to [duel_consort_challenger.GetBestName], who apparently delivered several cruel remarks after winning a duel against [duel_consort.GetFirstName].;;;;;;;;;;;;;x
EVTOPTA_TIANXIA_2427;I see...;;;;;;;;;;;;;x
EVTDESC_TIANXIA_2428;My duel against [duel_consort.GetBestName] turns out to be more difficult than I had anticipated, but eventually I manage to get past [duel_consort.GetHerHis] defences and successfully wound [duel_consort.GetHerHim]. First blood is mine.;;;;;;;;;;;;;x
EVTOPTA_TIANXIA_2428;I suppose that's that...;;;;;;;;;;;;;x
EVTDESC_TIANXIA_2429;My duel against [duel_consort_challenger.GetBestName] is not entirely one-sided, but eventually [duel_consort_challenger.GetSheHe] gets past my defences and wounds me. As the duel was to first blood, that means that it is over.;;;;;;;;;;;;;x
EVTOPTA_TIANXIA_2429;Could have been worse...;;;;;;;;;;;;;x
EVTDESC_TIANXIA_2430;I have just been informed that [duel_consort_challenger.GetBestName] has wounded [duel_consort.GetBestName] in a duel the two apparently fought over my affections.;;;;;;;;;;;;;x
EVTOPTA_TIANXIA_2430;I see...;;;;;;;;;;;;;x
EVTDESC_TIANXIA_2431;I and [duel_consort.GetBestName] turn out to be evenly matched, and we both end up exhausted without managing to injure the other. After a short break, the duel resumes, but neither of us manages to injure the other this time either. Clearly, our disagreement will not be resolved today.;;;;;;;;;;;;;x
EVTOPTA_TIANXIA_2431;A draw, then...;;;;;;;;;;;;;x
EVTDESC_TIANXIA_2432;I and [duel_consort_challenger.GetBestName] turn out to be evenly matched, and we both end up exhausted without managing to injure the other. After a short break, the duel resumes, but neither of us manages to injure the other this time either. Clearly, our disagreement will not be resolved today.;;;;;;;;;;;;;x
EVTOPTA_TIANXIA_2432;A draw, then...;;;;;;;;;;;;;x
EVTDESC_TIANXIA_2433;[duel_consort.GetBestName] and [duel_consort_challenger.GetBestName] have apparently fought a duel over my affections, but it ended in an inconclusive draw.;;;;;;;;;;;;;x
EVTOPTA_TIANXIA_2433;I see...;;;;;;;;;;;;;x
EVTDESC_TIANXIA_2434;My duel against [duel_consort_challenger.GetBestName] turns out to be more difficult than I had anticipated, but eventually I manage to get past [duel_consort_challenger.GetHerHis] defences and successfully wound [duel_consort_challenger.GetHerHim]. First blood is mine.;;;;;;;;;;;;;x
EVTOPTA_TIANXIA_2434;I suppose that's that...;;;;;;;;;;;;;x
EVTDESC_TIANXIA_2435;My duel against [duel_consort.GetBestName] is not entirely one-sided, but eventually [duel_consort.GetSheHe] gets past my defences and wounds me. As the duel was to first blood, that means that it is over.;;;;;;;;;;;;;x
EVTOPTA_TIANXIA_2435;Could have been worse...;;;;;;;;;;;;;x
EVTDESC_TIANXIA_2436;I have just been informed that [duel_consort.GetBestName] has wounded [duel_consort_challenger.GetBestName] in a duel the two apparently fought over my affections.;;;;;;;;;;;;;x
EVTOPTA_TIANXIA_2436;I see...;;;;;;;;;;;;;x
EVTDESC_TIANXIA_2437;[duel_consort_challenger.GetBestName] is not a particularly challenging opponent, and I send [duel_consort_challenger.GetHerHis] sword flying easily enough. I put my own sword at [duel_consort_challenger.GetHerHis] throat and tell [duel_consort_challenger.GetHerHim]...;;;;;;;;;;;;;x
EVTOPTA_TIANXIA_2437;You never should have opposed me. Now die!;;;;;;;;;;;;;x
EVTOPTB_TIANXIA_2437;Break up with [shared_partner.GetFirstName] or die!;;;;;;;;;;;;;x
EVTOPTC_TIANXIA_2437;Shame about your face. A real pity!;;;;;;;;;;;;;x
EVTOPTD_TIANXIA_2437;You really are bad at this!;;;;;;;;;;;;;x
EVTDESC_TIANXIA_2438;Despite fighting with all of my skill I am unable to fight off [duel_consort.GetBestName]. [duel_consort.GetSheHeCap] disarms me, telling me that I never should have opposed [duel_consort.GetHerHim] and that it is time for me to die!;;;;;;;;;;;;;x
EVTOPTA_TIANXIA_2438;No!;;;;;;;;;;;;;x
EVTDESC_TIANXIA_2439;[duel_consort.GetBestName] has killed [duel_consort_challenger.GetBestName] in a duel fought over my affections. All perfectly legal, or so I am told.;;;;;;;;;;;;;x
EVTOPTA_TIANXIA_2439;I see...;;;;;;;;;;;;;x
EVTDESC_TIANXIA_2440;Despite fighting with all of my skill I am unable to fight off [duel_consort.GetBestName]. [duel_consort.GetSheHeCap] disarms me, telling me that either I agree to break up with [shared_partner.GetBestName] or I die right where I stand.;;;;;;;;;;;;;x
EVTOPTA_TIANXIA_2440;All right! I will!;;;;;;;;;;;;;x
EVTOPTB_TIANXIA_2440;I choose death!;;;;;;;;;;;;;x
EVTDESC_TIANXIA_2441;[duel_consort_challenger.GetBestName] agreed to break up with [shared_partner.GetBestName] in exchange for me sparing [duel_consort_challenger.GetHerHis] life.;;;;;;;;;;;;;x
EVTOPTA_TIANXIA_2441;Don't get in my way again, [duel_consort_challenger.GetFirstName]...;;;;;;;;;;;;;x
EVTDESC_TIANXIA_2442;[duel_consort_challenger.GetBestName] just broke up with me. If what the servants tell me is correct, [duel_consort_challenger.GetSheHe] agreed to do that in exchange for [duel_consort.GetBestName] sparing [duel_consort_challenger.GetHerHis] life after [duel_consort_challenger.GetSheHe] lost a duel against [duel_consort.GetHerHim].;;;;;;;;;;;;;x
EVTOPTA_TIANXIA_2442;I see...;;;;;;;;;;;;;x
EVTDESC_TIANXIA_2443;[duel_consort_challenger.GetBestName] defiantly tells me that [duel_consort_challenger.GetSheHe] will not break up with [shared_partner.GetBestName], not even in exchange for me sparing [duel_consort_challenger.GetHerHis] life.;;;;;;;;;;;;;x
EVTOPTA_TIANXIA_2443;So be it!;;;;;;;;;;;;;x
EVTDESC_TIANXIA_2444;[duel_consort_challenger.GetBestName] has been killed by [duel_consort.GetBestName]. Apparently, they fought a perfectly legal duel and [duel_consort_challenger.GetFirstName] lost, with [duel_consort_challenger.GetHerHim] refusing to break up with me when [duel_consort.GetFirstName] offered to spare [duel_consort_challenger.GetHerHis] life if [duel_consort_challenger.GetSheHe] did.;;;;;;;;;;;;;x
EVTOPTA_TIANXIA_2444;I see...;;;;;;;;;;;;;x
EVTDESC_TIANXIA_2445;Despite fighting with all of my skill I am unable to fight off [duel_consort.GetBestName]. [duel_consort.GetSheHeCap] disarms me and then tells me I will only wish [duel_consort.GetSheHe] had killed me. Then [duel_consort.GetSheHe] slashes [duel_consort.GetHerHis] sword across my face.;;;;;;;;;;;;;x
EVTOPTA_TIANXIA_2445;Not my face!;;;;;;;;;;;;;x
EVTDESC_TIANXIA_2446;[duel_consort_challenger.GetBestName] has been disfigured by [duel_consort.GetBestName]. Apparently, it was what [duel_consort.GetFirstName] considered a "merciful" outcome of a perfectly legal duel that went [duel_consort.GetHerHis] way.;;;;;;;;;;;;;x
EVTOPTA_TIANXIA_2446;I see...;;;;;;;;;;;;;x
EVTDESC_TIANXIA_2447;Despite fighting with all of my skill I am unable to fight off [duel_consort.GetBestName]. After disarming me, [duel_consort.GetSheHe] delivers several cruel remarks about me and my abilities as a fighter.;;;;;;;;;;;;;x
EVTOPTA_TIANXIA_2447;The shame!;;;;;;;;;;;;;x
EVTDESC_TIANXIA_2448;I have heard a lot of talk about [duel_consort_challenger.GetBestName] and [duel_consort_challenger.GetHerHis] skills as a fighter recently. It seems it all got started thanks to [duel_consort.GetBestName], who apparently delivered several cruel remarks after winning a duel against [duel_consort_challenger.GetFirstName].;;;;;;;;;;;;;x
EVTOPTA_TIANXIA_2448;I see...;;;;;;;;;;;;;x
EVTDESC_TIANXIA_2449;[sibling_consort.GetBestName] and I are not only siblings, but we also have [shared_partner.GetBestName] in common. Some would think that that would make it impossible for us to get along, but I think rather higly of [sibling_consort.GetHerHim], and that might be mutual.;;;;;;;;;;;;;x
EVTOPTA_TIANXIA_2449;I think we've become friends!;;;;;;;;;;;;;x
EVTOPTB_TIANXIA_2449;Could it be... love?;;;;;;;;;;;;;x
EVTOPTC_TIANXIA_2449;Actually, may I'm not so sure about [sibling_consort.GetHerHim]...;;;;;;;;;;;;;x
EVTDESC_TIANXIA_2450;[focus_consort.GetBestName] and I are not only siblings, but we also have [shared_partner.GetBestName] in common. We usually get along fairly well, and today [focus_consort.GetSheHe] approached me and suggested we should be friends. This could perhaps be to our mutual benefit.;;;;;;;;;;;;;x
EVTOPTA_TIANXIA_2450;We are friends, now and forever!;;;;;;;;;;;;;x
EVTOPTB_TIANXIA_2450;I'm sorry, but we're not yet friends...;;;;;;;;;;;;;x
EVTOPTC_TIANXIA_2450;Don't be ridiculous!;;;;;;;;;;;;;x
EVTDESC_TIANXIA_2451;[sibling_consort.GetBestName] was very happy to hear that I think of [sibling_consort.GetHerHim] as a friend, and told me the feeling was mutual.;;;;;;;;;;;;;x
EVTOPTA_TIANXIA_2451;Best friends forever!;;;;;;;;;;;;;x
EVTDESC_TIANXIA_2452;I've just been informed that [focus_consort.GetBestName] and [sibling_consort.GetBestName] have declared their eternal friendship, despite the fairly common misconception that siblings will quarrel over any shared partner.;;;;;;;;;;;;;x
EVTOPTA_TIANXIA_2452;This benefits all of us!;;;;;;;;;;;;;x
EVTOPTB_TIANXIA_2452;I'm sure that's wonderful!;;;;;;;;;;;;;x
EVTOPTC_TIANXIA_2452;Strange that those two would get along...;;;;;;;;;;;;;x
EVTOPTD_TIANXIA_2452;I don't like the sound of that...;;;;;;;;;;;;;x
EVTOPTE_TIANXIA_2452;I have a bad feeling about this...;;;;;;;;;;;;;x
EVTDESC_TIANXIA_2453;[focus_consort.GetBestName] quite courteously turned down my suggestion that we should formalize our friendship. [focus_consort.GetSheHeCap] implied [focus_consort.GetHerHis] mind might change in the future, however.;;;;;;;;;;;;;x
EVTOPTA_TIANXIA_2453;Maybe later, then!;;;;;;;;;;;;;x
EVTDESC_TIANXIA_2454;[focus_consort.GetBestName] and I are not only siblings, but we also have [shared_partner.GetBestName] in common. We usually get along fairly well, but was still surprised when [focus_consort.GetSheHe] approached me and suggested maybe we should become rather more intimately acquainted.;;;;;;;;;;;;;x
EVTOPTA_TIANXIA_2454;I never thought you'd ask!;;;;;;;;;;;;;x
EVTOPTB_TIANXIA_2454;I don't feel the same way, but I'd gladly be your friend!;;;;;;;;;;;;;x
EVTOPTC_TIANXIA_2454;Let's pretend you never suggested that...;;;;;;;;;;;;;x
EVTOPTD_TIANXIA_2454;Don't be ridiculous!;;;;;;;;;;;;;x
EVTDESC_TIANXIA_2455;[sibling_consort.GetBestName] was very receptive to the suggestion that we should get much more intimately acquainted with each other, and as we have [shared_partner.GetBestName] in common nobody thought twice about us slipping away to a private location. We both had a very good time together.;;;;;;;;;;;;;x
EVTOPTA_TIANXIA_2455;We should have done this sooner!;;;;;;;;;;;;;x
EVTDESC_TIANXIA_2456;[sibling_consort.GetBestName] turned down my suggestion that we should become lovers very firmly, if courteously, but suggested [sibling_consort.GetSheHe] happily would be my friend.;;;;;;;;;;;;;x
EVTOPTA_TIANXIA_2456;That sounds good to me!;;;;;;;;;;;;;x
EVTOPTB_TIANXIA_2456;I'm not looking for a friend...;;;;;;;;;;;;;x
EVTOPTC_TIANXIA_2456;After you rejected me? Ha!;;;;;;;;;;;;;x
EVTDESC_TIANXIA_2457;[focus_consort.GetBestName] was quite happy to accept my proposal that we should be friends. I think this will be beneficial for both of us.;;;;;;;;;;;;;x
EVTOPTA_TIANXIA_2457;Best friends forever!;;;;;;;;;;;;;x
EVTDESC_TIANXIA_2458;I've just been informed that [sibling_consort.GetBestName] and [focus_consort.GetBestName] have declared their eternal friendship, despite the fairly common misconception that siblings will quarrel over any shared partner.;;;;;;;;;;;;;x
EVTOPTA_TIANXIA_2458;This benefits all of us!;;;;;;;;;;;;;x
EVTOPTB_TIANXIA_2458;I'm sure that's wonderful!;;;;;;;;;;;;;x
EVTOPTC_TIANXIA_2458;Strange that those two would get along...;;;;;;;;;;;;;x
EVTOPTD_TIANXIA_2458;I don't like the sound of that...;;;;;;;;;;;;;x
EVTOPTE_TIANXIA_2458;I have a bad feeling about this...;;;;;;;;;;;;;x
EVTDESC_TIANXIA_2459;[focus_consort.GetBestName] turned down my suggestion that we should be friends. The rejection was courteous enough, though.;;;;;;;;;;;;;x
EVTOPTA_TIANXIA_2459;I see...;;;;;;;;;;;;;x
EVTDESC_TIANXIA_2460;[focus_consort.GetBestName] told me [focus_consort.GetSheHe] has no interest in being friends with someone like me in a very unpleasant fashion. I think that it might have been at least partially due to me rejecting [focus_consort.GetHerHis] advances, but even so it was unreasonably.;;;;;;;;;;;;;x
EVTOPTA_TIANXIA_2460;That was very rude!;;;;;;;;;;;;;x
EVTDESC_TIANXIA_2461;[sibling_consort.GetBestName] turned down my advances and suggested it would be best if we both pretended that our conversation never happened.;;;;;;;;;;;;;x
EVTOPTA_TIANXIA_2461;Probably for the best...;;;;;;;;;;;;;x
EVTDESC_TIANXIA_2462;[sibling_consort.GetBestName] turned down my advances in a very unpleasant fashion. A simple 'No' would have been sufficient, but [sibling_consort.GetSheHe] made sure to twist the proverbial knife several times when rejecting me.;;;;;;;;;;;;;x
EVTOPTA_TIANXIA_2462;That was very rude!;;;;;;;;;;;;;x
EVTDESC_TIANXIA_2463;Being the [Root.GetBrotherSister] of [sibling_consort.GetBestName] means that I know [sibling_consort.GetHerHim] quite well, and I must say [sibling_consort.GetSheHe] keeps getting on my nerves. [shared_partner.GetBestName] paying quite a bit of attention to [sibling_consort.GetHerHim] just makes things worse.;;;;;;;;;;;;;x
EVTOPTA_TIANXIA_2463;I hate [sibling_consort.GetHerHim]!;;;;;;;;;;;;;x
EVTOPTB_TIANXIA_2463;Actually, [sibling_consort.GetSheHe] might be tolerable...;;;;;;;;;;;;;x
EVTDESC_TIANXIA_2464;[focus_consort.GetBestName] has made it clear that [focus_consort.GetSheHe] despises me and everything I stand for, quite possibly due to me being a rival for [shared_partner.GetBestName]'s attentions.;;;;;;;;;;;;;x
EVTOPTA_TIANXIA_2464;I hate you too!;;;;;;;;;;;;;x
EVTDESC_TIANXIA_2465;It seems [focus_consort.GetBestName] and [sibling_consort.GetBestName]'s dislike of each other has reached the point where they consider each other rivals. Perhaps that is to be expected, seeing as siblings often quarrel with each other.;;;;;;;;;;;;;x
EVTOPTA_TIANXIA_2465;And here I was hoping we'd all get along!;;;;;;;;;;;;;x
EVTOPTB_TIANXIA_2465;Not ideal, that...;;;;;;;;;;;;;x
EVTOPTC_TIANXIA_2465;Makes sense, I suppose...;;;;;;;;;;;;;x
EVTOPTD_TIANXIA_2465;This might be good...;;;;;;;;;;;;;x
EVTOPTE_TIANXIA_2465;I hope they make each other miserable!;;;;;;;;;;;;;x
EVTDESC_TIANXIA_2466;I do not like [slap_consort.GetBestName], and I wish [shared_partner.GetBestName] would like [slap_consort.GetHerHim] less. Perhaps I could trick [slap_consort.GetFirstName] into slapping [shared_partner.GetBestName] in a public setting if I taunt [slap_consort.GetHerHim]? That should make [shared_partner.GetFirstName] upset.;;;;;;;;;;;;;x
EVTOPTA_TIANXIA_2466;[slap_consort.GetSheHeCap] will lose [slap_consort.GetHerHis] temper for sure!;;;;;;;;;;;;;x
EVTOPTB_TIANXIA_2466;This feels like a terrible plan...;;;;;;;;;;;;;x
EVTDESC_TIANXIA_2467;As I and [taunting_consort.GetBestName] took part in an important meeting together with [shared_partner.GetBestName] and several dignitaries today [taunting_consort.GetFirstName]'s words towards me became ruder and ruder. Someone should teach [taunting_consort.GetHerHim] a lesson!;;;;;;;;;;;;;x
EVTOPTA_TIANXIA_2467;You little-!;;;;;;;;;;;;;x
EVTOPTB_TIANXIA_2467;I should just ignore [taunting_consort.GetHerHis] taunts...;;;;;;;;;;;;;x
EVTDESC_TIANXIA_2468;Success! [slap_consort.GetBestName] could not control [slap_consort.GetHerHis] temper, and as I managed to get out of the way just in time [slap_consort.GetHerHis] blow struck [shared_partner.GetBestName] instead.;;;;;;;;;;;;;x
EVTOPTA_TIANXIA_2468;How dare you strike [shared_partner.GetHerHim]!;;;;;;;;;;;;;x
EVTDESC_TIANXIA_2469;As I try to slap [taunting_consort.GetBestName] [taunting_consort.GetSheHe] moves out of the way of my blow, and I instead strike [shared_partner.GetBestName]. Judging by the smile on [taunting_consort.GetFirstName]'s lips, it seems [taunting_consort.GetSheHe] was planning on that.;;;;;;;;;;;;;x
EVTOPTA_TIANXIA_2469;I was aiming for [taunting_consort.GetHerHim]!;;;;;;;;;;;;;x
EVTDESC_TIANXIA_2470;Today [taunting_consort.GetBestName] started acting a bit rude towards [slap_consort.GetBestName] during a meeting involving me and several dignitaries. I was hoping they would stop their bickerin without me having to get involved, but to my surprise [slap_consort.GetBestName] suddenly slapped me. [slap_consort.GetSheHeCap] claims [slap_consort.GetSheHe] wasn't aiming for me.;;;;;;;;;;;;;x
EVTOPTA_TIANXIA_2470;I'm sure it was a mistake!;;;;;;;;;;;;;x
EVTOPTB_TIANXIA_2470;I hope not, as it was a terrible slap!;;;;;;;;;;;;;x
EVTOPTC_TIANXIA_2470;Don't ever do that again!;;;;;;;;;;;;;x
EVTOPTD_TIANXIA_2470;Guards! Escort [slap_consort.GetHerHim] to the dungeon!;;;;;;;;;;;;;x
EVTDESC_TIANXIA_2471;Despite [shared_partner.GetBestName] doubtlessly losing a bit of face due to me slapping [shared_partner.GetHerHim] [shared_partner.GetSheHe] was quite willing to let it slide since [shared_partner.GetSheHe] clearly believed that I was not aiming for [shared_partner.GetHerHim]. [taunting_consort.GetBestName] does not look happy about this.;;;;;;;;;;;;;x
EVTOPTA_TIANXIA_2471;Ha! [taunting_consort.GetHerHisCap] plan failed!;;;;;;;;;;;;;x
EVTDESC_TIANXIA_2472;Despite [shared_partner.GetBestName] doubtlessly losing a bit of face due to [slap_consort.GetBestName] slapping [shared_partner.GetHerHim] [shared_partner.GetSheHe] believed [slap_consort.GetFirstName] when [slap_consort.GetSheHe] explained that it was a mistake. [slap_consort.GetFirstName] gives me a mocking smile.;;;;;;;;;;;;;x
EVTOPTA_TIANXIA_2472;Well, that didn't work...;;;;;;;;;;;;;x
EVTDESC_TIANXIA_2473;[shared_partner.GetBestName] laughed when I explained that I only slapped [shared_partner.GetHerHim] by accident, stating that it would be generous to call it a slap considering how feeble it was.;;;;;;;;;;;;;x
EVTOPTA_TIANXIA_2473;Perhaps the next one will be more to your liking...;;;;;;;;;;;;;x
EVTDESC_TIANXIA_2474;[shared_partner.GetBestName] did not get angry with [slap_consort.GetBestName] as I had planned, but [shared_partner.GetHerHim] calling the slap feeble seems to have upset [slap_consort.GetFirstName]. This might drive them further apart.;;;;;;;;;;;;;x
EVTOPTA_TIANXIA_2474;I'll take it!;;;;;;;;;;;;;x
EVTDESC_TIANXIA_2475;[shared_partner.GetBestName] was quite upset with me slapping [shared_partner.GetHerHim], unintentionally or not. [shared_partner.GetSheHeCap] told me in no uncertain terms that I should never think of doing it again.;;;;;;;;;;;;;x
EVTOPTA_TIANXIA_2475;I'm sorry!;;;;;;;;;;;;;x
EVTDESC_TIANXIA_2476;[shared_partner.GetBestName] was quite upset with [slap_consort.GetBestName] slapping [shared_partner.GetHerHim], unintentionally or not. [shared_partner.GetSheHeCap] told [slap_consort.GetHerHim] in no uncertain terms that [slap_consort.GetSheHe] should never think of doing it again.;;;;;;;;;;;;;x
EVTOPTA_TIANXIA_2476;Just as planned!;;;;;;;;;;;;;x
EVTDESC_TIANXIA_2477;[shared_partner.GetBestName] called for the guards and told them to escort me to the dungeons, stating that I clearly need some time to cool off.;;;;;;;;;;;;;x
EVTOPTA_TIANXIA_2477;I don't deserve this!;;;;;;;;;;;;;x
EVTDESC_TIANXIA_2478;[shared_partner.GetBestName] called for the guards and told them to escort [slap_consort.GetBestName] to the dungeons, stating that [slap_consort.GetSheHe] clearly needs some time to cool off.;;;;;;;;;;;;;x
EVTOPTA_TIANXIA_2478;That worked even better than I expected!;;;;;;;;;;;;;x
EVTDESC_TIANXIA_2479;I did manage to goad [slap_consort.GetBestName] into attempting to slap me, but I was not quick enough to move out of the way, and [slap_consort.GetHerHis] blow strikes me instead of [shared_partner.GetBestName].;;;;;;;;;;;;;x
EVTOPTA_TIANXIA_2479;You hit me! Ow!;;;;;;;;;;;;;x
EVTDESC_TIANXIA_2480;My slap takes [taunting_consort.GetBestName] completely by surprise, and the blow strikes [taunting_consort.GetHerHim] in front of [shared_partner.GetBestName] and the dignitaries.;;;;;;;;;;;;;x1
EVTOPTA_TIANXIA_2480;That's what you get!;;;;;;;;;;;;;x
EVTDESC_TIANXIA_2481;Today [taunting_consort.GetBestName] started acting a bit rude towards [slap_consort.GetBestName] during a meeting involving me and several dignitaries. I was hoping they would stop their bickerin without me having to get involved, but when [slap_consort.GetFirstName] suddenly slaps [taunting_consort.GetFirstName] everyone's eyes turn towards me.;;;;;;;;;;;;;x
EVTOPTA_TIANXIA_2481;That was fully justified!;;;;;;;;;;;;;x
EVTOPTB_TIANXIA_2481;Don't ever do that again!;;;;;;;;;;;;;x
EVTOPTC_TIANXIA_2481;Guards! Escort [slap_consort.GetHerHim] to the dungeon!;;;;;;;;;;;;;x
EVTDESC_TIANXIA_2482;[shared_partner.GetBestName] is quite understanding and tells everyone present that I had cause to slap [taunting_consort.GetBestName] after what [taunting_consort.GetSheHe] said about me.;;;;;;;;;;;;;x
EVTOPTA_TIANXIA_2482;I knew [shared_partner.GetSheHe] would understand!;;;;;;;;;;;;;x
EVTDESC_TIANXIA_2483;Not only did I get slapped by [slap_consort.GetBestName], but [shared_partner.GetBestName] took [slap_consort.GetHerHis] side in front of the dignitaries, telling me that I got what was coming to me.;;;;;;;;;;;;;x
EVTOPTA_TIANXIA_2483;Not as planned!;;;;;;;;;;;;;x
EVTDESC_TIANXIA_2484;[shared_partner.GetBestName] was not happy with me slapping [taunting_consort.GetBestName] and forced me to promise to never do anything similar again.;;;;;;;;;;;;;x
EVTOPTA_TIANXIA_2484;But I had cause!;;;;;;;;;;;;;x
EVTDESC_TIANXIA_2485;[shared_partner.GetBestName] was not happy with [slap_consort.GetBestName] slapping me and forced [slap_consort.GetHerHim] to promise to never do anything similar again.;;;;;;;;;;;;;x
EVTOPTA_TIANXIA_2485;I'll take it...;;;;;;;;;;;;;x
EVTDESC_TIANXIA_2486;[shared_partner.GetBestName] called for the guards and told them to escort me to the dungeons, stating that I clearly need some time to cool off.;;;;;;;;;;;;;x
EVTOPTA_TIANXIA_2486;I don't deserve this!;;;;;;;;;;;;;x
EVTDESC_TIANXIA_2487;[shared_partner.GetBestName] called for the guards and told them to escort [slap_consort.GetBestName] to the dungeons, stating that [slap_consort.GetSheHe] clearly needs some time to cool off.;;;;;;;;;;;;;x
EVTOPTA_TIANXIA_2487;That worked out in the end...;;;;;;;;;;;;;x
EVTDESC_TIANXIA_2488;[slap_consort.GetBestName] managed to keep [slap_consort.GetHerHis] temper in front of [shared_partner.GetBestName] and the dignitaries despite what I said about [slap_consort.GetHerHim]. Even worse, I probably lost some respect due to what I said.;;;;;;;;;;;;;x
EVTOPTA_TIANXIA_2488;Not at all what I was hoping for...;;;;;;;;;;;;;x
EVTDESC_TIANXIA_2491;With the death of [dying_ruler.GetBestName], my [heir_of_dying_ruler.GetSonDaughter] [heir_of_dying_ruler.GetFirstName] now rules [heir_of_dying_ruler.PrimaryTitle.GetName], which puts me in a most excellent position. Perhaps I should take the opportunity to repay various past slights from [rival_spouse.GetBestName], with interest...;;;;;;;;;;;;;x
EVTOPTA_TIANXIA_2491;Time to get rid of that pretty face!;;;;;;;;;;;;;x
EVTOPTB_TIANXIA_2491;[rival_spouse.GetSheHeCap] will die!;;;;;;;;;;;;;x
EVTOPTC_TIANXIA_2491;No, this is not what I want...;;;;;;;;;;;;;x
EVTDESC_TIANXIA_2492;[revenge_spouse.GetBestName] stormed into my quarters today, ordering the guards [revenge_spouse.GetSheHe] had brought with [revenge_spouse.GetHerHim] to hold me in place. [revenge_spouse.GetSheHeCap] told me that now that [dying_ruler.GetBestName] is no longer among us there is no need for me to keep my pretty face.;;;;;;;;;;;;;x
EVTOPTA_TIANXIA_2492;Not my face!;;;;;;;;;;;;;x
EVTDESC_TIANXIA_2493;The servants have just informed me that my [revenge_spouse.GetFatherMother] [revenge_spouse.GetBestName] apparently has seen fit to disfigure [rival_spouse.GetBestName]'s face, supposedly as payback for various past slights.;;;;;;;;;;;;;x
EVTOPTA_TIANXIA_2493;I'm sure it was justified!;;;;;;;;;;;;;x
EVTOPTB_TIANXIA_2493;This is not how I wanted my rule to start, [revenge_spouse.GetFatherMother]!;;;;;;;;;;;;;x
EVTOPTC_TIANXIA_2493;Guards! Escort my [revenge_spouse.GetFatherMother] to the dungeon!;;;;;;;;;;;;;x
EVTDESC_TIANXIA_2494;I have been informed that [heir_of_dying_ruler.GetBestName] has been informed of what I did to [rival_spouse.GetBestName]'s face and that [heir_of_dying_ruler.GetSheHe] is of the opinion that it was just an necessary.;;;;;;;;;;;;;x
EVTOPTA_TIANXIA_2494;I raised [heir_of_dying_ruler.GetHerHim] well!;;;;;;;;;;;;;x
EVTDESC_TIANXIA_2495;I have been informed that [heir_of_dying_ruler.GetBestName] has been informed of what [revenge_spouse.GetBestName] did to my face and that [heir_of_dying_ruler.GetSheHe] is of the opinion that it was just an necessary.;;;;;;;;;;;;;x
EVTOPTA_TIANXIA_2495;I expected better from [dying_ruler.GetFirstName]'s [heir_of_dying_ruler.GetSonDaughter]!;;;;;;;;;;;;;x
EVTDESC_TIANXIA_2496;I have been informed that [heir_of_dying_ruler.GetBestName] has been informed of what I did to [rival_spouse.GetBestName]'s face and that [heir_of_dying_ruler.GetSheHe] is most displeased with me. Apparently, [heir_of_dying_ruler.GetSheHe] does not believe that [rival_spouse.GetFirstName] had it coming.;;;;;;;;;;;;;x
EVTOPTA_TIANXIA_2496;My [heir_of_dying_ruler.GetSonDaughter] should know better!;;;;;;;;;;;;;x
EVTDESC_TIANXIA_2497;I have been informed that [heir_of_dying_ruler.GetBestName] has been informed of what [revenge_spouse.GetBestName] did to my face and that [heir_of_dying_ruler.GetSheHe] is most displeased with [revenge_spouse.GetHerHim]. I suspect [revenge_spouse.GetFirstName] expected a diferent outcome.;;;;;;;;;;;;;x
EVTOPTA_TIANXIA_2497;It's something...;;;;;;;;;;;;;x
EVTDESC_TIANXIA_2498;I have been informed that [heir_of_dying_ruler.GetBestName] has been informed of what I did to [rival_spouse.GetBestName]'s face and that [heir_of_dying_ruler.GetSheHe] has decreed that I am to be imprisoned so that I may reflect on the severity of my supposed crime.;;;;;;;;;;;;;x
EVTOPTA_TIANXIA_2498;But I am [heir_of_dying_ruler.GetHerHis] [Root.GetFatherMother]!;;;;;;;;;;;;;x
EVTDESC_TIANXIA_2499;I have been informed that [heir_of_dying_ruler.GetBestName] has been informed of what [revenge_spouse.GetBestName] did to my face and that [heir_of_dying_ruler.GetSheHe] has decreed that [rival_spouse.GetSheHe] is to be imprisoned so that [rival_spouse.GetSheHe] may reflect on the severity of [rival_spouse.GetHerHis] crime.;;;;;;;;;;;;;x
EVTOPTA_TIANXIA_2499;Perhaps [revenge_spouse.GetHerHis] [heir_of_dying_ruler.GetSonDaughter] isn't so bad...;;;;;;;;;;;;;x
EVTDESC_TIANXIA_2500;[revenge_spouse.GetBestName] stormed into my quarters today, ordering the guards [revenge_spouse.GetSheHe] had brought with [revenge_spouse.GetHerHim] to hold me in place. [revenge_spouse.GetSheHeCap] told me that now that [dying_ruler.GetBestName] is no longer among the living there certainly is no reason or me to keep drawing breath.;;;;;;;;;;;;;x
EVTOPTA_TIANXIA_2500;No! Get away from me!;;;;;;;;;;;;;x
EVTDESC_TIANXIA_2501;The servants have just informed me that my [revenge_spouse.GetFatherMother] [revenge_spouse.GetBestName] apparently has seen fit to murder [rival_spouse.GetBestName], supposedly as payback for various past slights.;;;;;;;;;;;;;x
EVTOPTA_TIANXIA_2501;I'm sure it was justified!;;;;;;;;;;;;;x
EVTOPTB_TIANXIA_2501;This is not how I wanted my rule to start, [revenge_spouse.GetFatherMother]!;;;;;;;;;;;;;x
EVTOPTC_TIANXIA_2501;Guards! Escort my [revenge_spouse.GetFatherMother] to the dungeon!;;;;;;;;;;;;;x
EVTDESC_TIANXIA_2502;I have been informed that [heir_of_dying_ruler.GetBestName] is of the opinion that [rival_spouse.GetBestName]'s death at my hands was both just and necessary and that I am not to be punished.;;;;;;;;;;;;;x
EVTOPTA_TIANXIA_2502;I raised [heir_of_dying_ruler.GetHerHim] well!;;;;;;;;;;;;;x
EVTDESC_TIANXIA_2503;I have been informed that [heir_of_dying_ruler.GetBestName] is of the opinion that [rival_spouse.GetBestName]'s death at my hands was unfortunate, but that I am only to be censured for it.;;;;;;;;;;;;;x
EVTOPTA_TIANXIA_2503;My [heir_of_dying_ruler.GetSonDaughter] should know better!;;;;;;;;;;;;;x
EVTDESC_TIANXIA_2504;I have been informed that [heir_of_dying_ruler.GetBestName] is of the opinion that [rival_spouse.GetBestName]'s death at my hands was a vile crime and that I am to spend some time in the dungeons to reflect on the severity of it.;;;;;;;;;;;;;x
EVTOPTA_TIANXIA_2504;But I am [heir_of_dying_ruler.GetHerHis] [Root.GetFatherMother]!;;;;;;;;;;;;;x
EVTDESC_TIANXIA_2505;[poison_target.GetBestName] is a rival for [shared_partner.GetBestName]'s affections. [poison_target.GetHerHisCap] death would perhaps be a good thing, and I might just be in a position to poison [poison_target.GetHerHis] drink.;;;;;;;;;;;;;x
EVTOPTA_TIANXIA_2505;[poison_target.GetSheHeCap] will die!;;;;;;;;;;;;;x
EVTOPTB_TIANXIA_2505;This doesn't feel like a good idea...;;;;;;;;;;;;;x
EVTDESC_TIANXIA_2506;Success! [poison_target.GetBestName] suspected nothing as [poison_target.GetSheHe] was served a poisoned drink by an unaware servant, and the poison acted far too swiftly for anyone to save [poison_target.GetHerHim].;;;;;;;;;;;;;x
EVTOPTA_TIANXIA_2506;Good riddance!;;;;;;;;;;;;;x
EVTDESC_TIANXIA_2507;Something is not right. The drink I just finished had a slightly funny taste, and now my vision seems to be fading. Poison!;;;;;;;;;;;;;x
EVTOPTA_TIANXIA_2507;Who did-?;;;;;;;;;;;;;x
EVTDESC_TIANXIA_2508;[poison_target.GetBestName] just died after having had an apparently poisoned drink. The servants have been questioned, but they could not tell who might be behind the murder, and they have long served [poison_target.GetFirstName] faithfully and would have had plenty of opportunities to poison [poison_target.GetHerHim] before if they had wanted to.;;;;;;;;;;;;;x
EVTOPTA_TIANXIA_2508;Who could have done this?;;;;;;;;;;;;;x
EVTDESC_TIANXIA_2509;[poison_target.GetBestName] suspected nothing as [poison_target.GetSheHe] was served a poisoned drink by an unaware servant, and the poison acted far too swiftly for anyone to save [poison_target.GetHerHim]. Unfortunately, something must have given me away, as [poison_target.GetFirstName] accused me before [poison_target.GetSheHe] died.;;;;;;;;;;;;;x
EVTOPTA_TIANXIA_2509;Not ideal...;;;;;;;;;;;;;x
EVTDESC_TIANXIA_2510;Something is not right. The drink I just finished had a slightly funny taste, and now my vision seems to be fading. Poison! And [poison_spouse.GetBestName] is smiling at me!;;;;;;;;;;;;;x
EVTOPTA_TIANXIA_2510;You! You did this!;;;;;;;;;;;;;x
EVTDESC_TIANXIA_2511;[poison_target.GetBestName] just died after having had an apparently poisoned drink. [poison_target.GetSheHeCap] accused [poison_spouse.GetBestName] of being behind it before [poison_target.GetSheHe] died, and [poison_spouse.GetHerHis] protests sound rather insincere to me.;;;;;;;;;;;;;x
EVTOPTA_TIANXIA_2511;[poison_spouse.GetSheHeCap]'ll share [poison_target.GetHerHis] fate!;;;;;;;;;;;;;x
EVTOPTB_TIANXIA_2511;Guards! Imprison [poison_spouse.GetHerHim] at once!;;;;;;;;;;;;;x
EVTOPTC_TIANXIA_2511;Well, I don't really care...;;;;;;;;;;;;;x
EVTDESC_TIANXIA_2512;[shared_partner.GetBestName] believed [poison_target.GetBestName]'s dying words, and [shared_partner.GetSheHe] has ordered [shared_partner.GetHerHis] guards to make me drink the same poison.;;;;;;;;;;;;;x
EVTOPTA_TIANXIA_2512;No! This wasn't the plan!;;;;;;;;;;;;;x
EVTDESC_TIANXIA_2513;[shared_partner.GetBestName] believed [poison_target.GetBestName]'s dying words, and [shared_partner.GetSheHe] has ordered [shared_partner.GetHerHis] guards to lock me up in a prison cell.;;;;;;;;;;;;;x
EVTOPTA_TIANXIA_2513;Unhand me!;;;;;;;;;;;;;x
EVTDESC_TIANXIA_2514;[shared_partner.GetBestName] might have believed [poison_target.GetBestName]'s dying words, but [shared_partner.GetSheHe] has not seen fit to punish me.;;;;;;;;;;;;;x
EVTOPTA_TIANXIA_2514;[shared_partner.GetSheHeCap] clearly loves me!;;;;;;;;;;;;;x
EVTDESC_TIANXIA_2515;[poison_target.GetBestName] suspected nothing as [poison_target.GetSheHe] was served a poisoned drink by an unaware servant. However, something about the taste must have made [poison_target.GetHerHim] suspect that something might be wrong. [poison_target.GetSheHeCap] seems a bit less healthy, but [poison_target.GetSheHe] will live.;;;;;;;;;;;;;x
EVTOPTA_TIANXIA_2515;That's not quite what I was hoping for...;;;;;;;;;;;;;x
EVTDESC_TIANXIA_2516;Something is not right. The drink I am having has a slightly funny taste, and I am feeling a bit strange. Could the drink be poisoned?;;;;;;;;;;;;;x
EVTOPTA_TIANXIA_2516;I should stop drinking!;;;;;;;;;;;;;x
EVTDESC_TIANXIA_2517;[poison_target.GetBestName] seems to be feeling rather unwell all of a sudden. I asked [poison_target.GetHerHim] about it, and [poison_target.GetSheHe] told me [poison_target.GetHerHis] drink had a funny taste and that something felt wrong about it.;;;;;;;;;;;;;x
EVTOPTA_TIANXIA_2517;Could it have been poisoned?;;;;;;;;;;;;;x
EVTDESC_TIANXIA_2518;Disaster! [poison_target.GetBestName] had one of [poison_target.GetHerHis] agents watching as the drinks were being prepared, and the [Root.GetManWomanOpp] noticed what I was doing. [poison_target.GetSheHeCap] has ordered the guards to drag me before [shared_partner.GetBestName].;;;;;;;;;;;;;x
EVTOPTA_TIANXIA_2518;No, no, no!;;;;;;;;;;;;;x
EVTDESC_TIANXIA_2519;One of my agents has informed me that [poison_spouse.GetBestName] has attempted to poison my drink. The [poison_spouse.GetManWomanOpp] is someone I would trust with my life, so the accusation must be true.;;;;;;;;;;;;;x
EVTOPTA_TIANXIA_2519;Guards! Seize [poison_spouse.GetHerHim]!;;;;;;;;;;;;;x
EVTDESC_TIANXIA_2520;The guards have dragged [poison_spouse.GetBestName] in front of me, accompanied by [poison_target.GetBestName] and one of [poison_target.GetHerHis] most trusted agents. They inform me that [poison_spouse.GetFirstName] was caught poisoning a drink that was to be served to [poison_target.GetFirstName].;;;;;;;;;;;;;x
EVTOPTA_TIANXIA_2520;You'll be drinking what you prepared for [poison_target.GetHerHim]!;;;;;;;;;;;;;x
EVTOPTB_TIANXIA_2520;Throw [poison_spouse.GetHerHim] in a cell!;;;;;;;;;;;;;x
EVTOPTC_TIANXIA_2520;Really? You bother me with this?;;;;;;;;;;;;;x
EVTDESC_TIANXIA_2521;[shared_partner.GetBestName] ordered that I was to drink the drink that was prepared for [poison_target.GetBestName]. When I refused [shared_partner.GetHerHim] ordered the guards to force me to drink it.;;;;;;;;;;;;;x
EVTOPTA_TIANXIA_2521;No! Not like this!;;;;;;;;;;;;;x
EVTDESC_TIANXIA_2522;[shared_partner.GetBestName] ordered that [poison_spouse.GetBestName] was to drink the drink that was prepared for me. When [poison_spouse.GetSheHe] refused [shared_partner.GetHerHim] ordered the guards to force [poison_spouse.GetSheHe] to drink it. The resulting death looked rather unpleasant.;;;;;;;;;;;;;x
EVTOPTA_TIANXIA_2522;A fitting punishment!;;;;;;;;;;;;;x
EVTDESC_TIANXIA_2523;[shared_partner.GetBestName] believed [poison_target.GetBestName]'s accusation, and [shared_partner.GetSheHe] has ordered [shared_partner.GetHerHis] guards to lock me up in a prison cell.;;;;;;;;;;;;;x
EVTOPTA_TIANXIA_2523;Unhand me!;;;;;;;;;;;;;x
EVTDESC_TIANXIA_2524;[shared_partner.GetBestName] believed my accusation, and [shared_partner.GetSheHe] has ordered [shared_partner.GetHerHis] guards to lock [poison_spouse.GetBestName] up in a prison cell.;;;;;;;;;;;;;x
EVTOPTA_TIANXIA_2524;Throw away the key!;;;;;;;;;;;;;x
EVTDESC_TIANXIA_2525;I am not sure if [shared_partner.GetBestName] did not believe [poison_target.GetBestName]'s words or if [shared_partner.GetSheHe] simply did not care, but [shared_partner.GetSheHe] has ordered me to be released without any kind of punishment.;;;;;;;;;;;;;x
EVTOPTA_TIANXIA_2525;That could have gone a lot worse...;;;;;;;;;;;;;x
EVTDESC_TIANXIA_2526;I am not sure if [shared_partner.GetBestName] did not believe my words or if [shared_partner.GetSheHe] simply did not care, but [shared_partner.GetSheHe] has ordered [poison_spouse.GetBestName] to be released without any kind of punishment.;;;;;;;;;;;;;x
EVTOPTA_TIANXIA_2526;What? You're letting [poison_spouse.GetHerHim] go free?;;;;;;;;;;;;;x
EVTDESC_TIANXIA_2527;[primary_spouse.GetBestName] and I do not get along very well, and I am sure [shared_partner.GetBestName] could do much better as far as his First Wife goes,;;;;;;;;;;;;;x
EVTOPTA_TIANXIA_2527;I should be his First Wife!;;;;;;;;;;;;;x
EVTOPTB_TIANXIA_2527;Though I don't want to bother him about this...;;;;;;;;;;;;;x
EVTDESC_TIANXIA_2528;[wants_to_be_primary_spouse.GetBestName] has asked to speak to me, and she wasted no time before suggesting that [primary_spouse.GetBestName] is a poor First Wife and that there are much better options. I suspect she has herself in mind.;;;;;;;;;;;;;x
EVTOPTA_TIANXIA_2528;You should be my First Wife, [wants_to_be_primary_spouse.GetFirstName]!;;;;;;;;;;;;;x
EVTOPTB_TIANXIA_2528;I will not demote [primary_spouse.GetFirstName]!;;;;;;;;;;;;;x
EVTOPTC_TIANXIA_2528;Actually, [other_spouse_option.GetFullName] should be my First Wife!;;;;;;;;;;;;;x
EVTDESC_TIANXIA_2529;[shared_partner.GetBestName] agreed with my suggestion that [primary_spouse.GetBestName] is not a good First Wife for him, and I did not even have to put forth my own name to make him realize that I should be her replacement.;;;;;;;;;;;;;x
EVTOPTA_TIANXIA_2529;I can't wait to see the look on [primary_spouse.GetFirstName]'s face!;;;;;;;;;;;;;x
EVTDESC_TIANXIA_2530;[shared_partner.GetBestName] just informed me that he intends to make [wants_to_be_primary_spouse.GetBestName] his new First Wife. It's for the good of the realm, and his family, and so forth.;;;;;;;;;;;;;x
EVTOPTA_TIANXIA_2530;Clearly he doesn't love me!;;;;;;;;;;;;;x
EVTOPTB_TIANXIA_2530;Clearly he's no true friend!;;;;;;;;;;;;;x
EVTOPTC_TIANXIA_2530;I deserve better!;;;;;;;;;;;;;x
EVTOPTD_TIANXIA_2530;Actually, that makes sense to me...;;;;;;;;;;;;;x
EVTDESC_TIANXIA_2531;[primary_spouse.GetBestName] has informed me that since I am replacing her with [wants_to_be_primary_spouse.GetBestName] it is clear that I never loved her. At least, it is clear that she no longer loves me.;;;;;;;;;;;;;x
EVTOPTA_TIANXIA_2531;I'm not entirely surprised...;;;;;;;;;;;;;x
EVTDESC_TIANXIA_2532;[primary_spouse.GetBestName] has informed me that since I am replacing her with [wants_to_be_primary_spouse.GetBestName] it is clear that I am not her friend. At least, it is clear that she no longer considers me a friend.;;;;;;;;;;;;;x
EVTOPTA_TIANXIA_2532;I'm not entirely surprised...;;;;;;;;;;;;;x
EVTDESC_TIANXIA_2533;[wants_to_be_primary_spouse.GetBestName] has replaced me as [shared_partner.GetBestName]'s First Wife, and he likely got the idea from her.;;;;;;;;;;;;;x
EVTOPTA_TIANXIA_2533;Clearly she never loved me!;;;;;;;;;;;;;x
EVTOPTB_TIANXIA_2533;Clearly she's no true friend!;;;;;;;;;;;;;x
EVTOPTC_TIANXIA_2533;I hate her!;;;;;;;;;;;;;x
EVTOPTD_TIANXIA_2533;That bitch always envied me!;;;;;;;;;;;;;x
EVTOPTE_TIANXIA_2533;Actually, I don't hold it against her...;;;;;;;;;;;;;x
EVTDESC_TIANXIA_2534;[primary_spouse.GetBestName] has informed me that since I clearly got [shared_partner.GetBestName] to demote her it is clear that I never loved her. At least, it is clear that she no longer loves me.;;;;;;;;;;;;;x
EVTOPTA_TIANXIA_2534;I'm not entirely surprised...;;;;;;;;;;;;;x
EVTDESC_TIANXIA_2535;[primary_spouse.GetBestName] has informed me that since I clearly got [shared_partner.GetBestName] to demote her it is clear that I am not her friend. At least, it is clear that she no longer considers me a friend.;;;;;;;;;;;;;x
EVTOPTA_TIANXIA_2535;I'm not entirely surprised...;;;;;;;;;;;;;x
EVTDESC_TIANXIA_2536;[primary_spouse.GetBestName] was most unhappy to hear that I have replaced her as [shared_partner.GetBestName]'s First Wife, and it is clear that she now considers me her rival.;;;;;;;;;;;;;x
EVTOPTA_TIANXIA_2536;About what I expected...;;;;;;;;;;;;;x
EVTDESC_TIANXIA_2537;[shared_partner.GetBestName] told me that he actually thinks that [primary_spouse.GetBestName] is an excellent First Wife and that he is not interested in replacing her. No, not even with me.;;;;;;;;;;;;;x
EVTOPTA_TIANXIA_2537;Clearly he never loved me!;;;;;;;;;;;;;x
EVTOPTB_TIANXIA_2537;Clearly he's no true friend!;;;;;;;;;;;;;x
EVTOPTC_TIANXIA_2537;I deserve better!;;;;;;;;;;;;;x
EVTDESC_TIANXIA_2538;[wants_to_be_primary_spouse.GetBestName] has informed me that since I am keeping [primary_spouse.GetBestName] as my First Wife it is it is clear that I never loved her. At least, it is clear that she no longer loves me.;;;;;;;;;;;;;x
EVTOPTA_TIANXIA_2538;I'm not entirely surprised...;;;;;;;;;;;;;x
EVTDESC_TIANXIA_2539;[wants_to_be_primary_spouse.GetBestName] has informed me that since I am keeping [primary_spouse.GetBestName] as my First Wife it is it is clear that I am not her friend. At least, it is clear that she no longer considers me a friend.;;;;;;;;;;;;;x
EVTOPTA_TIANXIA_2539;I'm not entirely surprised...;;;;;;;;;;;;;x
EVTDESC_TIANXIA_2540;It is clear that [shared_partner.GetBestName] likes [primary_spouse.GetBestName] more than he likes me, and equally clear that [primary_spouse.GetFirstName] is in my way.;;;;;;;;;;;;;x
EVTOPTA_TIANXIA_2540;I hate her!;;;;;;;;;;;;;x
EVTOPTB_TIANXIA_2540;I hate her!;;;;;;;;;;;;;x
EVTOPTC_TIANXIA_2540;I hate her so much!;;;;;;;;;;;;;x
EVTOPTD_TIANXIA_2540;She remains a thorn in my side!;;;;;;;;;;;;;x
EVTDESC_TIANXIA_2541;[wants_to_be_primary_spouse.GetBestName] has informed me that she no longer loves me, seeing as I am a rival for [shared_partner.GetBestName]'s affections.;;;;;;;;;;;;;x
EVTOPTA_TIANXIA_2541;Not sure I am surprised...;;;;;;;;;;;;;x
EVTDESC_TIANXIA_2542;[wants_to_be_primary_spouse.GetBestName] has informed me that she no longer considers me her friend, seeing as I am a rival for [shared_partner.GetBestName]'s affections.;;;;;;;;;;;;;x
EVTOPTA_TIANXIA_2542;Not sure I am surprised...;;;;;;;;;;;;;x
EVTDESC_TIANXIA_2543;[wants_to_be_primary_spouse.GetBestName] clearly sees me as an enemy as I am a rival for [shared_partner.GetBestName]'s affections.;;;;;;;;;;;;;x
EVTOPTA_TIANXIA_2543;That was bound to happen eventually...;;;;;;;;;;;;;x
EVTDESC_TIANXIA_2544;[shared_partner.GetBestName] agreed with my suggestion that [primary_spouse.GetBestName] is not a good First Wife for him. He then immediately made it clear that he would promote [other_spouse_option.GetBestName] to replace her, rather than promoting me!;;;;;;;;;;;;;x
EVTOPTA_TIANXIA_2544;Clearly he's no true friend!;;;;;;;;;;;;;x
EVTOPTB_TIANXIA_2544;I deserve better!;;;;;;;;;;;;;x
EVTDESC_TIANXIA_2545;[wants_to_be_primary_spouse.GetBestName] has informed me that since I made [other_spouse_option.GetBestName] my new First Wife instead of promoting her it is it is clear that I am not her friend. At least, it is clear that she no longer considers me a friend.;;;;;;;;;;;;;x
EVTOPTA_TIANXIA_2545;I'm not entirely surprised...;;;;;;;;;;;;;x
EVTDESC_TIANXIA_2546;[shared_partner.GetBestName] just informed me that he intends to make [other_spouse_option.GetBestName] his new First Wife. It's for the good of the realm, and his family, and so forth.;;;;;;;;;;;;;x
EVTOPTA_TIANXIA_2546;Clearly he's no true friend!;;;;;;;;;;;;;x
EVTOPTB_TIANXIA_2546;I deserve better!;;;;;;;;;;;;;x
EVTOPTC_TIANXIA_2546;Actually, that makes sense to me...;;;;;;;;;;;;;x
EVTDESC_TIANXIA_2547;[primary_spouse.GetBestName] has informed me that since I am replacing her with [other_spouse_option.GetBestName] it is clear that I am not her friend. At least, it is clear that she no longer considers me a friend.;;;;;;;;;;;;;x
EVTOPTA_TIANXIA_2547;I'm not entirely surprised...;;;;;;;;;;;;;x
EVTDESC_TIANXIA_2548;I have just been informed that [shared_partner.GetBestName] has seen fit to make me his First Wife, seeing as [wants_to_be_primary_spouse.GetBestName] has convinced him that his former First Wife, [primary_spouse.GetBestName], was not a good First Wife.;;;;;;;;;;;;;x
EVTOPTA_TIANXIA_2548;What a pleasant surprise!;;;;;;;;;;;;;x
EVTDESC_TIANXIA_2549;[other_spouse_option.GetBestName]. [shared_partner.GetBestName] promoted [other_spouse_option.GetBestName]. She's in my way now, like [primary_spouse.GetBestName] was!;;;;;;;;;;;;;x
EVTOPTA_TIANXIA_2549;I hate her!;;;;;;;;;;;;;x
EVTOPTB_TIANXIA_2549;I hate her!;;;;;;;;;;;;;x
EVTOPTC_TIANXIA_2549;I hate her so much!;;;;;;;;;;;;;x
EVTOPTD_TIANXIA_2549;She remains a thorn in my side!;;;;;;;;;;;;;x
EVTDESC_TIANXIA_2550;[wants_to_be_primary_spouse.GetBestName] has informed me that she no longer loves me, seeing as I am a rival for [shared_partner.GetBestName]'s affections.;;;;;;;;;;;;;x
EVTOPTA_TIANXIA_2550;Not sure I am surprised...;;;;;;;;;;;;;x
EVTDESC_TIANXIA_2551;[wants_to_be_primary_spouse.GetBestName] has informed me that she no longer considers me her friend, seeing as I am a rival for [shared_partner.GetBestName]'s affections.;;;;;;;;;;;;;x
EVTOPTA_TIANXIA_2551;Not sure I am surprised...;;;;;;;;;;;;;x
EVTDESC_TIANXIA_2552;[wants_to_be_primary_spouse.GetBestName] clearly sees me as an enemy as I am a rival for [shared_partner.GetBestName]'s affections.;;;;;;;;;;;;;x
EVTOPTA_TIANXIA_2552;That was bound to happen eventually...;;;;;;;;;;;;;x
EVTDESC_TIANXIA_2553;[other_spouse_option.GetBestName] has replaced me as [shared_partner.GetBestName]'s First Wife. This is perhaps an unwelcome development.;;;;;;;;;;;;;x
EVTOPTA_TIANXIA_2553;I hate her!;;;;;;;;;;;;;x
EVTOPTB_TIANXIA_2553;I hate her!;;;;;;;;;;;;;x
EVTOPTC_TIANXIA_2553;I hate her so much!;;;;;;;;;;;;;x
EVTOPTD_TIANXIA_2553;She remains a thorn in my side!;;;;;;;;;;;;;x
EVTOPTE_TIANXIA_2553;Actually, I can't hold this against her...;;;;;;;;;;;;;x
EVTDESC_TIANXIA_2554;[primary_spouse.GetBestName] has informed me that she no longer loves me, seeing as I am a rival for [shared_partner.GetBestName]'s affections.;;;;;;;;;;;;;x
EVTOPTA_TIANXIA_2554;Not sure I am surprised...;;;;;;;;;;;;;x
EVTDESC_TIANXIA_2555;[primary_spouse.GetBestName] has informed me that she no longer considers me her friend, seeing as I am a rival for [shared_partner.GetBestName]'s affections.;;;;;;;;;;;;;x
EVTOPTA_TIANXIA_2555;Not sure I am surprised...;;;;;;;;;;;;;x
EVTDESC_TIANXIA_2556;[primary_spouse.GetBestName] clearly sees me as an enemy as I am a rival for [shared_partner.GetBestName]'s affections.;;;;;;;;;;;;;x
EVTOPTA_TIANXIA_2556;That was bound to happen eventually...;;;;;;;;;;;;;x
EVTDESC_TIANXIA_2557;[primary_spouse.GetBestName] and I do not get along very well, and I am sure [shared_partner.GetBestName] could do much better as far as [shared_partner.GetHerHis] [shared_partner.GetHusbandWifeOpp] goes,;;;;;;;;;;;;;x
EVTOPTA_TIANXIA_2557;I should be [shared_partner.GetHerHis] [shared_partner.GetHusbandWifeOpp]!;;;;;;;;;;;;;x
EVTOPTB_TIANXIA_2557;Though I don't want to bother [shared_partner.GetHerHim] about this...;;;;;;;;;;;;;x
EVTDESC_TIANXIA_2558;[wants_to_be_primary_spouse.GetBestName] has asked to speak to me, and [wants_to_be_primary_spouse.GetSheHe] wasted no time before suggesting that [primary_spouse.GetBestName] is a poor [Root.GetHusbandWifeOpp] and that there are much better options. I suspect [wants_to_be_primary_spouse.GetSheHe] has [wants_to_be_primary_spouse.GetHerHim]self in mind.;;;;;;;;;;;;;x
EVTOPTA_TIANXIA_2558;You should be my [wants_to_be_primary_spouse.GetSheHe], [wants_to_be_primary_spouse.GetFirstName]!;;;;;;;;;;;;;x
EVTOPTB_TIANXIA_2558;I will not demote [primary_spouse.GetFirstName]!;;;;;;;;;;;;;x
EVTOPTC_TIANXIA_2558;Actually, [other_spouse_option.GetFullName] should be my [Root.GetHusbandWifeOpp]!;;;;;;;;;;;;;x
EVTDESC_TIANXIA_2559;[shared_partner.GetBestName] agreed with my suggestion that [primary_spouse.GetBestName] is not a good [shared_partner.GetHusbandWifeOpp] for [shared_partner.GetHerHim], and I did not even have to put forth my own name to make [shared_partner.GetHerHim] realize that I should be [primary_spouse.GetHerHis] replacement.;;;;;;;;;;;;;x
EVTOPTA_TIANXIA_2559;I can't wait to see the look on [primary_spouse.GetFirstName]'s face!;;;;;;;;;;;;;x
EVTDESC_TIANXIA_2560;[shared_partner.GetBestName] just informed me that [shared_partner.GetSheHe] intends to make [wants_to_be_primary_spouse.GetBestName] [shared_partner.GetHerHis] new [shared_partner.GetHusbandWifeOpp]. It's for the good of the realm, and [shared_partner.GetHerHis] family, and so forth.;;;;;;;;;;;;;x
EVTOPTA_TIANXIA_2560;Clearly [shared_partner.GetSheHe] doesn't love me!;;;;;;;;;;;;;x
EVTOPTB_TIANXIA_2560;Clearly [shared_partner.GetSheHe]'s no true friend!;;;;;;;;;;;;;x
EVTOPTC_TIANXIA_2560;I deserve better!;;;;;;;;;;;;;x
EVTOPTD_TIANXIA_2560;Actually, that makes sense to me...;;;;;;;;;;;;;x
EVTDESC_TIANXIA_2561;[primary_spouse.GetBestName] has informed me that since I am replacing [primary_spouse.GetHerHim] with [wants_to_be_primary_spouse.GetBestName] it is clear that I never loved [primary_spouse.GetHerHim]. At least, it is clear that [primary_spouse.GetSheHe] no longer loves me.;;;;;;;;;;;;;x
EVTOPTA_TIANXIA_2561;I'm not entirely surprised...;;;;;;;;;;;;;x
EVTDESC_TIANXIA_2562;[primary_spouse.GetBestName] has informed me that since I am replacing [primary_spouse.GetHerHim] with [wants_to_be_primary_spouse.GetBestName] it is clear that I am not [primary_spouse.GetHerHis] friend. At least, it is clear that [primary_spouse.GetSheHe] no longer considers me a friend.;;;;;;;;;;;;;x
EVTOPTA_TIANXIA_2562;I'm not entirely surprised...;;;;;;;;;;;;;x
EVTDESC_TIANXIA_2563;[wants_to_be_primary_spouse.GetBestName] has replaced me as [shared_partner.GetBestName]'s [shared_partner.GetHusbandWifeOpp], and [shared_partner.GetSheHe] likely got the idea from [wants_to_be_primary_spouse.GetHerHim].;;;;;;;;;;;;;x
EVTOPTA_TIANXIA_2563;Clearly [wants_to_be_primary_spouse.GetSheHe] never loved me!;;;;;;;;;;;;;x
EVTOPTB_TIANXIA_2563;Clearly [wants_to_be_primary_spouse.GetSheHe]'s no true friend!;;;;;;;;;;;;;x
EVTOPTC_TIANXIA_2563;I hate [wants_to_be_primary_spouse.GetHerHim]!;;;;;;;;;;;;;x
EVTOPTD_TIANXIA_2563;That [wants_to_be_primary_spouse.GetBastardBitch] always envied me!;;;;;;;;;;;;;x
EVTOPTE_TIANXIA_2563;Actually, I don't hold it against [wants_to_be_primary_spouse.GetHerHim]...;;;;;;;;;;;;;x
EVTDESC_TIANXIA_2564;[primary_spouse.GetBestName] has informed me that since I clearly got [shared_partner.GetBestName] to demote [primary_spouse.GetHerHim] it is clear that I never loved [primary_spouse.GetHerHim]. At least, it is clear that [primary_spouse.GetSheHe] no longer loves me.;;;;;;;;;;;;;x
EVTOPTA_TIANXIA_2564;I'm not entirely surprised...;;;;;;;;;;;;;x
EVTDESC_TIANXIA_2565;[primary_spouse.GetBestName] has informed me that since I clearly got [shared_partner.GetBestName] to demote [primary_spouse.GetHerHim] it is clear that I am not [primary_spouse.GetHerHis] friend. At least, it is clear that [primary_spouse.GetSheHe] no longer considers me a friend.;;;;;;;;;;;;;x
EVTOPTA_TIANXIA_2565;I'm not entirely surprised...;;;;;;;;;;;;;x
EVTDESC_TIANXIA_2566;[primary_spouse.GetBestName] was most unhappy to hear that I have replaced [primary_spouse.GetHerHim] as [shared_partner.GetBestName]'s [shared_partner.GetHusbandWifeOpp], and it is clear that [primary_spouse.GetSheHe] now considers me [primary_spouse.GetHerHis] rival.;;;;;;;;;;;;;x
EVTOPTA_TIANXIA_2566;About what I expected...;;;;;;;;;;;;;x
EVTDESC_TIANXIA_2567;[shared_partner.GetBestName] told me that [shared_partner.GetSheHe] actually thinks that [primary_spouse.GetBestName] is an excellent [shared_partner.GetHusbandWifeOpp] and that [shared_partner.GetSheHe] is not interested in replacing [primary_spouse.GetHerHim]. No, not even with me.;;;;;;;;;;;;;x
EVTOPTA_TIANXIA_2567;Clearly [shared_partner.GetSheHe] never loved me!;;;;;;;;;;;;;x
EVTOPTB_TIANXIA_2567;Clearly [shared_partner.GetSheHe]'s no true friend!;;;;;;;;;;;;;x
EVTOPTC_TIANXIA_2567;I deserve better!;;;;;;;;;;;;;x
EVTDESC_TIANXIA_2568;[wants_to_be_primary_spouse.GetBestName] has informed me that since I am keeping [primary_spouse.GetBestName] as my [shared_partner.GetHusbandWifeOpp] it is it is clear that I never loved [wants_to_be_primary_spouse.GetHerHim]. At least, it is clear that [wants_to_be_primary_spouse.GetSheHe] no longer loves me.;;;;;;;;;;;;;x
EVTOPTA_TIANXIA_2568;I'm not entirely surprised...;;;;;;;;;;;;;x
EVTDESC_TIANXIA_2569;[wants_to_be_primary_spouse.GetBestName] has informed me that since I am keeping [primary_spouse.GetBestName] as my [shared_partner.GetHusbandWifeOpp] it is it is clear that I am not [wants_to_be_primary_spouse.GetHerHis] friend. At least, it is clear that [wants_to_be_primary_spouse.GetSheHe] no longer considers me a friend.;;;;;;;;;;;;;x
EVTOPTA_TIANXIA_2569;I'm not entirely surprised...;;;;;;;;;;;;;x
EVTDESC_TIANXIA_2570;It is clear that [shared_partner.GetBestName] likes [primary_spouse.GetBestName] more than [shared_partner.GetSheHe] likes me, and equally clear that [primary_spouse.GetFirstName] is in my way.;;;;;;;;;;;;;x
EVTOPTA_TIANXIA_2570;I hate [primary_spouse.GetHerHim]!;;;;;;;;;;;;;x
EVTOPTB_TIANXIA_2570;I hate [primary_spouse.GetHerHim]!;;;;;;;;;;;;;x
EVTOPTC_TIANXIA_2570;I hate [primary_spouse.GetHerHim] so much!;;;;;;;;;;;;;x
EVTOPTD_TIANXIA_2570;[primary_spouse.GetSheHeCap] remains a thorn in my side!;;;;;;;;;;;;;x
EVTDESC_TIANXIA_2571;[wants_to_be_primary_spouse.GetBestName] has informed me that [wants_to_be_primary_spouse.GetSheHe] no longer loves me, seeing as I am a rival for [shared_partner.GetBestName]'s affections.;;;;;;;;;;;;;x
EVTOPTA_TIANXIA_2571;Not sure I am surprised...;;;;;;;;;;;;;x
EVTDESC_TIANXIA_2572;[wants_to_be_primary_spouse.GetBestName] has informed me that [wants_to_be_primary_spouse.GetSheHe] no longer considers me her friend, seeing as I am a rival for [shared_partner.GetBestName]'s affections.;;;;;;;;;;;;;x
EVTOPTA_TIANXIA_2572;Not sure I am surprised...;;;;;;;;;;;;;x
EVTDESC_TIANXIA_2573;[wants_to_be_primary_spouse.GetBestName] clearly sees me as an enemy as I am a rival for [shared_partner.GetBestName]'s affections.;;;;;;;;;;;;;x
EVTOPTA_TIANXIA_2573;That was bound to happen eventually...;;;;;;;;;;;;;x
EVTDESC_TIANXIA_2574;[shared_partner.GetBestName] agreed with my suggestion that [primary_spouse.GetBestName] is not a good [shared_partner.GetHusbandWifeOpp] for [shared_partner.GetHerHim]. He then immediately made it clear that he would promote [other_spouse_option.GetBestName] to replace [primary_spouse.GetHerHim], rather than promoting me!;;;;;;;;;;;;;x
EVTOPTA_TIANXIA_2574;Clearly [shared_partner.GetHerHim]'s no true friend!;;;;;;;;;;;;;x
EVTOPTB_TIANXIA_2574;I deserve better!;;;;;;;;;;;;;x
EVTDESC_TIANXIA_2575;[wants_to_be_primary_spouse.GetBestName] has informed me that since I made [other_spouse_option.GetBestName] my new [shared_partner.GetHusbandWifeOpp] instead of promoting [wants_to_be_primary_spouse.GetHerHim] it is it is clear that I am not [wants_to_be_primary_spouse.GetHerHis] friend. At least, it is clear that [primary_spouse.GetSheHe] no longer considers me a friend.;;;;;;;;;;;;;x
EVTOPTA_TIANXIA_2575;I'm not entirely surprised...;;;;;;;;;;;;;x
EVTDESC_TIANXIA_2576;[shared_partner.GetBestName] just informed me that he intends to make [other_spouse_option.GetBestName] [shared_partner.GetHerHis] new [shared_partner.GetHusbandWifeOpp]. It's for the good of the realm, and [shared_partner.GetHerHis] family, and so forth.;;;;;;;;;;;;;x
EVTOPTA_TIANXIA_2576;Clearly [shared_partner.GetSheHe]'s no true friend!;;;;;;;;;;;;;x
EVTOPTB_TIANXIA_2576;I deserve better!;;;;;;;;;;;;;x
EVTOPTC_TIANXIA_2576;Actually, that makes sense to me...;;;;;;;;;;;;;x
EVTDESC_TIANXIA_2577;[primary_spouse.GetBestName] has informed me that since I am replacing [primary_spouse.GetHerHim] with [other_spouse_option.GetBestName] it is clear that I am not [primary_spouse.GetHerHis] friend. At least, it is clear that [primary_spouse.GetSheHe] no longer considers me a friend.;;;;;;;;;;;;;x
EVTOPTA_TIANXIA_2577;I'm not entirely surprised...;;;;;;;;;;;;;x
EVTDESC_TIANXIA_2578;I have just been informed that [shared_partner.GetBestName] has seen fit to make me [shared_partner.GetHerHis] [shared_partner.GetHusbandWifeOpp], seeing as [wants_to_be_primary_spouse.GetBestName] has convinced [shared_partner.GetHerHim] that [shared_partner.GetHerHis] former [shared_partner.GetHusbandWifeOpp], [primary_spouse.GetBestName], was not a good [shared_partner.GetHusbandWifeOpp].;;;;;;;;;;;;;x
EVTOPTA_TIANXIA_2578;What a pleasant surprise!;;;;;;;;;;;;;x
EVTDESC_TIANXIA_2579;[other_spouse_option.GetBestName]. [shared_partner.GetBestName] promoted [other_spouse_option.GetBestName]. [other_spouse_option.GetSheHe]'s in my way now, like [primary_spouse.GetBestName] was!;;;;;;;;;;;;;x
EVTOPTA_TIANXIA_2579;I hate [other_spouse_option.GetHerHim]!;;;;;;;;;;;;;x
EVTOPTB_TIANXIA_2579;I hate [other_spouse_option.GetHerHim]!;;;;;;;;;;;;;x
EVTOPTC_TIANXIA_2579;I hate [other_spouse_option.GetHerHim] so much!;;;;;;;;;;;;;x
EVTOPTD_TIANXIA_2579;[other_spouse_option.GetSheHeCap] remains a thorn in my side!;;;;;;;;;;;;;x
EVTDESC_TIANXIA_2580;[wants_to_be_primary_spouse.GetBestName] has informed me that [wants_to_be_primary_spouse.GetSheHe] no longer loves me, seeing as I am a rival for [shared_partner.GetBestName]'s affections.;;;;;;;;;;;;;x
EVTOPTA_TIANXIA_2580;Not sure I am surprised...;;;;;;;;;;;;;x
EVTDESC_TIANXIA_2581;[wants_to_be_primary_spouse.GetBestName] has informed me that [wants_to_be_primary_spouse.GetSheHe] no longer considers me her [wants_to_be_primary_spouse.GetHerHis], seeing as I am a rival for [shared_partner.GetBestName]'s affections.;;;;;;;;;;;;;x
EVTOPTA_TIANXIA_2581;Not sure I am surprised...;;;;;;;;;;;;;x
EVTDESC_TIANXIA_2582;[wants_to_be_primary_spouse.GetBestName] clearly sees me as an enemy as I am a rival for [shared_partner.GetBestName]'s affections.;;;;;;;;;;;;;x
EVTOPTA_TIANXIA_2582;That was bound to happen eventually...;;;;;;;;;;;;;x
EVTDESC_TIANXIA_2583;[other_spouse_option.GetBestName] has replaced me as [shared_partner.GetBestName]'s [shared_partner.GetHusbandWifeOpp]. This is perhaps an unwelcome development.;;;;;;;;;;;;;x
EVTOPTA_TIANXIA_2583;I hate [other_spouse_option.GetHerHim]!;;;;;;;;;;;;;x
EVTOPTB_TIANXIA_2583;I hate [other_spouse_option.GetHerHim]!;;;;;;;;;;;;;x
EVTOPTC_TIANXIA_2583;I hate [other_spouse_option.GetHerHim] so much!;;;;;;;;;;;;;x
EVTOPTD_TIANXIA_2583;[other_spouse_option.GetSheHeCap] remains a thorn in my side!;;;;;;;;;;;;;x
EVTOPTE_TIANXIA_2583;Actually, I can't hold this against [other_spouse_option.GetHerHim]...;;;;;;;;;;;;;x
EVTDESC_TIANXIA_2584;[primary_spouse.GetBestName] has informed me that [primary_spouse.GetSheHe] no longer loves me, seeing as I am a rival for [shared_partner.GetBestName]'s affections.;;;;;;;;;;;;;x
EVTOPTA_TIANXIA_2584;Not sure I am surprised...;;;;;;;;;;;;;x
EVTDESC_TIANXIA_2585;[primary_spouse.GetBestName] has informed me that [primary_spouse.GetSheHe] no longer considers me [primary_spouse.GetHerHis] friend, seeing as I am a rival for [shared_partner.GetBestName]'s affections.;;;;;;;;;;;;;x
EVTOPTA_TIANXIA_2585;Not sure I am surprised...;;;;;;;;;;;;;x
EVTDESC_TIANXIA_2586;[primary_spouse.GetBestName] clearly sees me as an enemy as I am a rival for [shared_partner.GetBestName]'s affections.;;;;;;;;;;;;;x
EVTOPTA_TIANXIA_2586;That was bound to happen eventually...;;;;;;;;;;;;;x
EVTDESC_TIANXIA_2587;There is something special about [possible_lover.GetBestName]. I am always happy when [possible_lover.GetSheHe] is around, and [possible_lover.GetHerHis] approval matters a lot to me. I think I might be  in love with [possible_lover.GetHerHim]!;;;;;;;;;;;;;x
EVTOPTA_TIANXIA_2587;[possible_lover.GetFirstName], do you feel the same way?;;;;;;;;;;;;;x
EVTOPTB_TIANXIA_2587;No, this is inappropriate...;;;;;;;;;;;;;x
EVTDESC_TIANXIA_2588;I have been enjoying [lover_consort.GetBestName]'s company quite a lot lately, and [lover_consort.GetSheHe] seems to have been enjoying mine as well. It is not very surprising when [lover_consort.GetSheHe] confesses that [lover_consort.GetSheHe] is in love with me and asks if I feel the same way.;;;;;;;;;;;;;x
EVTOPTA_TIANXIA_2588;Of course I love you!;;;;;;;;;;;;;x
EVTOPTB_TIANXIA_2588;I'm flattered, but I'm only looking for a friend...;;;;;;;;;;;;;x
EVTOPTC_TIANXIA_2588;Let's just pretend this never happened...;;;;;;;;;;;;;x
EVTOPTD_TIANXIA_2588;Me and you? Ha!;;;;;;;;;;;;;x
EVTDESC_TIANXIA_2589;[possible_lover.GetBestName] confesses [possible_lover.GetHerHis] own love for me almost as soon as the words are out of my mouth, and we quickly find a secluded location to get to know each other much more intimately. It is possible [shared_partner.GetBestName] would disapprove, if [shared_partner.GetSheHe] should find out, but that is not important.;;;;;;;;;;;;;x
EVTOPTA_TIANXIA_2589;Our love will last!;;;;;;;;;;;;;x
EVTDESC_TIANXIA_2590;[possible_lover.GetBestName] gently tells me that [possible_lover.GetSheHe] does not feel the same way but that [possible_lover.GetSheHe] gladly would be my friend, if that is agreeable.;;;;;;;;;;;;;x
EVTOPTA_TIANXIA_2590;Friends, then!;;;;;;;;;;;;;x
EVTOPTB_TIANXIA_2590;Sorry, but I'm not looking for a friend...;;;;;;;;;;;;;x
EVTOPTC_TIANXIA_2590;No, not after you rejected me!;;;;;;;;;;;;;x
EVTDESC_TIANXIA_2591;[lover_consort.GetBestName] seems to have taken the rejection well enough, seeing as [lover_consort.GetSheHe] is quite happy to accept just being my friend.;;;;;;;;;;;;;x
EVTOPTA_TIANXIA_2591;Best friends forever!;;;;;;;;;;;;;x
EVTDESC_TIANXIA_2592;I've just been informed that [lover_consort.GetBestName] and [possible_lover.GetBestName] have declared their eternal friendship, despite the fairly common misconception that siblings will quarrel over any shared partner.;;;;;;;;;;;;;x
EVTOPTA_TIANXIA_2592;This benefits all of us!;;;;;;;;;;;;;x
EVTOPTB_TIANXIA_2592;I'm sure that's wonderful!;;;;;;;;;;;;;x
EVTOPTC_TIANXIA_2592;Strange that those two would get along...;;;;;;;;;;;;;x
EVTOPTD_TIANXIA_2592;I don't like the sound of that...;;;;;;;;;;;;;x
EVTOPTE_TIANXIA_2592;I have a bad feeling about this...;;;;;;;;;;;;;x
EVTDESC_TIANXIA_2593;[lover_consort.GetBestName] tells me that [lover_consort.GetSheHe] unfortunately is not looking for a friend. [lover_consort.GetSheHeCap] does not seem angry, however.;;;;;;;;;;;;;x
EVTOPTA_TIANXIA_2593;I see...;;;;;;;;;;;;;x
EVTDESC_TIANXIA_2594;[lover_consort.GetBestName] angrily tells me that I am not the kind of person [lover_consort.GetSheHe] would consider befriending. I think [lover_consort.GetSheHe] took me rejecting [lover_consort.GetHerHim] harder than I expected, but even so [lover_consort.GetHerHis] words sting.;;;;;;;;;;;;;x
EVTOPTA_TIANXIA_2594;That was very rude!;;;;;;;;;;;;;x
EVTDESC_TIANXIA_2595;[possible_lover.GetBestName] tells me that [possible_lover.GetSheHe] thinks it would be best if we both pretended that I never had told [possible_lover.GetHerHim] about my feelings for [possible_lover.GetHerHim]. [possible_lover.GetSheHeCap] does not seem angry, however.;;;;;;;;;;;;;x
EVTOPTA_TIANXIA_2595;I see...;;;;;;;;;;;;;x
EVTDESC_TIANXIA_2596;[possible_lover.GetBestName] tells me that I am not the kind of person [possible_lover.GetSheHe] would consider sharing [possible_lover.GetHerHis] heart or bed with in no uncertain terms. I knew it was possible that [possible_lover.GetSheHe] would not feel the same way, but [possible_lover.GetSheHe] could at least have been polite.;;;;;;;;;;;;;x
EVTOPTA_TIANXIA_2596;That was very rude!;;;;;;;;;;;;;x
EVTDESC_TIANXIA_2598;I have just learned that [lover_consort_one.GetBestName] and [lover_consort_two.GetBestName] are lovers. [GetSpouseConsortLoverType], sharing each other's hearts and beds.;;;;;;;;;;;;;x
WIFE_WIFE;Two of my wives;;;;;;;;;;;;;x
WIFE_CONCUBINE;My wife and my concubine;;;;;;;;;;;;;x
CONCUBINE_CONCUBINE;Two of my concubines;;;;;;;;;;;;;x
HUSBAND_CONSORT;My husband and my consort;;;;;;;;;;;;;x
CONSORT_CONSORT;Two of my consorts;;;;;;;;;;;;;x
EVTOPTA_TIANXIA_2598;We should perhaps get a bigger bed...;;;;;;;;;;;;;x
EVTOPTB_TIANXIA_2598;Maybe you love me too, [not_lover.GetFirstName]?;;;;;;;;;;;;;x
EVTOPTC_TIANXIA_2598;Maybe both of you love me too?;;;;;;;;;;;;;x
EVTOPTD_TIANXIA_2598;[not_lover.GetHerHim] or me, [my_lover.GetFirstName]!;;;;;;;;;;;;;x
EVTOPTE_TIANXIA_2598;Try to keep it discreet, for all our sake...;;;;;;;;;;;;;x
EVTOPTF_TIANXIA_2598;This ends now!;;;;;;;;;;;;;x
EVTOPTG_TIANXIA_2598;Guards! Seize them!;;;;;;;;;;;;;x
EVTDESC_TIANXIA_2599;It seems [shared_partner.GetBestName] has found out about me and [other_lover.GetBestName] sharing each other's hearts and beds. Seeing as [shared_partner.GetSheHe] loves both me and [other_lover.GetFirstName] and that we both love [shared_partner.GetHerHim], this really is a good outcome for all of us.;;;;;;;;;;;;;x
EVTOPTA_TIANXIA_2599;We should perhaps get a bigger bed...;;;;;;;;;;;;;x
EVTDESC_TIANXIA_2600;[shared_partner.GetBestName] has found out about me and [other_lover.GetBestName] sharing each other's hearts and beds. Those two are of course deeply in love, and it seems [shared_partner.GetFirstName] has feelings for me as well, seeing as [shared_partner.GetHerHis] reaction was to ask if maybe I love [shared_partner.GetHerHim].;;;;;;;;;;;;;x
EVTOPTA_TIANXIA_2600;Of course I love you, [shared_partner.GetFirstName]!;;;;;;;;;;;;;x
EVTOPTB_TIANXIA_2600;No, I only love [my_lover.GetFirstName]...;;;;;;;;;;;;;x
EVTDESC_TIANXIA_2601;[not_lover.GetBestName] was quite happy to hear that I love [not_lover.GetHerHim] and told me the feeling most definitely is mutual. Considering we both are in love with [my_lover.GetBestName], this is a very good thing for all three of us.;;;;;;;;;;;;;x
EVTOPTA_TIANXIA_2601;We should perhaps get a bigger bed...;;;;;;;;;;;;;x
EVTDESC_TIANXIA_2602;[shared_partner.GetBestName] has found out about me and [not_lover.GetBestName] sharing each other's hearts and beds. Luckily, not only do both of them love me, but they both love each other, so this is only going to mean good things for us three.;;;;;;;;;;;;;x
EVTOPTA_TIANXIA_2602;We should perhaps get a bigger bed...;;;;;;;;;;;;;x
EVTDESC_TIANXIA_2603;[not_lover.GetBestName] told me that while [not_lover.GetSheHe] loves [my_lover.GetBestName] and I and [my_lover.GetSheHe] love each other, my feelings for [not_lover.GetHerHim] are not mutual.;;;;;;;;;;;;;x
EVTOPTA_TIANXIA_2603;I see...;;;;;;;;;;;;;x
EVTDESC_TIANXIA_2604;[shared_partner.GetBestName] has found out about me and [not_lover.GetBestName] sharing each other's hearts and beds. I have also heard from [not_lover.GetFirstName] that [shared_partner.GetFirstName] asked [not_lover.GetHerHim] if there was any chance [not_lover.GetSheHe] loved [shared_partner.GetHerHim], but that was unfortunately not the case.;;;;;;;;;;;;;x
EVTOPTA_TIANXIA_2604;I hope it'll not cause trouble...;;;;;;;;;;;;;x
EVTDESC_TIANXIA_2605;[shared_partner.GetBestName] has found out about me and [lover_consort_two.GetBestName] sharing each other's hearts and beds. [shared_partner.GetSheHeCap] has confessed that [shared_partner.GetSheHe] loves both of us a lot, and is wondering if it perhaps is mutual.;;;;;;;;;;;;;x
EVTOPTA_TIANXIA_2605;Of course I love you, [shared_partner.GetFirstName]!;;;;;;;;;;;;;x
EVTOPTB_TIANXIA_2605;No, I only love [lover_consort_two.GetFirstName]...;;;;;;;;;;;;;x
EVTDESC_TIANXIA_2606;[shared_partner.GetBestName] has found out about me and [lover_consort_one.GetBestName] sharing each other's hearts and beds. [shared_partner.GetSheHeCap] has confessed that [shared_partner.GetSheHe] loves both of us a lot, and is wondering if it perhaps is mutual.;;;;;;;;;;;;;x
EVTOPTA_TIANXIA_2606;Of course I love you, [shared_partner.GetFirstName]!;;;;;;;;;;;;;x
EVTOPTB_TIANXIA_2606;No, I only love [lover_consort_one.GetFirstName]...;;;;;;;;;;;;;x
EVTDESC_TIANXIA_2607;It turns outh both [lover_consort_one.GetBestName] and [lover_consort_two.GetBestName] love me as much as they love each other. This can only mean good things for all three of us.;;;;;;;;;;;;;x
EVTOPTA_TIANXIA_2607;We should perhaps get a bigger bed...;;;;;;;;;;;;;x
EVTDESC_TIANXIA_2608;While [lover_consort_one.GetBestName] told me that [lover_consort_one.GetSheHe] loves me, [lover_consort_two.GetBestName] does not feel the same way about me as I feel about [lover_consort_two.GetHerHim].;;;;;;;;;;;;;x
EVTOPTA_TIANXIA_2608;Maybe [lover_consort_two.GetSheHe] will change [lover_consort_two.GetHerHis] mind...;;;;;;;;;;;;;x
EVTDESC_TIANXIA_2609;While [lover_consort_two.GetBestName] told me that [lover_consort_two.GetSheHe] loves me, [lover_consort_one.GetBestName] does not feel the same way about me as I feel about [lover_consort_one.GetHerHim].;;;;;;;;;;;;;x
EVTOPTA_TIANXIA_2609;Maybe [lover_consort_one.GetSheHe] will change [lover_consort_one.GetHerHis] mind...;;;;;;;;;;;;;x
EVTDESC_TIANXIA_2610;Both [lover_consort_one.GetBestName] and [lover_consort_two.GetBestName] have informed me that they do not love me. I was hoping their love for each other would bring us all closer, but that was apparently not meant to be.;;;;;;;;;;;;;x
EVTOPTA_TIANXIA_2610;But I love you! Both of you!;;;;;;;;;;;;;x
EVTDESC_TIANXIA_2611;My lover [lover_consort_two.GetBestName] was quite happy to hear that [shared_partner.GetBestName] loves [lover_consort_two.GetHerHim] and informed [shared_partner.GetHerHim] that the feeling was mutual.;;;;;;;;;;;;;x
EVTOPTA_TIANXIA_2611;We should perhaps get a bigger bed...;;;;;;;;;;;;;x
EVTOPTB_TIANXIA_2611;Good for them, I suppose...;;;;;;;;;;;;;x
EVTDESC_TIANXIA_2612;My lover [lover_consort_two.GetBestName] has informed [shared_partner.GetBestName] that [lover_consort_two.GetSheHe] does not love [shared_partner.GetHerHim], just me.;;;;;;;;;;;;;x
EVTOPTA_TIANXIA_2612;As if [shared_partner.GetSheHe] had a chance with [lover_consort_two.GetFirstName]!;;;;;;;;;;;;;x
EVTOPTB_TIANXIA_2612;Well, I love [shared_partner.GetHerHim]...;;;;;;;;;;;;;x
EVTDESC_TIANXIA_2613;My lover [lover_consort_one.GetBestName] was quite happy to hear that [shared_partner.GetBestName] loves [lover_consort_one.GetHerHim] and informed [shared_partner.GetHerHim] that the feeling was mutual.;;;;;;;;;;;;;x
EVTOPTA_TIANXIA_2613;We should perhaps get a bigger bed...;;;;;;;;;;;;;x
EVTOPTB_TIANXIA_2613;Good for them, I suppose...;;;;;;;;;;;;;x
EVTDESC_TIANXIA_2614;My lover [lover_consort_one.GetBestName] has informed [shared_partner.GetBestName] that [lover_consort_one.GetSheHe] does not love [shared_partner.GetHerHim], just me.;;;;;;;;;;;;;x
EVTOPTA_TIANXIA_2614;As if [shared_partner.GetSheHe] had a chance with [lover_consort_one.GetFirstName]!;;;;;;;;;;;;;x
EVTOPTB_TIANXIA_2614;Well, I love [shared_partner.GetHerHim]...;;;;;;;;;;;;;x
EVTDESC_TIANXIA_2615;[shared_partner.GetBestName] has found out about me and [not_lover.GetBestName] sharing each other's hearts and beds. [shared_partner.GetSheHeCap] is not very happy about this, and has told me that my heart only can belong to one person, [shared_partner.GetHerHim] or [not_lover.GetFirstName].;;;;;;;;;;;;;x
EVTOPTA_TIANXIA_2615;You, [shared_partner.GetFirstName]. I choose you.;;;;;;;;;;;;;x
EVTOPTB_TIANXIA_2615;If I must choose, I choose [not_lover.GetFirstName]!;;;;;;;;;;;;;x
EVTDESC_TIANXIA_2616;[my_lover.GetBestName] told me that if [my_lover.GetSheHe] has to choose between me and [not_lover.GetBestName] [my_lover.GetSheHe] will of course choose me.;;;;;;;;;;;;;x
EVTOPTA_TIANXIA_2616;That's what I thought!;;;;;;;;;;;;;x
EVTDESC_TIANXIA_2617;[shared_partner.GetBestName] has found out about me and [my_lover.GetBestName] sharing each other's hearts and beds. [shared_partner.GetSheHeCap] was not very happy about this, and forced [my_lover.GetFirstName] to choose between [shared_partner.GetHerHim] and me. [my_lover.GetSheHeCap] choose [shared_partner.GetHerHim].;;;;;;;;;;;;;x
EVTOPTA_TIANXIA_2617;I thought we had something special!;;;;;;;;;;;;;x
EVTDESC_TIANXIA_2618;[my_lover.GetBestName] told me that if I force [my_lover.GetHerHim] to make a choice [my_lover.GetHerHis] heart belongs to [not_lover.GetBestName], not me.;;;;;;;;;;;;;x
EVTOPTA_TIANXIA_2618;[not_lover.GetHerHimCap]? [not_lover.GetHerHimFullCaps]?;;;;;;;;;;;;;x
EVTDESC_TIANXIA_2619;[shared_partner.GetBestName] has found out about me and [my_lover.GetBestName] sharing each other's hearts and beds. [shared_partner.GetSheHeCap] was not very happy about this, and forced [my_lover.GetFirstName] to choose between [shared_partner.GetHerHim] and me. [my_lover.GetSheHeCap] choose me.;;;;;;;;;;;;;x
EVTOPTA_TIANXIA_2619;[my_lover.GetSheHeCap] truly loves me!;;;;;;;;;;;;;x
EVTDESC_TIANXIA_2620;[shared_partner.GetBestName] has found out about me and [my_lover.GetBestName] sharing each other's hearts and beds. [shared_partner.GetSheHeCap] has suggested that it would be best for all of us if we were as discreet as possible about it.;;;;;;;;;;;;;x
EVTOPTA_TIANXIA_2620;Agreed. We'll keep it discreet.;;;;;;;;;;;;;x
EVTDESC_TIANXIA_2621;[shared_partner.GetBestName] has found out about me and [lover_consort_two.GetBestName] sharing each other's hearts and beds and has demanded that we end things. It reflects poorly on us that we are lovers, [shared_partner.GetSheHe] tells us, and will reflect poorly on [shared_partner.GetHerHim] if anyone else finds out.;;;;;;;;;;;;;x
EVTOPTA_TIANXIA_2621;Fine! It's over!;;;;;;;;;;;;;x
EVTOPTB_TIANXIA_2621;Never! I love [lover_consort_two.GetHerHim]!;;;;;;;;;;;;;x
EVTDESC_TIANXIA_2622;[shared_partner.GetBestName] has found out about me and [lover_consort_one.GetBestName] sharing each other's hearts and beds and has demanded that we end things. [lover_consort_one.GetBestName] immediately, and is now looking to me for support.;;;;;;;;;;;;;x
EVTOPTA_TIANXIA_2622;Actually, [shared_partner.GetSheHe] is right...;;;;;;;;;;;;;x
EVTOPTB_TIANXIA_2622;We'll remain together, come what may!;;;;;;;;;;;;;x
EVTDESC_TIANXIA_2623;[shared_partner.GetBestName] has found out about me and [lover_consort_one.GetBestName] sharing each other's hearts and beds and has demanded that we end things. [lover_consort_one.GetFirstName] immediately agreed to [shared_partner.GetHerHis] request, stating that [shared_partner.GetSheHe] is right.;;;;;;;;;;;;;x
EVTOPTA_TIANXIA_2623;I thought we had something special!;;;;;;;;;;;;;x
EVTDESC_TIANXIA_2624;[lover_consort_two.GetBestName] agreed with me that we will not end our relationship just because it is inconvenient for [shared_partner.GetBestName]. We love each other, [lover_consort_two.GetSheHe] agrees, and we are meant to be together.;;;;;;;;;;;;;x
EVTOPTA_TIANXIA_2624;See, [shared_partner.GetFirstName]!;;;;;;;;;;;;;x
EVTDESC_TIANXIA_2625;To my surprise, [lover_consort_two.GetBestName] took [shared_partner.GetBestName]'s side, agreeing with the request to end our relationship.;;;;;;;;;;;;;x
EVTOPTA_TIANXIA_2625;I thought we had something special!;;;;;;;;;;;;;x
EVTDESC_TIANXIA_2626;[lover_consort_one.GetBestName] and [lover_consort_two.GetBestName]'s relationship is over, just as I demanded.;;;;;;;;;;;;;x
EVTOPTA_TIANXIA_2626;Good!;;;;;;;;;;;;;x
EVTDESC_TIANXIA_2627;[lover_consort_one.GetBestName] and [lover_consort_two.GetBestName] have refused to end their relationship, despite me telling them that it reflects poorly on them and will reflect poorly on me if anyone else finds out.;;;;;;;;;;;;;x
EVTOPTA_TIANXIA_2627;I see...;;;;;;;;;;;;;x
EVTDESC_TIANXIA_2628;My guards move swiftly and seize [lover_consort_one.GetBestName] and [lover_consort_two.GetBestName] before either knows what is happening, and they are both escorted to the dungeons.;;;;;;;;;;;;;x
EVTOPTA_TIANXIA_2628;It had to be done...;;;;;;;;;;;;;x
EVTDESC_TIANXIA_2629;[shared_partner.GetBestName]'s guards suddenly burst into the room and grab me, dragging me down to the dungeons. On the way there, I see a second set of guards dragging [other_lover.GetBestName] with them. [shared_partner.GetBestName] must have found out about us sharing our hearts and beds, and [shared_partner.GetSheHe] is clearly not happy.;;;;;;;;;;;;;x
EVTOPTA_TIANXIA_2629;This... might not be good...;;;;;;;;;;;;;x
EVTDESC_TIANXIA_2630;My guards manage to secure [imprisoned_lover.GetBestName] and throw [imprisoned_lover.GetHerHim] in a cell. [escaped_lover.GetBestName] is unfortunately not someone they can attempt to imprison.;;;;;;;;;;;;;x
EVTOPTA_TIANXIA_2630;I will get [escaped_lover.GetFirstName] later...;;;;;;;;;;;;;x
EVTDESC_TIANXIA_2631;[shared_partner.GetBestName]'s guards suddenly burst into the room and grab me, dragging me down to the dungeons. On the way there, I hear them talking about how [escaped_lover.GetBestName] was nowhere to be found. [shared_partner.GetBestName] must have found out about us sharing our hearts and beds, and [shared_partner.GetSheHe] is clearly not happy.;;;;;;;;;;;;;x
EVTOPTA_TIANXIA_2631;At least [escaped_lover.GetSheHe] is still free...;;;;;;;;;;;;;x
EVTDESC_TIANXIA_2632;I have just been informed that [imprisoned_lover.GetBestName] has been imprisoned by [shared_partner.GetBestName]. Based on the rest of the message, [shared_partner.GetBestName] must have found out about us sharing our hearts and beds, and [shared_partner.GetSheHe] is clearly not happy.;;;;;;;;;;;;;x
EVTOPTA_TIANXIA_2632;Poor [imprisoned_lover.GetFirstName]...;;;;;;;;;;;;;x
EVTDESC_TIANXIA_2633;My guards were unable to secure either [lover_consort_one.GetBestName] or [lover_consort_two.GetBestName].;;;;;;;;;;;;;x
EVTOPTA_TIANXIA_2633;Am I surrounded by fools?;;;;;;;;;;;;;x
EVTDESC_TIANXIA_2634;I have received word that [shared_partner.GetBestName] has ordered [shared_partner.GetHerHis] guards to watch for any signs of me or [other_lover.GetBestName] as [shared_partner.GetSheHe] wishes to imprison both of us. [shared_partner.GetBestName] must have found out about us sharing our hearts and beds, and [shared_partner.GetSheHe] is clearly not happy.;;;;;;;;;;;;;x
EVTOPTA_TIANXIA_2634;We need to stay away rom [shared_partner.GetHerHis] lands...;;;;;;;;;;;;;x