EVTDESC_SOH_12301;[hospital_province.GetName] does not have a hospital, which means the common people there might suffer greatly from a variety of ailments and might be poorly prepared for a disease outbreak. I could use my influence in the Renowned Apothecary Society to have one constructed more cheaply.;;;;;;;;;;;;;x
EVTOPTA_SOH_12301;Make it so!;;;;;;;;;;;;;x
EVTOPTB_SOH_12301;Now is not the time for that...;;;;;;;;;;;;;x
EVTDESC_SOH_12302;The hospital in [hospital_province.GetName] does not have a Sick House. I could use my influence in the Renowned Apothecary Society to have one constructed more cheaply.;;;;;;;;;;;;;x
EVTOPTA_SOH_12302;Make it so!;;;;;;;;;;;;;x
EVTOPTB_SOH_12302;Now is not the time for that...;;;;;;;;;;;;;x
EVTDESC_SOH_12303;The hospital in [hospital_province.GetName] does not have an Expanded Sick House. I could use my influence in the Renowned Apothecary Society to have one constructed more cheaply.;;;;;;;;;;;;;x
EVTOPTA_SOH_12303;Make it so!;;;;;;;;;;;;;x
EVTOPTB_SOH_12303;Now is not the time for that...;;;;;;;;;;;;;x
EVTDESC_SOH_12304;The hospital in [hospital_province.GetName] does not have Separated Wards. I could use my influence in the Renowned Apothecary Society to have them constructed more cheaply.;;;;;;;;;;;;;x
EVTOPTA_SOH_12304;Make it so!;;;;;;;;;;;;;x
EVTOPTB_SOH_12304;Now is not the time for that...;;;;;;;;;;;;;x
EVTDESC_SOH_12305;The hospital in [hospital_province.GetName] does not have Extended Wards. I could use my influence in the Renowned Apothecary Society to have them constructed more cheaply.;;;;;;;;;;;;;x
EVTOPTA_SOH_12305;Make it so!;;;;;;;;;;;;;x
EVTOPTB_SOH_12305;Now is not the time for that...;;;;;;;;;;;;;x
EVTDESC_SOH_12306;The hospital in [hospital_province.GetName] does not have an Extensive Hospital Complex. I could use my influence in the Renowned Apothecary Society to have one constructed more cheaply.;;;;;;;;;;;;;x
EVTOPTA_SOH_12306;Make it so!;;;;;;;;;;;;;x
EVTOPTB_SOH_12306;Now is not the time for that...;;;;;;;;;;;;;x
EVTDESC_SOH_12307;The hospital in [hospital_province.GetName] does not have a Leper Colony. I could use my influence in the Renowned Apothecary Society to have one constructed more cheaply.;;;;;;;;;;;;;x
EVTOPTA_SOH_12307;Make it so!;;;;;;;;;;;;;x
EVTOPTB_SOH_12307;Now is not the time for that...;;;;;;;;;;;;;x
EVTDESC_SOH_12308;The hospital in [hospital_province.GetName] does not have a Soup Kitchen. I could use my influence in the Renowned Apothecary Society to have one constructed more cheaply.;;;;;;;;;;;;;x
EVTOPTA_SOH_12308;Make it so!;;;;;;;;;;;;;x
EVTOPTB_SOH_12308;Now is not the time for that...;;;;;;;;;;;;;x
EVTDESC_SOH_12309;The hospital in [hospital_province.GetName] does not have a Chapel. I could use my influence in the Renowned Apothecary Society to have one constructed more cheaply.;;;;;;;;;;;;;x
EVTOPTA_SOH_12309;Make it so!;;;;;;;;;;;;;x
EVTOPTB_SOH_12309;Now is not the time for that...;;;;;;;;;;;;;x
EVTDESC_SOH_12310;The hospital in [hospital_province.GetName] does not have a Translation House. I could use my influence in the Renowned Apothecary Society to have one constructed more cheaply.;;;;;;;;;;;;;x
EVTOPTA_SOH_12310;Make it so!;;;;;;;;;;;;;x
EVTOPTB_SOH_12310;Now is not the time for that...;;;;;;;;;;;;;x
EVTDESC_SOH_12311;The hospital in [hospital_province.GetName] does not have a Pilgrim's Inn. I could use my influence in the Renowned Apothecary Society to have one constructed more cheaply.;;;;;;;;;;;;;x
EVTOPTA_SOH_12311;Make it so!;;;;;;;;;;;;;x
EVTOPTB_SOH_12311;Now is not the time for that...;;;;;;;;;;;;;x
EVTDESC_SOH_12312;The hospital in [hospital_province.GetName] does not have a Library. I could use my influence in the Renowned Apothecary Society to have one constructed more cheaply.;;;;;;;;;;;;;x
EVTOPTA_SOH_12312;Make it so!;;;;;;;;;;;;;x
EVTOPTB_SOH_12312;Now is not the time for that...;;;;;;;;;;;;;x
EVTDESC_SOH_12313;The hospital in [hospital_province.GetName] does not have a Pharmacology Laboratory. I could use my influence in the Renowned Apothecary Society to have one constructed more cheaply.;;;;;;;;;;;;;x
EVTOPTA_SOH_12313;Make it so!;;;;;;;;;;;;;x
EVTOPTB_SOH_12313;Now is not the time for that...;;;;;;;;;;;;;x
EVTDESC_SOH_12314;The hospital in [hospital_province.GetName] does not have a Medical Academy. I could use my influence in the Renowned Apothecary Society to have one constructed more cheaply.;;;;;;;;;;;;;x
EVTOPTA_SOH_12314;Make it so!;;;;;;;;;;;;;x
EVTOPTB_SOH_12314;Now is not the time for that...;;;;;;;;;;;;;x
EVTDESC_SOH_12315;The hospital in [hospital_province.GetName] does not have an Observatory. I could use my influence in the Renowned Apothecary Society to have one constructed more cheaply.;;;;;;;;;;;;;x
EVTOPTA_SOH_12315;Make it so!;;;;;;;;;;;;;x
EVTOPTB_SOH_12315;Now is not the time for that...;;;;;;;;;;;;;x
EVTDESC_SOH_12317;As I visited the market in [Root.Capital.GetName] today I came across a merchant selling alchemical ingredients. The [Root.GetManWomanOpp] had a large quantity of Hibiscus for sale for a fairly affordable price.;;;;;;;;;;;;;x
EVTOPTA_SOH_12317;I'll have some of what you're selling, my good [Root.GetManWomanOpp]!;;;;;;;;;;;;;x
EVTOPTB_SOH_12317;Give me a bulk discount and you have a deal!;;;;;;;;;;;;;x
EVTOPTC_SOH_12317;I have little interest in this...;;;;;;;;;;;;;x
EVTDESC_SOH_12318;As I visited the market in [Root.Capital.GetName] today I came across a merchant selling alchemical ingredients. The [Root.GetManWomanOpp] had a large quantity of Ginger Root for sale for a fairly affordable price.;;;;;;;;;;;;;x
EVTOPTA_SOH_12318;I'll have some of what you're selling, my good [Root.GetManWomanOpp]!;;;;;;;;;;;;;x
EVTOPTB_SOH_12318;Give me a bulk discount and you have a deal!;;;;;;;;;;;;;x
EVTOPTC_SOH_12318;I have little interest in this...;;;;;;;;;;;;;x
EVTDESC_SOH_12319;As I visited the market in [Root.Capital.GetName] today I came across a merchant selling alchemical ingredients. The [Root.GetManWomanOpp] had a large quantity of Mandrake for sale for a fairly affordable price.;;;;;;;;;;;;;x
EVTOPTA_SOH_12319;I'll have some of what you're selling, my good [Root.GetManWomanOpp]!;;;;;;;;;;;;;x
EVTOPTB_SOH_12319;Give me a bulk discount and you have a deal!;;;;;;;;;;;;;x
EVTOPTC_SOH_12319;I have little interest in this...;;;;;;;;;;;;;x
EVTDESC_SOH_12320;As I visited the market in [Root.Capital.GetName] today I came across a merchant selling alchemical ingredients. The [Root.GetManWomanOpp] had a large quantity of Lemon Grass for sale for a fairly affordable price.;;;;;;;;;;;;;x
EVTOPTA_SOH_12320;I'll have some of what you're selling, my good [Root.GetManWomanOpp]!;;;;;;;;;;;;;x
EVTOPTB_SOH_12320;Give me a bulk discount and you have a deal!;;;;;;;;;;;;;x
EVTOPTC_SOH_12320;I have little interest in this...;;;;;;;;;;;;;x
EVTDESC_SOH_12321;As I visited the market in [Root.Capital.GetName] today I came across a merchant selling alchemical ingredients. The [Root.GetManWomanOpp] had a large quantity of Nettles for sale for a fairly affordable price.;;;;;;;;;;;;;x
EVTOPTA_SOH_12321;I'll have some of what you're selling, my good [Root.GetManWomanOpp]!;;;;;;;;;;;;;x
EVTOPTB_SOH_12321;Give me a bulk discount and you have a deal!;;;;;;;;;;;;;x
EVTOPTC_SOH_12321;I have little interest in this...;;;;;;;;;;;;;x
EVTDESC_SOH_12322;As I visited the market in [Root.Capital.GetName] today I came across a merchant selling alchemical ingredients. The [Root.GetManWomanOpp] had a large quantity of Wormwood for sale for a fairly affordable price.;;;;;;;;;;;;;x
EVTOPTA_SOH_12322;I'll have some of what you're selling, my good [Root.GetManWomanOpp]!;;;;;;;;;;;;;x
EVTOPTB_SOH_12322;Give me a bulk discount and you have a deal!;;;;;;;;;;;;;x
EVTOPTC_SOH_12322;I have little interest in this...;;;;;;;;;;;;;x
EVTDESC_SOH_12323;As I visited the market in [Root.Capital.GetName] today I came across a merchant selling alchemical ingredients. The [Root.GetManWomanOpp] had a large quantity of Valerian for sale for a fairly affordable price.;;;;;;;;;;;;;x
EVTOPTA_SOH_12323;I'll have some of what you're selling, my good [Root.GetManWomanOpp]!;;;;;;;;;;;;;x
EVTOPTB_SOH_12323;Give me a bulk discount and you have a deal!;;;;;;;;;;;;;x
EVTOPTC_SOH_12323;I have little interest in this...;;;;;;;;;;;;;x
EVTDESC_SOH_12324;As I visited the market in [Root.Capital.GetName] today I came across a merchant selling alchemical ingredients. The [Root.GetManWomanOpp] had a large quantity of Violets for sale for a fairly affordable price.;;;;;;;;;;;;;x
EVTOPTA_SOH_12324;I'll have some of what you're selling, my good [Root.GetManWomanOpp]!;;;;;;;;;;;;;x
EVTOPTB_SOH_12324;Give me a bulk discount and you have a deal!;;;;;;;;;;;;;x
EVTOPTC_SOH_12324;I have little interest in this...;;;;;;;;;;;;;x
EVTDESC_SOH_12325;As I visited the market in [Root.Capital.GetName] today I came across a merchant selling alchemical ingredients. The [Root.GetManWomanOpp] had a large quantity of Yarrow for sale for a fairly affordable price.;;;;;;;;;;;;;x
EVTOPTA_SOH_12325;I'll have some of what you're selling, my good [Root.GetManWomanOpp]!;;;;;;;;;;;;;x
EVTOPTB_SOH_12325;Give me a bulk discount and you have a deal!;;;;;;;;;;;;;x
EVTOPTC_SOH_12325;I have little interest in this...;;;;;;;;;;;;;x
EVTDESC_SOH_12326;As I visited the market in [Root.Capital.GetName] today I came across a merchant selling alchemical ingredients. The [Root.GetManWomanOpp] had a large quantity of Ivy for sale for a fairly affordable price.;;;;;;;;;;;;;x
EVTOPTA_SOH_12326;I'll have some of what you're selling, my good [Root.GetManWomanOpp]!;;;;;;;;;;;;;x
EVTOPTB_SOH_12326;Give me a bulk discount and you have a deal!;;;;;;;;;;;;;x
EVTOPTC_SOH_12326;I have little interest in this...;;;;;;;;;;;;;x
EVTDESC_SOH_12327;As I visited the market in [Root.Capital.GetName] today I came across a merchant selling alchemical ingredients. The [Root.GetManWomanOpp] had a large quantity of Lotuses for sale for a fairly affordable price.;;;;;;;;;;;;;x
EVTOPTA_SOH_12327;I'll have some of what you're selling, my good [Root.GetManWomanOpp]!;;;;;;;;;;;;;x
EVTOPTB_SOH_12327;Give me a bulk discount and you have a deal!;;;;;;;;;;;;;x
EVTOPTC_SOH_12327;I have little interest in this...;;;;;;;;;;;;;x
EVTDESC_SOH_12328;As I visited the market in [Root.Capital.GetName] today I came across a merchant selling alchemical ingredients. The [Root.GetManWomanOpp] had a large quantity of Dodder for sale for a fairly affordable price.;;;;;;;;;;;;;x
EVTOPTA_SOH_12328;I'll have some of what you're selling, my good [Root.GetManWomanOpp]!;;;;;;;;;;;;;x
EVTOPTB_SOH_12328;Give me a bulk discount and you have a deal!;;;;;;;;;;;;;x
EVTOPTC_SOH_12328;I have little interest in this...;;;;;;;;;;;;;x
EVTDESC_SOH_12329;As I visited the market in [Root.Capital.GetName] today I came across a merchant selling alchemical ingredients. The [Root.GetManWomanOpp] had a large quantity of Broadleaf Plantain for sale for a fairly affordable price.;;;;;;;;;;;;;x
EVTOPTA_SOH_12329;I'll have some of what you're selling, my good [Root.GetManWomanOpp]!;;;;;;;;;;;;;x
EVTOPTB_SOH_12329;Give me a bulk discount and you have a deal!;;;;;;;;;;;;;x
EVTOPTC_SOH_12329;I have little interest in this...;;;;;;;;;;;;;x
EVTDESC_SOH_12330;As I visited the market in [Root.Capital.GetName] today I came across a merchant selling alchemical ingredients. The [Root.GetManWomanOpp] had a large quantity of Boxthorn for sale for a fairly affordable price.;;;;;;;;;;;;;x
EVTOPTA_SOH_12330;I'll have some of what you're selling, my good [Root.GetManWomanOpp]!;;;;;;;;;;;;;x
EVTOPTB_SOH_12330;Give me a bulk discount and you have a deal!;;;;;;;;;;;;;x
EVTOPTC_SOH_12330;I have little interest in this...;;;;;;;;;;;;;x
EVTDESC_SOH_12331;As I visited the market in [Root.Capital.GetName] today I came across a merchant selling alchemical ingredients. The [Root.GetManWomanOpp] had a large quantity of Foxglove for sale for a fairly affordable price.;;;;;;;;;;;;;x
EVTOPTA_SOH_12331;I'll have some of what you're selling, my good [Root.GetManWomanOpp]!;;;;;;;;;;;;;x
EVTOPTB_SOH_12331;Give me a bulk discount and you have a deal!;;;;;;;;;;;;;x
EVTOPTC_SOH_12331;I have little interest in this...;;;;;;;;;;;;;x
EVTDESC_SOH_12332;As I visited the market in [Root.Capital.GetName] today I came across a merchant selling alchemical ingredients. The [Root.GetManWomanOpp] had a large quantity of animal Gall Bladders for sale for a fairly affordable price.;;;;;;;;;;;;;x
EVTOPTA_SOH_12332;I'll have some of what you're selling, my good [Root.GetManWomanOpp]!;;;;;;;;;;;;;x
EVTOPTB_SOH_12332;Give me a bulk discount and you have a deal!;;;;;;;;;;;;;x
EVTOPTC_SOH_12332;I have little interest in this...;;;;;;;;;;;;;x
EVTDESC_SOH_12333;As I visited the market in [Root.Capital.GetName] today I came across a merchant selling alchemical ingredients. The [Root.GetManWomanOpp] had a large quantity of animal Kidneys for sale for a fairly affordable price.;;;;;;;;;;;;;x
EVTOPTA_SOH_12333;I'll have some of what you're selling, my good [Root.GetManWomanOpp]!;;;;;;;;;;;;;x
EVTOPTB_SOH_12333;Give me a bulk discount and you have a deal!;;;;;;;;;;;;;x
EVTOPTC_SOH_12333;I have little interest in this...;;;;;;;;;;;;;x
EVTDESC_SOH_12334;As I visited the market in [Root.Capital.GetName] today I came across a merchant selling alchemical ingredients. The [Root.GetManWomanOpp] had a large quantity of animal Eyeballs for sale for a fairly affordable price.;;;;;;;;;;;;;x
EVTOPTA_SOH_12334;I'll have some of what you're selling, my good [Root.GetManWomanOpp]!;;;;;;;;;;;;;x
EVTOPTB_SOH_12334;Give me a bulk discount and you have a deal!;;;;;;;;;;;;;x
EVTOPTC_SOH_12334;I have little interest in this...;;;;;;;;;;;;;x
EVTDESC_SOH_12335;As I visited the market in [Root.Capital.GetName] today I came across a merchant selling alchemical ingredients. The [Root.GetManWomanOpp] had a large quantity of Cloven Hooves for sale for a fairly affordable price.;;;;;;;;;;;;;x
EVTOPTA_SOH_12335;I'll have some of what you're selling, my good [Root.GetManWomanOpp]!;;;;;;;;;;;;;x
EVTOPTB_SOH_12335;Give me a bulk discount and you have a deal!;;;;;;;;;;;;;x
EVTOPTC_SOH_12335;I have little interest in this...;;;;;;;;;;;;;x
EVTDESC_SOH_12336;As I visited the market in [Root.Capital.GetName] today I came across a merchant selling alchemical ingredients. The [Root.GetManWomanOpp] had a large quantity of Antlers for sale for a fairly affordable price.;;;;;;;;;;;;;x
EVTOPTA_SOH_12336;I'll have some of what you're selling, my good [Root.GetManWomanOpp]!;;;;;;;;;;;;;x
EVTOPTB_SOH_12336;Give me a bulk discount and you have a deal!;;;;;;;;;;;;;x
EVTOPTC_SOH_12336;I have little interest in this...;;;;;;;;;;;;;x
EVTDESC_SOH_12337;As I visited the market in [Root.Capital.GetName] today I came across a merchant selling alchemical ingredients. The [Root.GetManWomanOpp] had a large quantity of Snouts for sale for a fairly affordable price.;;;;;;;;;;;;;x
EVTOPTA_SOH_12337;I'll have some of what you're selling, my good [Root.GetManWomanOpp]!;;;;;;;;;;;;;x
EVTOPTB_SOH_12337;Give me a bulk discount and you have a deal!;;;;;;;;;;;;;x
EVTOPTC_SOH_12337;I have little interest in this...;;;;;;;;;;;;;x
EVTDESC_SOH_12338;As I visited the market in [Root.Capital.GetName] today I came across a merchant selling alchemical ingredients. The [Root.GetManWomanOpp] had a large quantity of animal Hearts for sale for a fairly affordable price.;;;;;;;;;;;;;x
EVTOPTA_SOH_12338;I'll have some of what you're selling, my good [Root.GetManWomanOpp]!;;;;;;;;;;;;;x
EVTOPTB_SOH_12338;Give me a bulk discount and you have a deal!;;;;;;;;;;;;;x
EVTOPTC_SOH_12338;I have little interest in this...;;;;;;;;;;;;;x
EVTDESC_SOH_12339;As I visited the market in [Root.Capital.GetName] today I came across a merchant selling alchemical ingredients. The [Root.GetManWomanOpp] had a large quantity of animal Livers for sale for a fairly affordable price.;;;;;;;;;;;;;x
EVTOPTA_SOH_12339;I'll have some of what you're selling, my good [Root.GetManWomanOpp]!;;;;;;;;;;;;;x
EVTOPTB_SOH_12339;Give me a bulk discount and you have a deal!;;;;;;;;;;;;;x
EVTOPTC_SOH_12339;I have little interest in this...;;;;;;;;;;;;;x
EVTDESC_SOH_12340;As I visited the market in [Root.Capital.GetName] today I came across a merchant selling alchemical ingredients. The [Root.GetManWomanOpp] had a large quantity of animal Intestines for sale for a fairly affordable price.;;;;;;;;;;;;;x
EVTOPTA_SOH_12340;I'll have some of what you're selling, my good [Root.GetManWomanOpp]!;;;;;;;;;;;;;x
EVTOPTB_SOH_12340;Give me a bulk discount and you have a deal!;;;;;;;;;;;;;x
EVTOPTC_SOH_12340;I have little interest in this...;;;;;;;;;;;;;x
EVTDESC_SOH_12341;As I visited the market in [Root.Capital.GetName] today I came across a merchant selling alchemical ingredients. The [Root.GetManWomanOpp] had a large quantity of Silver for sale for a fairly affordable price.;;;;;;;;;;;;;x
EVTOPTA_SOH_12341;I'll have some of what you're selling, my good [Root.GetManWomanOpp]!;;;;;;;;;;;;;x
EVTOPTB_SOH_12341;Give me a bulk discount and you have a deal!;;;;;;;;;;;;;x
EVTOPTC_SOH_12341;I have little interest in this...;;;;;;;;;;;;;x
EVTDESC_SOH_12342;As I visited the market in [Root.Capital.GetName] today I came across a merchant selling alchemical ingredients. The [Root.GetManWomanOpp] had a large quantity of Mercury for sale for a fairly affordable price.;;;;;;;;;;;;;x
EVTOPTA_SOH_12342;I'll have some of what you're selling, my good [Root.GetManWomanOpp]!;;;;;;;;;;;;;x
EVTOPTB_SOH_12342;Give me a bulk discount and you have a deal!;;;;;;;;;;;;;x
EVTOPTC_SOH_12342;I have little interest in this...;;;;;;;;;;;;;x
EVTDESC_SOH_12343;As I visited the market in [Root.Capital.GetName] today I came across a merchant selling alchemical ingredients. The [Root.GetManWomanOpp] had a large quantity of Aqua Regia for sale for a fairly affordable price.;;;;;;;;;;;;;x
EVTOPTA_SOH_12343;I'll have some of what you're selling, my good [Root.GetManWomanOpp]!;;;;;;;;;;;;;x
EVTOPTB_SOH_12343;Give me a bulk discount and you have a deal!;;;;;;;;;;;;;x
EVTOPTC_SOH_12343;I have little interest in this...;;;;;;;;;;;;;x
EVTDESC_SOH_12344;As I visited the market in [Root.Capital.GetName] today I came across a merchant selling alchemical ingredients. The [Root.GetManWomanOpp] had a large quantity of Aqua Fortis for sale for a fairly affordable price.;;;;;;;;;;;;;x
EVTOPTA_SOH_12344;I'll have some of what you're selling, my good [Root.GetManWomanOpp]!;;;;;;;;;;;;;x
EVTOPTB_SOH_12344;Give me a bulk discount and you have a deal!;;;;;;;;;;;;;x
EVTOPTC_SOH_12344;I have little interest in this...;;;;;;;;;;;;;x
EVTDESC_SOH_12345;As I visited the market in [Root.Capital.GetName] today I came across a merchant selling alchemical ingredients. The [Root.GetManWomanOpp] had a large quantity of Brimstone for sale for a fairly affordable price.;;;;;;;;;;;;;x
EVTOPTA_SOH_12345;I'll have some of what you're selling, my good [Root.GetManWomanOpp]!;;;;;;;;;;;;;x
EVTOPTB_SOH_12345;Give me a bulk discount and you have a deal!;;;;;;;;;;;;;x
EVTOPTC_SOH_12345;I have little interest in this...;;;;;;;;;;;;;x
EVTDESC_SOH_12346;As I visited the market in [Root.Capital.GetName] today I came across a merchant selling alchemical ingredients. The [Root.GetManWomanOpp] had a large quantity of Gold for sale for a fairly affordable price.;;;;;;;;;;;;;x
EVTOPTA_SOH_12346;I'll have some of what you're selling, my good [Root.GetManWomanOpp]!;;;;;;;;;;;;;x
EVTOPTB_SOH_12346;Give me a bulk discount and you have a deal!;;;;;;;;;;;;;x
EVTOPTC_SOH_12346;I have little interest in this...;;;;;;;;;;;;;x
EVTDESC_SOH_12347;As I visited the market in [Root.Capital.GetName] today I came across a merchant selling alchemical ingredients. The [Root.GetManWomanOpp] had a large quantity of Copper for sale for a fairly affordable price.;;;;;;;;;;;;;x
EVTOPTA_SOH_12347;I'll have some of what you're selling, my good [Root.GetManWomanOpp]!;;;;;;;;;;;;;x
EVTOPTB_SOH_12347;Give me a bulk discount and you have a deal!;;;;;;;;;;;;;x
EVTOPTC_SOH_12347;I have little interest in this...;;;;;;;;;;;;;x
EVTDESC_SOH_12348;As I visited the market in [Root.Capital.GetName] today I came across a merchant selling alchemical ingredients. The [Root.GetManWomanOpp] had a large quantity of Iron for sale for a fairly affordable price.;;;;;;;;;;;;;x
EVTOPTA_SOH_12348;I'll have some of what you're selling, my good [Root.GetManWomanOpp]!;;;;;;;;;;;;;x
EVTOPTB_SOH_12348;Give me a bulk discount and you have a deal!;;;;;;;;;;;;;x
EVTOPTC_SOH_12348;I have little interest in this...;;;;;;;;;;;;;x
EVTDESC_SOH_12349;As I visited the market in [Root.Capital.GetName] today I came across a merchant selling alchemical ingredients. The [Root.GetManWomanOpp] had a large quantity of Tin for sale for a fairly affordable price.;;;;;;;;;;;;;x
EVTOPTA_SOH_12349;I'll have some of what you're selling, my good [Root.GetManWomanOpp]!;;;;;;;;;;;;;x
EVTOPTB_SOH_12349;Give me a bulk discount and you have a deal!;;;;;;;;;;;;;x
EVTOPTC_SOH_12349;I have little interest in this...;;;;;;;;;;;;;x
EVTDESC_SOH_12350;As I visited the market in [Root.Capital.GetName] today I came across a merchant selling alchemical ingredients. The [Root.GetManWomanOpp] had a large quantity of Lead for sale for a fairly affordable price.;;;;;;;;;;;;;x
EVTOPTA_SOH_12350;I'll have some of what you're selling, my good [Root.GetManWomanOpp]!;;;;;;;;;;;;;x
EVTOPTB_SOH_12350;Give me a bulk discount and you have a deal!;;;;;;;;;;;;;x
EVTOPTC_SOH_12350;I have little interest in this...;;;;;;;;;;;;;x
EVTDESC_SOH_12351;As I visited the market in [Root.Capital.GetName] today I came across a merchant selling alchemical ingredients. The [Root.GetManWomanOpp] had a large quantity of Antimony for sale for a fairly affordable price.;;;;;;;;;;;;;x
EVTOPTA_SOH_12351;I'll have some of what you're selling, my good [Root.GetManWomanOpp]!;;;;;;;;;;;;;x
EVTOPTB_SOH_12351;Give me a bulk discount and you have a deal!;;;;;;;;;;;;;x
EVTOPTC_SOH_12351;I have little interest in this...;;;;;;;;;;;;;x
EVTDESC_SOH_12352;As I visited the market in [Root.Capital.GetName] today I came across a merchant selling alchemical ingredients. The [Root.GetManWomanOpp] had a large quantity of Cobalt for sale for a fairly affordable price.;;;;;;;;;;;;;x
EVTOPTA_SOH_12352;I'll have some of what you're selling, my good [Root.GetManWomanOpp]!;;;;;;;;;;;;;x
EVTOPTB_SOH_12352;Give me a bulk discount and you have a deal!;;;;;;;;;;;;;x
EVTOPTC_SOH_12352;I have little interest in this...;;;;;;;;;;;;;x
EVTDESC_SOH_12353;As I visited the market in [Root.Capital.GetName] today I came across a merchant selling alchemical ingredients. The [Root.GetManWomanOpp] had a large quantity of Manganese for sale for a fairly affordable price.;;;;;;;;;;;;;x
EVTOPTA_SOH_12353;I'll have some of what you're selling, my good [Root.GetManWomanOpp]!;;;;;;;;;;;;;x
EVTOPTB_SOH_12353;Give me a bulk discount and you have a deal!;;;;;;;;;;;;;x
EVTOPTC_SOH_12353;I have little interest in this...;;;;;;;;;;;;;x
EVTDESC_SOH_12354;As I visited the market in [Root.Capital.GetName] today I came across a merchant selling alchemical ingredients. The [Root.GetManWomanOpp] had a large quantity of Nickel for sale for a fairly affordable price.;;;;;;;;;;;;;x
EVTOPTA_SOH_12354;I'll have some of what you're selling, my good [Root.GetManWomanOpp]!;;;;;;;;;;;;;x
EVTOPTB_SOH_12354;Give me a bulk discount and you have a deal!;;;;;;;;;;;;;x
EVTOPTC_SOH_12354;I have little interest in this...;;;;;;;;;;;;;x
EVTDESC_SOH_12355;As I visited the market in [Root.Capital.GetName] today I came across a merchant selling alchemical ingredients. The [Root.GetManWomanOpp] had a large quantity of Blue Vitriol for sale for a fairly affordable price.;;;;;;;;;;;;;x
EVTOPTA_SOH_12355;I'll have some of what you're selling, my good [Root.GetManWomanOpp]!;;;;;;;;;;;;;x
EVTOPTB_SOH_12355;Give me a bulk discount and you have a deal!;;;;;;;;;;;;;x
EVTOPTC_SOH_12355;I have little interest in this...;;;;;;;;;;;;;x
EVTDESC_SOH_12356;As I visited the market in [Root.Capital.GetName] today I came across a merchant selling alchemical ingredients. The [Root.GetManWomanOpp] had a large quantity of Green Vitriol for sale for a fairly affordable price.;;;;;;;;;;;;;x
EVTOPTA_SOH_12356;I'll have some of what you're selling, my good [Root.GetManWomanOpp]!;;;;;;;;;;;;;x
EVTOPTB_SOH_12356;Give me a bulk discount and you have a deal!;;;;;;;;;;;;;x
EVTOPTC_SOH_12356;I have little interest in this...;;;;;;;;;;;;;x
EVTDESC_SOH_12357;As I visited the market in [Root.Capital.GetName] today I came across a merchant selling alchemical ingredients. The [Root.GetManWomanOpp] had a large quantity of Red Vitriol for sale for a fairly affordable price.;;;;;;;;;;;;;x
EVTOPTA_SOH_12357;I'll have some of what you're selling, my good [Root.GetManWomanOpp]!;;;;;;;;;;;;;x
EVTOPTB_SOH_12357;Give me a bulk discount and you have a deal!;;;;;;;;;;;;;x
EVTOPTC_SOH_12357;I have little interest in this...;;;;;;;;;;;;;x
EVTDESC_SOH_12358;As I visited the market in [Root.Capital.GetName] today I came across a merchant selling alchemical ingredients. The [Root.GetManWomanOpp] had a large quantity of White Vitriol for sale for a fairly affordable price.;;;;;;;;;;;;;x
EVTOPTA_SOH_12358;I'll have some of what you're selling, my good [Root.GetManWomanOpp]!;;;;;;;;;;;;;x
EVTOPTB_SOH_12358;Give me a bulk discount and you have a deal!;;;;;;;;;;;;;x
EVTOPTC_SOH_12358;I have little interest in this...;;;;;;;;;;;;;x
EVTDESC_SOH_12359;As I visited the market in [Root.Capital.GetName] today I came across a merchant selling alchemical ingredients. The [Root.GetManWomanOpp] had a large quantity of Saltpeter for sale for a fairly affordable price.;;;;;;;;;;;;;x
EVTOPTA_SOH_12359;I'll have some of what you're selling, my good [Root.GetManWomanOpp]!;;;;;;;;;;;;;x
EVTOPTB_SOH_12359;Give me a bulk discount and you have a deal!;;;;;;;;;;;;;x
EVTOPTC_SOH_12359;I have little interest in this...;;;;;;;;;;;;;x
EVTDESC_SOH_12360;As I visited the market in [Root.Capital.GetName] today I came across a merchant selling alchemical ingredients. The [Root.GetManWomanOpp] had a large quantity of Cinnabar for sale for a fairly affordable price.;;;;;;;;;;;;;x
EVTOPTA_SOH_12360;I'll have some of what you're selling, my good [Root.GetManWomanOpp]!;;;;;;;;;;;;;x
EVTOPTB_SOH_12360;Give me a bulk discount and you have a deal!;;;;;;;;;;;;;x
EVTOPTC_SOH_12360;I have little interest in this...;;;;;;;;;;;;;x
EVTDESC_SOH_12361;As I visited the market in [Root.Capital.GetName] today I came across a merchant selling alchemical ingredients. The [Root.GetManWomanOpp] had a large quantity of Realgar for sale for a fairly affordable price.;;;;;;;;;;;;;x
EVTOPTA_SOH_12361;I'll have some of what you're selling, my good [Root.GetManWomanOpp]!;;;;;;;;;;;;;x
EVTOPTB_SOH_12361;Give me a bulk discount and you have a deal!;;;;;;;;;;;;;x
EVTOPTC_SOH_12361;I have little interest in this...;;;;;;;;;;;;;x
EVTDESC_SOH_12362;As I visited the market in [Root.Capital.GetName] today I came across a merchant selling alchemical ingredients. The [Root.GetManWomanOpp] had a large quantity of Green Jade for sale for a fairly affordable price.;;;;;;;;;;;;;x
EVTOPTA_SOH_12362;I'll have some of what you're selling, my good [Root.GetManWomanOpp]!;;;;;;;;;;;;;x
EVTOPTB_SOH_12362;Give me a bulk discount and you have a deal!;;;;;;;;;;;;;x
EVTOPTC_SOH_12362;I have little interest in this...;;;;;;;;;;;;;x
EVTDESC_SOH_12363;As I visited the market in [Root.Capital.GetName] today I came across a merchant selling alchemical ingredients. The [Root.GetManWomanOpp] had a large quantity of Lavender Jade for sale for a fairly affordable price.;;;;;;;;;;;;;x
EVTOPTA_SOH_12363;I'll have some of what you're selling, my good [Root.GetManWomanOpp]!;;;;;;;;;;;;;x
EVTOPTB_SOH_12363;Give me a bulk discount and you have a deal!;;;;;;;;;;;;;x
EVTOPTC_SOH_12363;I have little interest in this...;;;;;;;;;;;;;x
EVTDESC_SOH_12364;As I visited the market in [Root.Capital.GetName] today I came across a merchant selling alchemical ingredients. The [Root.GetManWomanOpp] had a large quantity of Yellow Jade for sale for a fairly affordable price.;;;;;;;;;;;;;x
EVTOPTA_SOH_12364;I'll have some of what you're selling, my good [Root.GetManWomanOpp]!;;;;;;;;;;;;;x
EVTOPTB_SOH_12364;Give me a bulk discount and you have a deal!;;;;;;;;;;;;;x
EVTOPTC_SOH_12364;I have little interest in this...;;;;;;;;;;;;;x
EVTDESC_SOH_12365;As I visited the market in [Root.Capital.GetName] today I came across a merchant selling alchemical ingredients. The [Root.GetManWomanOpp] had a large quantity of Orange Jade for sale for a fairly affordable price.;;;;;;;;;;;;;x
EVTOPTA_SOH_12365;I'll have some of what you're selling, my good [Root.GetManWomanOpp]!;;;;;;;;;;;;;x
EVTOPTB_SOH_12365;Give me a bulk discount and you have a deal!;;;;;;;;;;;;;x
EVTOPTC_SOH_12365;I have little interest in this...;;;;;;;;;;;;;x
EVTDESC_SOH_12366;As I visited the market in [Root.Capital.GetName] today I came across a merchant selling alchemical ingredients. The [Root.GetManWomanOpp] had a large quantity of Brown Jade for sale for a fairly affordable price.;;;;;;;;;;;;;x
EVTOPTA_SOH_12366;I'll have some of what you're selling, my good [Root.GetManWomanOpp]!;;;;;;;;;;;;;x
EVTOPTB_SOH_12366;Give me a bulk discount and you have a deal!;;;;;;;;;;;;;x
EVTOPTC_SOH_12366;I have little interest in this...;;;;;;;;;;;;;x
EVTDESC_SOH_12367;As I visited the market in [Root.Capital.GetName] today I came across a merchant selling alchemical ingredients. The [Root.GetManWomanOpp] had a large quantity of Black Jade for sale for a fairly affordable price.;;;;;;;;;;;;;x
EVTOPTA_SOH_12367;I'll have some of what you're selling, my good [Root.GetManWomanOpp]!;;;;;;;;;;;;;x
EVTOPTB_SOH_12367;Give me a bulk discount and you have a deal!;;;;;;;;;;;;;x
EVTOPTC_SOH_12367;I have little interest in this...;;;;;;;;;;;;;x
EVTDESC_SOH_12369;A large number of the members of the Renowned Apothecary Society has recently been experimenting with Hibiscus and there is something of a shortage as a result. This might present an opportunity for me.;;;;;;;;;;;;;x
EVTOPTA_SOH_12369;I can spare some!;;;;;;;;;;;;;x
EVTOPTB_SOH_12369;I need all that I possess for my own experiments...;;;;;;;;;;;;;x
EVTDESC_SOH_12370;A large number of the members of the Renowned Apothecary Society has recently been experimenting with Ginger Root and there is something of a shortage as a result. This might present an opportunity for me.;;;;;;;;;;;;;x
EVTOPTA_SOH_12370;I can spare some!;;;;;;;;;;;;;x
EVTOPTB_SOH_12370;I need all that I possess for my own experiments...;;;;;;;;;;;;;x
EVTDESC_SOH_12371;A large number of the members of the Renowned Apothecary Society has recently been experimenting with Mandrake and there is something of a shortage as a result. This might present an opportunity for me.;;;;;;;;;;;;;x
EVTOPTA_SOH_12371;I can spare some!;;;;;;;;;;;;;x
EVTOPTB_SOH_12371;I need all that I possess for my own experiments...;;;;;;;;;;;;;x
EVTDESC_SOH_12372;A large number of the members of the Renowned Apothecary Society has recently been experimenting with Lemon Grass and there is something of a shortage as a result. This might present an opportunity for me.;;;;;;;;;;;;;x
EVTOPTA_SOH_12372;I can spare some!;;;;;;;;;;;;;x
EVTOPTB_SOH_12372;I need all that I possess for my own experiments...;;;;;;;;;;;;;x
EVTDESC_SOH_12373;A large number of the members of the Renowned Apothecary Society has recently been experimenting with Nettles and there is something of a shortage as a result. This might present an opportunity for me.;;;;;;;;;;;;;x
EVTOPTA_SOH_12373;I can spare some!;;;;;;;;;;;;;x
EVTOPTB_SOH_12373;I need all that I possess for my own experiments...;;;;;;;;;;;;;x
EVTDESC_SOH_12374;A large number of the members of the Renowned Apothecary Society has recently been experimenting with Wormwood and there is something of a shortage as a result. This might present an opportunity for me.;;;;;;;;;;;;;x
EVTOPTA_SOH_12374;I can spare some!;;;;;;;;;;;;;x
EVTOPTB_SOH_12374;I need all that I possess for my own experiments...;;;;;;;;;;;;;x
EVTDESC_SOH_12375;A large number of the members of the Renowned Apothecary Society has recently been experimenting with Valerian and there is something of a shortage as a result. This might present an opportunity for me.;;;;;;;;;;;;;x
EVTOPTA_SOH_12375;I can spare some!;;;;;;;;;;;;;x
EVTOPTB_SOH_12375;I need all that I possess for my own experiments...;;;;;;;;;;;;;x
EVTDESC_SOH_12376;A large number of the members of the Renowned Apothecary Society has recently been experimenting with Violets and there is something of a shortage as a result. This might present an opportunity for me.;;;;;;;;;;;;;x
EVTOPTA_SOH_12376;I can spare some!;;;;;;;;;;;;;x
EVTOPTB_SOH_12376;I need all that I possess for my own experiments...;;;;;;;;;;;;;x
EVTDESC_SOH_12377;A large number of the members of the Renowned Apothecary Society has recently been experimenting with Yarrow and there is something of a shortage as a result. This might present an opportunity for me.;;;;;;;;;;;;;x
EVTOPTA_SOH_12377;I can spare some!;;;;;;;;;;;;;x
EVTOPTB_SOH_12377;I need all that I possess for my own experiments...;;;;;;;;;;;;;x
EVTDESC_SOH_12378;A large number of the members of the Renowned Apothecary Society has recently been experimenting with Ivy and there is something of a shortage as a result. This might present an opportunity for me.;;;;;;;;;;;;;x
EVTOPTA_SOH_12378;I can spare some!;;;;;;;;;;;;;x
EVTOPTB_SOH_12378;I need all that I possess for my own experiments...;;;;;;;;;;;;;x
EVTDESC_SOH_12379;A large number of the members of the Renowned Apothecary Society has recently been experimenting with Lotuses and there is something of a shortage as a result. This might present an opportunity for me.;;;;;;;;;;;;;x
EVTOPTA_SOH_12379;I can spare some!;;;;;;;;;;;;;x
EVTOPTB_SOH_12379;I need all that I possess for my own experiments...;;;;;;;;;;;;;x
EVTDESC_SOH_12380;A large number of the members of the Renowned Apothecary Society has recently been experimenting with Dodder and there is something of a shortage as a result. This might present an opportunity for me.;;;;;;;;;;;;;x
EVTOPTA_SOH_12380;I can spare some!;;;;;;;;;;;;;x
EVTOPTB_SOH_12380;I need all that I possess for my own experiments...;;;;;;;;;;;;;x
EVTDESC_SOH_12381;A large number of the members of the Renowned Apothecary Society has recently been experimenting with Broadleaf Plantain and there is something of a shortage as a result. This might present an opportunity for me.;;;;;;;;;;;;;x
EVTOPTA_SOH_12381;I can spare some!;;;;;;;;;;;;;x
EVTOPTB_SOH_12381;I need all that I possess for my own experiments...;;;;;;;;;;;;;x
EVTDESC_SOH_12382;A large number of the members of the Renowned Apothecary Society has recently been experimenting with Boxthorn and there is something of a shortage as a result. This might present an opportunity for me.;;;;;;;;;;;;;x
EVTOPTA_SOH_12382;I can spare some!;;;;;;;;;;;;;x
EVTOPTB_SOH_12382;I need all that I possess for my own experiments...;;;;;;;;;;;;;x
EVTDESC_SOH_12383;A large number of the members of the Renowned Apothecary Society has recently been experimenting with Foxglove and there is something of a shortage as a result. This might present an opportunity for me.;;;;;;;;;;;;;x
EVTOPTA_SOH_12383;I can spare some!;;;;;;;;;;;;;x
EVTOPTB_SOH_12383;I need all that I possess for my own experiments...;;;;;;;;;;;;;x
EVTDESC_SOH_12384;A large number of the members of the Renowned Apothecary Society has recently been experimenting with Gall Bladders and there is something of a shortage as a result. This might present an opportunity for me.;;;;;;;;;;;;;x
EVTOPTA_SOH_12384;I can spare some!;;;;;;;;;;;;;x
EVTOPTB_SOH_12384;I need all that I possess for my own experiments...;;;;;;;;;;;;;x
EVTDESC_SOH_12385;A large number of the members of the Renowned Apothecary Society has recently been experimenting with Kidneys and there is something of a shortage as a result. This might present an opportunity for me.;;;;;;;;;;;;;x
EVTOPTA_SOH_12385;I can spare some!;;;;;;;;;;;;;x
EVTOPTB_SOH_12385;I need all that I possess for my own experiments...;;;;;;;;;;;;;x
EVTDESC_SOH_12386;A large number of the members of the Renowned Apothecary Society has recently been experimenting with Eyeballs and there is something of a shortage as a result. This might present an opportunity for me.;;;;;;;;;;;;;x
EVTOPTA_SOH_12386;I can spare some!;;;;;;;;;;;;;x
EVTOPTB_SOH_12386;I need all that I possess for my own experiments...;;;;;;;;;;;;;x
EVTDESC_SOH_12387;A large number of the members of the Renowned Apothecary Society has recently been experimenting with Cloven Hooves and there is something of a shortage as a result. This might present an opportunity for me.;;;;;;;;;;;;;x
EVTOPTA_SOH_12387;I can spare some!;;;;;;;;;;;;;x
EVTOPTB_SOH_12387;I need all that I possess for my own experiments...;;;;;;;;;;;;;x
EVTDESC_SOH_12388;A large number of the members of the Renowned Apothecary Society has recently been experimenting with Antlers and there is something of a shortage as a result. This might present an opportunity for me.;;;;;;;;;;;;;x
EVTOPTA_SOH_12388;I can spare some!;;;;;;;;;;;;;x
EVTOPTB_SOH_12388;I need all that I possess for my own experiments...;;;;;;;;;;;;;x
EVTDESC_SOH_12389;A large number of the members of the Renowned Apothecary Society has recently been experimenting with Snouts and there is something of a shortage as a result. This might present an opportunity for me.;;;;;;;;;;;;;x
EVTOPTA_SOH_12389;I can spare some!;;;;;;;;;;;;;x
EVTOPTB_SOH_12389;I need all that I possess for my own experiments...;;;;;;;;;;;;;x
EVTDESC_SOH_12390;A large number of the members of the Renowned Apothecary Society has recently been experimenting with Hearts and there is something of a shortage as a result. This might present an opportunity for me.;;;;;;;;;;;;;x
EVTOPTA_SOH_12390;I can spare some!;;;;;;;;;;;;;x
EVTOPTB_SOH_12390;I need all that I possess for my own experiments...;;;;;;;;;;;;;x
EVTDESC_SOH_12391;A large number of the members of the Renowned Apothecary Society has recently been experimenting with Livers and there is something of a shortage as a result. This might present an opportunity for me.;;;;;;;;;;;;;x
EVTOPTA_SOH_12391;I can spare some!;;;;;;;;;;;;;x
EVTOPTB_SOH_12391;I need all that I possess for my own experiments...;;;;;;;;;;;;;x
EVTDESC_SOH_12392;A large number of the members of the Renowned Apothecary Society has recently been experimenting with Intestines and there is something of a shortage as a result. This might present an opportunity for me.;;;;;;;;;;;;;x
EVTOPTA_SOH_12392;I can spare some!;;;;;;;;;;;;;x
EVTOPTB_SOH_12392;I need all that I possess for my own experiments...;;;;;;;;;;;;;x
EVTDESC_SOH_12393;A large number of the members of the Renowned Apothecary Society has recently been experimenting with Silver and there is something of a shortage as a result. This might present an opportunity for me.;;;;;;;;;;;;;x
EVTOPTA_SOH_12393;I can spare some!;;;;;;;;;;;;;x
EVTOPTB_SOH_12393;I need all that I possess for my own experiments...;;;;;;;;;;;;;x
EVTDESC_SOH_12394;A large number of the members of the Renowned Apothecary Society has recently been experimenting with Mercury and there is something of a shortage as a result. This might present an opportunity for me.;;;;;;;;;;;;;x
EVTOPTA_SOH_12394;I can spare some!;;;;;;;;;;;;;x
EVTOPTB_SOH_12394;I need all that I possess for my own experiments...;;;;;;;;;;;;;x
EVTDESC_SOH_12395;A large number of the members of the Renowned Apothecary Society has recently been experimenting with Aqua Regia and there is something of a shortage as a result. This might present an opportunity for me.;;;;;;;;;;;;;x
EVTOPTA_SOH_12395;I can spare some!;;;;;;;;;;;;;x
EVTOPTB_SOH_12395;I need all that I possess for my own experiments...;;;;;;;;;;;;;x
EVTDESC_SOH_12396;A large number of the members of the Renowned Apothecary Society has recently been experimenting with Aqua Fortis and there is something of a shortage as a result. This might present an opportunity for me.;;;;;;;;;;;;;x
EVTOPTA_SOH_12396;I can spare some!;;;;;;;;;;;;;x
EVTOPTB_SOH_12396;I need all that I possess for my own experiments...;;;;;;;;;;;;;x
EVTDESC_SOH_12397;A large number of the members of the Renowned Apothecary Society has recently been experimenting with Brimstone and there is something of a shortage as a result. This might present an opportunity for me.;;;;;;;;;;;;;x
EVTOPTA_SOH_12397;I can spare some!;;;;;;;;;;;;;x
EVTOPTB_SOH_12397;I need all that I possess for my own experiments...;;;;;;;;;;;;;x
EVTDESC_SOH_12398;A large number of the members of the Renowned Apothecary Society has recently been experimenting with Gold and there is something of a shortage as a result. This might present an opportunity for me.;;;;;;;;;;;;;x
EVTOPTA_SOH_12398;I can spare some!;;;;;;;;;;;;;x
EVTOPTB_SOH_12398;I need all that I possess for my own experiments...;;;;;;;;;;;;;x
EVTDESC_SOH_12399;A large number of the members of the Renowned Apothecary Society has recently been experimenting with Copper and there is something of a shortage as a result. This might present an opportunity for me.;;;;;;;;;;;;;x
EVTOPTA_SOH_12399;I can spare some!;;;;;;;;;;;;;x
EVTOPTB_SOH_12399;I need all that I possess for my own experiments...;;;;;;;;;;;;;x
EVTDESC_SOH_12400;A large number of the members of the Renowned Apothecary Society has recently been experimenting with Iron and there is something of a shortage as a result. This might present an opportunity for me.;;;;;;;;;;;;;x
EVTOPTA_SOH_12400;I can spare some!;;;;;;;;;;;;;x
EVTOPTB_SOH_12400;I need all that I possess for my own experiments...;;;;;;;;;;;;;x
EVTDESC_SOH_12401;A large number of the members of the Renowned Apothecary Society has recently been experimenting with Tin and there is something of a shortage as a result. This might present an opportunity for me.;;;;;;;;;;;;;x
EVTOPTA_SOH_12401;I can spare some!;;;;;;;;;;;;;x
EVTOPTB_SOH_12401;I need all that I possess for my own experiments...;;;;;;;;;;;;;x
EVTDESC_SOH_12402;A large number of the members of the Renowned Apothecary Society has recently been experimenting with Lead and there is something of a shortage as a result. This might present an opportunity for me.;;;;;;;;;;;;;x
EVTOPTA_SOH_12402;I can spare some!;;;;;;;;;;;;;x
EVTOPTB_SOH_12402;I need all that I possess for my own experiments...;;;;;;;;;;;;;x
EVTDESC_SOH_12403;A large number of the members of the Renowned Apothecary Society has recently been experimenting with Antimony and there is something of a shortage as a result. This might present an opportunity for me.;;;;;;;;;;;;;x
EVTOPTA_SOH_12403;I can spare some!;;;;;;;;;;;;;x
EVTOPTB_SOH_12403;I need all that I possess for my own experiments...;;;;;;;;;;;;;x
EVTDESC_SOH_12404;A large number of the members of the Renowned Apothecary Society has recently been experimenting with Cobalt and there is something of a shortage as a result. This might present an opportunity for me.;;;;;;;;;;;;;x
EVTOPTA_SOH_12404;I can spare some!;;;;;;;;;;;;;x
EVTOPTB_SOH_12404;I need all that I possess for my own experiments...;;;;;;;;;;;;;x
EVTDESC_SOH_12405;A large number of the members of the Renowned Apothecary Society has recently been experimenting with Manganese and there is something of a shortage as a result. This might present an opportunity for me.;;;;;;;;;;;;;x
EVTOPTA_SOH_12405;I can spare some!;;;;;;;;;;;;;x
EVTOPTB_SOH_12405;I need all that I possess for my own experiments...;;;;;;;;;;;;;x
EVTDESC_SOH_12406;A large number of the members of the Renowned Apothecary Society has recently been experimenting with Nickel and there is something of a shortage as a result. This might present an opportunity for me.;;;;;;;;;;;;;x
EVTOPTA_SOH_12406;I can spare some!;;;;;;;;;;;;;x
EVTOPTB_SOH_12406;I need all that I possess for my own experiments...;;;;;;;;;;;;;x
EVTDESC_SOH_12407;A large number of the members of the Renowned Apothecary Society has recently been experimenting with Blue Vitriol and there is something of a shortage as a result. This might present an opportunity for me.;;;;;;;;;;;;;x
EVTOPTA_SOH_12407;I can spare some!;;;;;;;;;;;;;x
EVTOPTB_SOH_12407;I need all that I possess for my own experiments...;;;;;;;;;;;;;x
EVTDESC_SOH_12408;A large number of the members of the Renowned Apothecary Society has recently been experimenting with Green Vitriol and there is something of a shortage as a result. This might present an opportunity for me.;;;;;;;;;;;;;x
EVTOPTA_SOH_12408;I can spare some!;;;;;;;;;;;;;x
EVTOPTB_SOH_12408;I need all that I possess for my own experiments...;;;;;;;;;;;;;x
EVTDESC_SOH_12409;A large number of the members of the Renowned Apothecary Society has recently been experimenting with Red Vitriol and there is something of a shortage as a result. This might present an opportunity for me.;;;;;;;;;;;;;x
EVTOPTA_SOH_12409;I can spare some!;;;;;;;;;;;;;x
EVTOPTB_SOH_12409;I need all that I possess for my own experiments...;;;;;;;;;;;;;x
EVTDESC_SOH_12410;A large number of the members of the Renowned Apothecary Society has recently been experimenting with White Vitriol and there is something of a shortage as a result. This might present an opportunity for me.;;;;;;;;;;;;;x
EVTOPTA_SOH_12410;I can spare some!;;;;;;;;;;;;;x
EVTOPTB_SOH_12410;I need all that I possess for my own experiments...;;;;;;;;;;;;;x
EVTDESC_SOH_12411;A large number of the members of the Renowned Apothecary Society has recently been experimenting with Saltpeter and there is something of a shortage as a result. This might present an opportunity for me.;;;;;;;;;;;;;x
EVTOPTA_SOH_12411;I can spare some!;;;;;;;;;;;;;x
EVTOPTB_SOH_12411;I need all that I possess for my own experiments...;;;;;;;;;;;;;x
EVTDESC_SOH_12412;A large number of the members of the Renowned Apothecary Society has recently been experimenting with Cinnabar and there is something of a shortage as a result. This might present an opportunity for me.;;;;;;;;;;;;;x
EVTOPTA_SOH_12412;I can spare some!;;;;;;;;;;;;;x
EVTOPTB_SOH_12412;I need all that I possess for my own experiments...;;;;;;;;;;;;;x
EVTDESC_SOH_12413;A large number of the members of the Renowned Apothecary Society has recently been experimenting with Realgar and there is something of a shortage as a result. This might present an opportunity for me.;;;;;;;;;;;;;x
EVTOPTA_SOH_12413;I can spare some!;;;;;;;;;;;;;x
EVTOPTB_SOH_12413;I need all that I possess for my own experiments...;;;;;;;;;;;;;x
EVTDESC_SOH_12414;A large number of the members of the Renowned Apothecary Society has recently been experimenting with Green Jade and there is something of a shortage as a result. This might present an opportunity for me.;;;;;;;;;;;;;x
EVTOPTA_SOH_12414;I can spare some!;;;;;;;;;;;;;x
EVTOPTB_SOH_12414;I need all that I possess for my own experiments...;;;;;;;;;;;;;x
EVTDESC_SOH_12415;A large number of the members of the Renowned Apothecary Society has recently been experimenting with Lavender Jade and there is something of a shortage as a result. This might present an opportunity for me.;;;;;;;;;;;;;x
EVTOPTA_SOH_12415;I can spare some!;;;;;;;;;;;;;x
EVTOPTB_SOH_12415;I need all that I possess for my own experiments...;;;;;;;;;;;;;x
EVTDESC_SOH_12416;A large number of the members of the Renowned Apothecary Society has recently been experimenting with Yellow Jade and there is something of a shortage as a result. This might present an opportunity for me.;;;;;;;;;;;;;x
EVTOPTA_SOH_12416;I can spare some!;;;;;;;;;;;;;x
EVTOPTB_SOH_12416;I need all that I possess for my own experiments...;;;;;;;;;;;;;x
EVTDESC_SOH_12417;A large number of the members of the Renowned Apothecary Society has recently been experimenting with Orange Jade and there is something of a shortage as a result. This might present an opportunity for me.;;;;;;;;;;;;;x
EVTOPTA_SOH_12417;I can spare some!;;;;;;;;;;;;;x
EVTOPTB_SOH_12417;I need all that I possess for my own experiments...;;;;;;;;;;;;;x
EVTDESC_SOH_12418;A large number of the members of the Renowned Apothecary Society has recently been experimenting with Brown Jade and there is something of a shortage as a result. This might present an opportunity for me.;;;;;;;;;;;;;x
EVTOPTA_SOH_12418;I can spare some!;;;;;;;;;;;;;x
EVTOPTB_SOH_12418;I need all that I possess for my own experiments...;;;;;;;;;;;;;x
EVTDESC_SOH_12419;A large number of the members of the Renowned Apothecary Society has recently been experimenting with Black Jade and there is something of a shortage as a result. This might present an opportunity for me.;;;;;;;;;;;;;x
EVTOPTA_SOH_12419;I can spare some!;;;;;;;;;;;;;x
EVTOPTB_SOH_12419;I need all that I possess for my own experiments...;;;;;;;;;;;;;x
EVTDESC_SOH_12421;I have recently managed to spend some time researching how Hibiscus might be used in various alchemical applications, and the information I have discovered looks rather promising.;;;;;;;;;;;;;x
EVTOPTA_SOH_12421;Knowledge is power!;;;;;;;;;;;;;x
EVTDESC_SOH_12422;I have recently managed to spend some time researching how Ginger Root might be used in various alchemical applications, and the information I have discovered looks rather promising.;;;;;;;;;;;;;x
EVTOPTA_SOH_12422;Knowledge is power!;;;;;;;;;;;;;x
EVTDESC_SOH_12423;I have recently managed to spend some time researching how Mandrake might be used in various alchemical applications, and the information I have discovered looks rather promising.;;;;;;;;;;;;;x
EVTOPTA_SOH_12423;Knowledge is power!;;;;;;;;;;;;;x
EVTDESC_SOH_12424;I have recently managed to spend some time researching how Lemon Grass might be used in various alchemical applications, and the information I have discovered looks rather promising.;;;;;;;;;;;;;x
EVTOPTA_SOH_12424;Knowledge is power!;;;;;;;;;;;;;x
EVTDESC_SOH_12425;I have recently managed to spend some time researching how Nettles might be used in various alchemical applications, and the information I have discovered looks rather promising.;;;;;;;;;;;;;x
EVTOPTA_SOH_12425;Knowledge is power!;;;;;;;;;;;;;x
EVTDESC_SOH_12426;I have recently managed to spend some time researching how Wormwood might be used in various alchemical applications, and the information I have discovered looks rather promising.;;;;;;;;;;;;;x
EVTOPTA_SOH_12426;Knowledge is power!;;;;;;;;;;;;;x
EVTDESC_SOH_12427;I have recently managed to spend some time researching how Valerian might be used in various alchemical applications, and the information I have discovered looks rather promising.;;;;;;;;;;;;;x
EVTOPTA_SOH_12427;Knowledge is power!;;;;;;;;;;;;;x
EVTDESC_SOH_12428;I have recently managed to spend some time researching how Violets might be used in various alchemical applications, and the information I have discovered looks rather promising.;;;;;;;;;;;;;x
EVTOPTA_SOH_12428;Knowledge is power!;;;;;;;;;;;;;x
EVTDESC_SOH_12429;I have recently managed to spend some time researching how Yarrow might be used in various alchemical applications, and the information I have discovered looks rather promising.;;;;;;;;;;;;;x
EVTOPTA_SOH_12429;Knowledge is power!;;;;;;;;;;;;;x
EVTDESC_SOH_12430;I have recently managed to spend some time researching how Ivy might be used in various alchemical applications, and the information I have discovered looks rather promising.;;;;;;;;;;;;;x
EVTOPTA_SOH_12430;Knowledge is power!;;;;;;;;;;;;;x
EVTDESC_SOH_12431;I have recently managed to spend some time researching how Lotuses might be used in various alchemical applications, and the information I have discovered looks rather promising.;;;;;;;;;;;;;x
EVTOPTA_SOH_12431;Knowledge is power!;;;;;;;;;;;;;x
EVTDESC_SOH_12432;I have recently managed to spend some time researching how Dodder might be used in various alchemical applications, and the information I have discovered looks rather promising.;;;;;;;;;;;;;x
EVTOPTA_SOH_12432;Knowledge is power!;;;;;;;;;;;;;x
EVTDESC_SOH_12433;I have recently managed to spend some time researching how Broadleaf Plantain might be used in various alchemical applications, and the information I have discovered looks rather promising.;;;;;;;;;;;;;x
EVTOPTA_SOH_12433;Knowledge is power!;;;;;;;;;;;;;x
EVTDESC_SOH_12434;I have recently managed to spend some time researching how Boxthorn might be used in various alchemical applications, and the information I have discovered looks rather promising.;;;;;;;;;;;;;x
EVTOPTA_SOH_12434;Knowledge is power!;;;;;;;;;;;;;x
EVTDESC_SOH_12435;I have recently managed to spend some time researching how Foxglove might be used in various alchemical applications, and the information I have discovered looks rather promising.;;;;;;;;;;;;;x
EVTOPTA_SOH_12435;Knowledge is power!;;;;;;;;;;;;;x
EVTDESC_SOH_12436;I have recently managed to spend some time researching how Gall Bladders might be used in various alchemical applications, and the information I have discovered looks rather promising.;;;;;;;;;;;;;x
EVTOPTA_SOH_12436;Knowledge is power!;;;;;;;;;;;;;x
EVTDESC_SOH_12437;I have recently managed to spend some time researching how Kidneys might be used in various alchemical applications, and the information I have discovered looks rather promising.;;;;;;;;;;;;;x
EVTOPTA_SOH_12437;Knowledge is power!;;;;;;;;;;;;;x
EVTDESC_SOH_12438;I have recently managed to spend some time researching how Eyeballs might be used in various alchemical applications, and the information I have discovered looks rather promising.;;;;;;;;;;;;;x
EVTOPTA_SOH_12438;Knowledge is power!;;;;;;;;;;;;;x
EVTDESC_SOH_12439;I have recently managed to spend some time researching how Cloven Hooves might be used in various alchemical applications, and the information I have discovered looks rather promising.;;;;;;;;;;;;;x
EVTOPTA_SOH_12439;Knowledge is power!;;;;;;;;;;;;;x
EVTDESC_SOH_12440;I have recently managed to spend some time researching how Antlers might be used in various alchemical applications, and the information I have discovered looks rather promising.;;;;;;;;;;;;;x
EVTOPTA_SOH_12440;Knowledge is power!;;;;;;;;;;;;;x
EVTDESC_SOH_12441;I have recently managed to spend some time researching how Snouts might be used in various alchemical applications, and the information I have discovered looks rather promising.;;;;;;;;;;;;;x
EVTOPTA_SOH_12441;Knowledge is power!;;;;;;;;;;;;;x
EVTDESC_SOH_12442;I have recently managed to spend some time researching how Hearts might be used in various alchemical applications, and the information I have discovered looks rather promising.;;;;;;;;;;;;;x
EVTOPTA_SOH_12442;Knowledge is power!;;;;;;;;;;;;;x
EVTDESC_SOH_12443;I have recently managed to spend some time researching how Livers might be used in various alchemical applications, and the information I have discovered looks rather promising.;;;;;;;;;;;;;x
EVTOPTA_SOH_12443;Knowledge is power!;;;;;;;;;;;;;x
EVTDESC_SOH_12444;I have recently managed to spend some time researching how Intestines might be used in various alchemical applications, and the information I have discovered looks rather promising.;;;;;;;;;;;;;x
EVTOPTA_SOH_12444;Knowledge is power!;;;;;;;;;;;;;x
EVTDESC_SOH_12445;I have recently managed to spend some time researching how Silver might be used in various alchemical applications, and the information I have discovered looks rather promising.;;;;;;;;;;;;;x
EVTOPTA_SOH_12445;Knowledge is power!;;;;;;;;;;;;;x
EVTDESC_SOH_12446;I have recently managed to spend some time researching how Mercury might be used in various alchemical applications, and the information I have discovered looks rather promising.;;;;;;;;;;;;;x
EVTOPTA_SOH_12446;Knowledge is power!;;;;;;;;;;;;;x
EVTDESC_SOH_12447;I have recently managed to spend some time researching how Aqua Regia might be used in various alchemical applications, and the information I have discovered looks rather promising.;;;;;;;;;;;;;x
EVTOPTA_SOH_12447;Knowledge is power!;;;;;;;;;;;;;x
EVTDESC_SOH_12448;I have recently managed to spend some time researching how Aqua Fortis might be used in various alchemical applications, and the information I have discovered looks rather promising.;;;;;;;;;;;;;x
EVTOPTA_SOH_12448;Knowledge is power!;;;;;;;;;;;;;x
EVTDESC_SOH_12449;I have recently managed to spend some time researching how Brimstone might be used in various alchemical applications, and the information I have discovered looks rather promising.;;;;;;;;;;;;;x
EVTOPTA_SOH_12449;Knowledge is power!;;;;;;;;;;;;;x
EVTDESC_SOH_12450;I have recently managed to spend some time researching how Gold might be used in various alchemical applications, and the information I have discovered looks rather promising.;;;;;;;;;;;;;x
EVTOPTA_SOH_12450;Knowledge is power!;;;;;;;;;;;;;x
EVTDESC_SOH_12451;I have recently managed to spend some time researching how Copper might be used in various alchemical applications, and the information I have discovered looks rather promising.;;;;;;;;;;;;;x
EVTOPTA_SOH_12451;Knowledge is power!;;;;;;;;;;;;;x
EVTDESC_SOH_12452;I have recently managed to spend some time researching how Iron might be used in various alchemical applications, and the information I have discovered looks rather promising.;;;;;;;;;;;;;x
EVTOPTA_SOH_12452;Knowledge is power!;;;;;;;;;;;;;x
EVTDESC_SOH_12453;I have recently managed to spend some time researching how Tin might be used in various alchemical applications, and the information I have discovered looks rather promising.;;;;;;;;;;;;;x
EVTOPTA_SOH_12453;Knowledge is power!;;;;;;;;;;;;;x
EVTDESC_SOH_12454;I have recently managed to spend some time researching how Lead might be used in various alchemical applications, and the information I have discovered looks rather promising.;;;;;;;;;;;;;x
EVTOPTA_SOH_12454;Knowledge is power!;;;;;;;;;;;;;x
EVTDESC_SOH_12455;I have recently managed to spend some time researching how Antimony might be used in various alchemical applications, and the information I have discovered looks rather promising.;;;;;;;;;;;;;x
EVTOPTA_SOH_12455;Knowledge is power!;;;;;;;;;;;;;x
EVTDESC_SOH_12456;I have recently managed to spend some time researching how Cobalt might be used in various alchemical applications, and the information I have discovered looks rather promising.;;;;;;;;;;;;;x
EVTOPTA_SOH_12456;Knowledge is power!;;;;;;;;;;;;;x
EVTDESC_SOH_12457;I have recently managed to spend some time researching how Manganese might be used in various alchemical applications, and the information I have discovered looks rather promising.;;;;;;;;;;;;;x
EVTOPTA_SOH_12457;Knowledge is power!;;;;;;;;;;;;;x
EVTDESC_SOH_12458;I have recently managed to spend some time researching how Nickel might be used in various alchemical applications, and the information I have discovered looks rather promising.;;;;;;;;;;;;;x
EVTOPTA_SOH_12458;Knowledge is power!;;;;;;;;;;;;;x
EVTDESC_SOH_12459;I have recently managed to spend some time researching how Blue Vitriol might be used in various alchemical applications, and the information I have discovered looks rather promising.;;;;;;;;;;;;;x
EVTOPTA_SOH_12459;Knowledge is power!;;;;;;;;;;;;;x
EVTDESC_SOH_12460;I have recently managed to spend some time researching how Green Vitriol might be used in various alchemical applications, and the information I have discovered looks rather promising.;;;;;;;;;;;;;x
EVTOPTA_SOH_12460;Knowledge is power!;;;;;;;;;;;;;x
EVTDESC_SOH_12461;I have recently managed to spend some time researching how Red Vitriol might be used in various alchemical applications, and the information I have discovered looks rather promising.;;;;;;;;;;;;;x
EVTOPTA_SOH_12461;Knowledge is power!;;;;;;;;;;;;;x
EVTDESC_SOH_12462;I have recently managed to spend some time researching how White Vitriol might be used in various alchemical applications, and the information I have discovered looks rather promising.;;;;;;;;;;;;;x
EVTOPTA_SOH_12462;Knowledge is power!;;;;;;;;;;;;;x
EVTDESC_SOH_12463;I have recently managed to spend some time researching how Saltpeter might be used in various alchemical applications, and the information I have discovered looks rather promising.;;;;;;;;;;;;;x
EVTOPTA_SOH_12463;Knowledge is power!;;;;;;;;;;;;;x
EVTDESC_SOH_12464;I have recently managed to spend some time researching how Cinnabar might be used in various alchemical applications, and the information I have discovered looks rather promising.;;;;;;;;;;;;;x
EVTOPTA_SOH_12464;Knowledge is power!;;;;;;;;;;;;;x
EVTDESC_SOH_12465;I have recently managed to spend some time researching how Realgar might be used in various alchemical applications, and the information I have discovered looks rather promising.;;;;;;;;;;;;;x
EVTOPTA_SOH_12465;Knowledge is power!;;;;;;;;;;;;;x
EVTDESC_SOH_12466;I have recently managed to spend some time researching how Green Jade might be used in various alchemical applications, and the information I have discovered looks rather promising.;;;;;;;;;;;;;x
EVTOPTA_SOH_12466;Knowledge is power!;;;;;;;;;;;;;x
EVTDESC_SOH_12467;I have recently managed to spend some time researching how Lavender Jade might be used in various alchemical applications, and the information I have discovered looks rather promising.;;;;;;;;;;;;;x
EVTOPTA_SOH_12467;Knowledge is power!;;;;;;;;;;;;;x
EVTDESC_SOH_12468;I have recently managed to spend some time researching how Yellow Jade might be used in various alchemical applications, and the information I have discovered looks rather promising.;;;;;;;;;;;;;x
EVTOPTA_SOH_12468;Knowledge is power!;;;;;;;;;;;;;x
EVTDESC_SOH_12469;I have recently managed to spend some time researching how Orange Jade might be used in various alchemical applications, and the information I have discovered looks rather promising.;;;;;;;;;;;;;x
EVTOPTA_SOH_12469;Knowledge is power!;;;;;;;;;;;;;x
EVTDESC_SOH_12470;I have recently managed to spend some time researching how Brown Jade might be used in various alchemical applications, and the information I have discovered looks rather promising.;;;;;;;;;;;;;x
EVTOPTA_SOH_12470;Knowledge is power!;;;;;;;;;;;;;x
EVTDESC_SOH_12471;I have recently managed to spend some time researching how Black Jade might be used in various alchemical applications, and the information I have discovered looks rather promising.;;;;;;;;;;;;;x
EVTOPTA_SOH_12471;Knowledge is power!;;;;;;;;;;;;;x
EVTDESC_SOH_12472;I cannot stand [bad_potion_target.GetBestName]. [bad_potion_target.GetSheHeCap] is always rude and unpleasant to me, and someone really ought to teach [bad_potion_target.GetHerHim] a lesson in humility.;;;;;;;;;;;;;x
EVTOPTA_SOH_12472;I will humiliate [bad_potion_target.GetHerHim]!;;;;;;;;;;;;;x
EVTOPTB_SOH_12472;No, this is beneath me...;;;;;;;;;;;;;x
EVTDESC_SOH_12473;There are several different ingredients I could use as the primary ingredient or ingredients in the humiliating potion I am planning to have [bad_potion_target.GetBestName] drink. Decisions, decisions...;;;;;;;;;;;;;x
EVTOPTA_SOH_12473;[GetSelectedIngredient_1] should work quite well...;;;;;;;;;;;;;x
EVTOPTB_SOH_12473;Maybe I should go with some [GetSelectedIngredient_2]?;;;;;;;;;;;;;x
EVTOPTC_SOH_12473;Both together might be best!;;;;;;;;;;;;;x
EVTDESC_SOH_12474;The potion is ready. I think it will do rather well for my purposes, seeing as I trust in my own skills.;;;;;;;;;;;;;x
EVTOPTA_SOH_12474;Now to make sure [bad_potion_target.GetBestName] drinks it...;;;;;;;;;;;;;x
EVTOPTB_SOH_12474;Actually, this might be too risky...;;;;;;;;;;;;;x
EVTDESC_SOH_12475;I have just been informed that [From.GetBestName] caught [FromFrom.GetBestName] trying to slip something into [From.GetHerHis] drink. It might have been a harmless prank, or it might have been something else.;;;;;;;;;;;;;x
EVTOPTA_SOH_12475;I guess I have an imprisonment reason, if I need it...;;;;;;;;;;;;;x
EVTOPTB_SOH_12475;Guards! Seize [FromFrom.GetHerHim]!;;;;;;;;;;;;;x
EVTDESC_SOH_12476;I cannot stand [bad_potion_target.GetBestName]. In fact, [bad_potion_target.GetHerHis] death would please me greatly. Perhaps I should see to it personally, using my considerable alchemical knowledge.;;;;;;;;;;;;;x
EVTOPTA_SOH_12476;[bad_potion_target.GetSheHeCap] will die!;;;;;;;;;;;;;x
EVTOPTB_SOH_12476;[bad_potion_target.GetSheHeCap] will die... slowly!;;;;;;;;;;;;;x
EVTOPTC_SOH_12476;No, this is beneath me...;;;;;;;;;;;;;x
EVTDESC_SOH_12477;There are several different ingredients I could use as the primary ingredient or ingredients in the poison I am planning to use to kill [bad_potion_target.GetBestName]. Decisions, decisions...;;;;;;;;;;;;;x
EVTOPTA_SOH_12477;[GetSelectedIngredient_1] should work quite well...;;;;;;;;;;;;;x
EVTOPTB_SOH_12477;Maybe I should go with some [GetSelectedIngredient_2]?;;;;;;;;;;;;;x
EVTOPTC_SOH_12477;Both together might be best!;;;;;;;;;;;;;x
EVTDESC_SOH_12478;There are several different ingredients I could use as the primary ingredient or ingredients in the poison I am planning to use to kill [bad_potion_target.GetBestName]. Decisions, decisions...;;;;;;;;;;;;;x
EVTOPTA_SOH_12478;[GetSelectedIngredient_1] should work quite well...;;;;;;;;;;;;;x
EVTOPTB_SOH_12478;Maybe I should go with some [GetSelectedIngredient_2]?;;;;;;;;;;;;;x
EVTOPTC_SOH_12478;Both together might be best!;;;;;;;;;;;;;x
EVTDESC_SOH_12479;The poison is ready. I think it will do rather well for my purposes, seeing as I trust in my own skills.;;;;;;;;;;;;;x
EVTOPTA_SOH_12479;Now to make sure [bad_potion_target.GetBestName] drinks it...;;;;;;;;;;;;;x
EVTOPTB_SOH_12479;Actually, this might be too risky...;;;;;;;;;;;;;x
EVTDESC_SOH_12480;I have just been informed that [From.GetBestName] caught [FromFrom.GetBestName] trying to slip something into [From.GetHerHis] drink. It might have been a harmless prank, or it might have been something else.;;;;;;;;;;;;;x
EVTOPTA_SOH_12480;I guess I have an imprisonment reason, if I need it...;;;;;;;;;;;;;x
EVTOPTB_SOH_12480;Guards! Seize [FromFrom.GetHerHim]!;;;;;;;;;;;;;x
EVTDESC_SOH_12482;I have been growing some Hibiscus in my garden to make it easier to brew various potions. Today it was time to harvest some, and the harvest was certainly a bountiful one.;;;;;;;;;;;;;x
EVTOPTA_SOH_12482;This will surely be useful!;;;;;;;;;;;;;x
EVTDESC_SOH_12483;I have been growing some Ginger Root in my garden to make it easier to brew various potions. Today it was time to harvest some, and the harvest was certainly a bountiful one.;;;;;;;;;;;;;x
EVTOPTA_SOH_12483;This will surely be useful!;;;;;;;;;;;;;x
EVTDESC_SOH_12484;I have been growing some Mandrake in my garden to make it easier to brew various potions. Today it was time to harvest some, and the harvest was certainly a bountiful one.;;;;;;;;;;;;;x
EVTOPTA_SOH_12484;This will surely be useful!;;;;;;;;;;;;;x
EVTDESC_SOH_12485;I have been growing some Lemon Grass in my garden to make it easier to brew various potions. Today it was time to harvest some, and the harvest was certainly a bountiful one.;;;;;;;;;;;;;x
EVTOPTA_SOH_12485;This will surely be useful!;;;;;;;;;;;;;x
EVTDESC_SOH_12486;I have been growing some Nettles in my garden to make it easier to brew various potions. Today it was time to harvest some, and the harvest was certainly a bountiful one.;;;;;;;;;;;;;x
EVTOPTA_SOH_12486;This will surely be useful!;;;;;;;;;;;;;x
EVTDESC_SOH_12487;I have been growing some Wormwood in my garden to make it easier to brew various potions. Today it was time to harvest some, and the harvest was certainly a bountiful one.;;;;;;;;;;;;;x
EVTOPTA_SOH_12487;This will surely be useful!;;;;;;;;;;;;;x
EVTDESC_SOH_12488;I have been growing some Valerian in my garden to make it easier to brew various potions. Today it was time to harvest some, and the harvest was certainly a bountiful one.;;;;;;;;;;;;;x
EVTOPTA_SOH_12488;This will surely be useful!;;;;;;;;;;;;;x
EVTDESC_SOH_12489;I have been growing some Violets in my garden to make it easier to brew various potions. Today it was time to harvest some, and the harvest was certainly a bountiful one.;;;;;;;;;;;;;x
EVTOPTA_SOH_12489;This will surely be useful!;;;;;;;;;;;;;x
EVTDESC_SOH_12490;I have been growing some Yarrow in my garden to make it easier to brew various potions. Today it was time to harvest some, and the harvest was certainly a bountiful one.;;;;;;;;;;;;;x
EVTOPTA_SOH_12490;This will surely be useful!;;;;;;;;;;;;;x
EVTDESC_SOH_12491;I have been growing some Ivy in my garden to make it easier to brew various potions. Today it was time to harvest some, and the harvest was certainly a bountiful one.;;;;;;;;;;;;;x
EVTOPTA_SOH_12491;This will surely be useful!;;;;;;;;;;;;;x
EVTDESC_SOH_12492;I have been growing some Lotuses in my garden to make it easier to brew various potions. Today it was time to harvest some, and the harvest was certainly a bountiful one.;;;;;;;;;;;;;x
EVTOPTA_SOH_12492;This will surely be useful!;;;;;;;;;;;;;x
EVTDESC_SOH_12493;I have been growing some Dodder in my garden to make it easier to brew various potions. Today it was time to harvest some, and the harvest was certainly a bountiful one.;;;;;;;;;;;;;x
EVTOPTA_SOH_12493;This will surely be useful!;;;;;;;;;;;;;x
EVTDESC_SOH_12494;I have been growing some Broadleaf Plantain in my garden to make it easier to brew various potions. Today it was time to harvest some, and the harvest was certainly a bountiful one.;;;;;;;;;;;;;x
EVTOPTA_SOH_12494;This will surely be useful!;;;;;;;;;;;;;x
EVTDESC_SOH_12495;I have been growing some Boxthorn in my garden to make it easier to brew various potions. Today it was time to harvest some, and the harvest was certainly a bountiful one.;;;;;;;;;;;;;x
EVTOPTA_SOH_12495;This will surely be useful!;;;;;;;;;;;;;x
EVTDESC_SOH_12496;I have been growing some Foxglove in my garden to make it easier to brew various potions. Today it was time to harvest some, and the harvest was certainly a bountiful one.;;;;;;;;;;;;;x
EVTOPTA_SOH_12496;This will surely be useful!;;;;;;;;;;;;;x
EVTDESC_SOH_12497;I have been invited to take part in a discussion about various matters concerning religion, spirituality, and general learning involving several other members of the Renowned Apothecary Society.;;;;;;;;;;;;;x
EVTOPTA_SOH_12497;A worthwhile endeavor!;;;;;;;;;;;;;x
EVTOPTB_SOH_12497;A waste of my time!;;;;;;;;;;;;;x
EVTDESC_SOH_12498;The discussion went quite well, and I seem to have impressed several of those present quite a bit.;;;;;;;;;;;;;x
EVTOPTA_SOH_12498;Excellent!;;;;;;;;;;;;;x
EVTDESC_SOH_12499;The discussion went quite well, and some of the insights I provided have increased my standing among some members of the Renowned Apothecary Society.;;;;;;;;;;;;;x
EVTOPTA_SOH_12499;Excellent!;;;;;;;;;;;;;x
EVTDESC_SOH_12500;I learned very much during the recent discussion, and cannot wait to make use of this newfound knowledge.;;;;;;;;;;;;;x
EVTOPTA_SOH_12500;Time well spent!;;;;;;;;;;;;;x
EVTDESC_SOH_12501;The discussion with other members of the Renowned Apothecary Society was rather uneventful.;;;;;;;;;;;;;x
EVTOPTA_SOH_12501;I suppose that's that...;;;;;;;;;;;;;x
EVTDESC_SOH_12502;My contributions during the recent discussion were deemed unsatisfactory, and I seem to have made a poor impression.;;;;;;;;;;;;;x
EVTOPTA_SOH_12502;That didn't go well...;;;;;;;;;;;;;x
EVTDESC_SOH_12503;What I believed to be brilliant insights to provide during the discussion turned out to be anything but, and my standing among some members of the Renowned Apothecary Society has suffered as a result.;;;;;;;;;;;;;x
EVTOPTA_SOH_12503;That didn't go well...;;;;;;;;;;;;;x
EVTDESC_SOH_12504;I have been invited to take part in a discussion about how to brew various kinds of medicines involving several other members of the Renowned Apothecary Society.;;;;;;;;;;;;;x
EVTOPTA_SOH_12504;A worthwhile endeavor!;;;;;;;;;;;;;x
EVTOPTB_SOH_12504;A waste of my time!;;;;;;;;;;;;;x
EVTDESC_SOH_12505;The discussion went quite well, and I seem to have impressed several of those present quite a bit.;;;;;;;;;;;;;x
EVTOPTA_SOH_12505;Excellent!;;;;;;;;;;;;;x
EVTDESC_SOH_12506;The discussion went quite well, and some of the insights I provided have increased my standing among some members of the Renowned Apothecary Society.;;;;;;;;;;;;;x
EVTOPTA_SOH_12506;Excellent!;;;;;;;;;;;;;x
EVTDESC_SOH_12507;I learned very much during the recent discussion, and cannot wait to make use of this newfound knowledge.;;;;;;;;;;;;;x
EVTOPTA_SOH_12507;Time well spent!;;;;;;;;;;;;;x
EVTDESC_SOH_12508;The discussion with other members of the Renowned Apothecary Society was rather uneventful.;;;;;;;;;;;;;x
EVTOPTA_SOH_12508;I suppose that's that...;;;;;;;;;;;;;x
EVTDESC_SOH_12509;My contributions during the recent discussion were deemed unsatisfactory, and I seem to have made a poor impression.;;;;;;;;;;;;;x
EVTOPTA_SOH_12509;That didn't go well...;;;;;;;;;;;;;x
EVTDESC_SOH_12510;What I believed to be brilliant insights to provide during the discussion turned out to be anything but, and my standing among some members of the Renowned Apothecary Society has suffered as a result.;;;;;;;;;;;;;x
EVTOPTA_SOH_12510;That didn't go well...;;;;;;;;;;;;;x
EVTDESC_SOH_12511;I have been invited to take part in a discussion about various less savory applications of alchemy involving several other members of the Renowned Apothecary Society.;;;;;;;;;;;;;x
EVTOPTA_SOH_12511;A worthwhile endeavor!;;;;;;;;;;;;;x
EVTOPTB_SOH_12511;A waste of my time!;;;;;;;;;;;;;x
EVTDESC_SOH_12512;The discussion went quite well, and I seem to have impressed several of those present quite a bit.;;;;;;;;;;;;;x
EVTOPTA_SOH_12512;Excellent!;;;;;;;;;;;;;x
EVTDESC_SOH_12513;The discussion went quite well, and some of the insights I provided have increased my standing among some members of the Renowned Apothecary Society.;;;;;;;;;;;;;x
EVTOPTA_SOH_12513;Excellent!;;;;;;;;;;;;;x
EVTDESC_SOH_12514;I learned very much during the recent discussion, and cannot wait to make use of this newfound knowledge.;;;;;;;;;;;;;x
EVTOPTA_SOH_12514;Time well spent!;;;;;;;;;;;;;x
EVTDESC_SOH_12515;The discussion with other members of the Renowned Apothecary Society was rather uneventful.;;;;;;;;;;;;;x
EVTOPTA_SOH_12515;I suppose that's that...;;;;;;;;;;;;;x
EVTDESC_SOH_12516;My contributions during the recent discussion were deemed unsatisfactory, and I seem to have made a poor impression.;;;;;;;;;;;;;x
EVTOPTA_SOH_12516;That didn't go well...;;;;;;;;;;;;;x
EVTDESC_SOH_12517;What I believed to be brilliant insights to provide during the discussion turned out to be anything but, and my standing among some members of the Renowned Apothecary Society has suffered as a result.;;;;;;;;;;;;;x
EVTOPTA_SOH_12517;That didn't go well...;;;;;;;;;;;;;x
EVTDESC_SOH_12518;[alchemy_child.GetBestName] has wandered into my laboratory, apparently finding it a very interesting place to explore. [alchemy_child.GetSheHeCap] is not really being a distraction, at least not at present.;;;;;;;;;;;;;x
EVTOPTA_SOH_12518;I suppose I could try teaching [alchemy_child.GetHerHim] something...;;;;;;;;;;;;;x
EVTOPTB_SOH_12518;I'll just ignore the [alchemy_child.GetBoyGirl]...;;;;;;;;;;;;;x
EVTDESC_SOH_12519;[alchemy_child.GetBestName] proves quite curious, and under my guidance [alchemy_child.GetSheHe] successfully brews [alchemy_child.GetHerHis] very first healing potion. It is nothing particularly impressive, but it certainly is a start.;;;;;;;;;;;;;x
EVTOPTA_SOH_12519;I hope [alchemy_child.GetSheHe] will find it a useful skill!;;;;;;;;;;;;;x
EVTDESC_SOH_12520;[alchemy_child.GetBestName] proves quite curious, and under my guidance [alchemy_child.GetSheHe] successfully brews [alchemy_child.GetHerHis] very first poison. It is nothing particularly impressive, but it certainly is a start.;;;;;;;;;;;;;x
EVTOPTA_SOH_12520;I hope [alchemy_child.GetSheHe] will find it a useful skill!;;;;;;;;;;;;;x
EVTDESC_SOH_12521;I give [alchemy_child.GetBestName] a short overview of the basics of alchemical potions and the most common ingredients and then present [alchemy_child.GetHerHim] with a small test. The results are anything but promising.;;;;;;;;;;;;;x
EVTOPTA_SOH_12521;I suppose some would call me a poor teacher...;;;;;;;;;;;;;x
EVTDESC_SOH_12522;[alchemy_child.GetBestName] quickly gets bored with my lesson and decides to wander off. I see little reason to chase after [alchemy_child.GetHerHim].;;;;;;;;;;;;;x
EVTOPTA_SOH_12522;I suppose that's that...;;;;;;;;;;;;;x
EVTDESC_SOH_12523;I hear the sound of breaking glass and turn around to see that [alchemy_child.GetBestName] has managed to cause several empty potion bottles to fall to the floor and shatter.;;;;;;;;;;;;;x
EVTOPTA_SOH_12523;I guess I'll need some replacements...;;;;;;;;;;;;;x
EVTOPTB_SOH_12523;Get out!;;;;;;;;;;;;;x
EVTDESC_SOH_12524;I was not really paying attention to what [alchemy_child.GetBestName] was doing as [alchemy_child.GetSheHe] reached over to some of my ingredients and did not think to stop [alchemy_child.GetHerHim] until [alchemy_child.GetSheHe] had put something into [alchemy_child.GetHerHis] mouth.;;;;;;;;;;;;;x
EVTOPTA_SOH_12524;Spit that out! Now!;;;;;;;;;;;;;x
EVTDESC_SOH_12525;"That did not taste nice!" [alchemy_child.GetBestName] suddenly says. I turn over towards [alchemy_child.GetHerHim] and see [alchemy_child.GetHerHim] holding a nearly empty and unlabeled potion bottle in [alchemy_child.GetHerHis] hand.;;;;;;;;;;;;;x
EVTOPTA_SOH_12525;You weren't supposed to drink that!;;;;;;;;;;;;;x
EVTDESC_SOH_12526;[alchemy_child.GetBestName] quickly gets bored with my laboratory and wanders off.;;;;;;;;;;;;;x
EVTOPTA_SOH_12526;I suppose that's that...;;;;;;;;;;;;;x
EVTDESC_SOH_12527;I find myself in need of test subjects, and my dungeon is empty. Perhaps I could find some individuals willing to abduct a suitable test subject, such as [abduction_target.GetBestName]...;;;;;;;;;;;;;x
EVTOPTA_SOH_12527;I do need a new test subject...;;;;;;;;;;;;;x
EVTOPTB_SOH_12527;I am not that desperate!;;;;;;;;;;;;;x
EVTDESC_SOH_12529;My agents have reported that they are in position to abduct [abduction_target.GetBestName]. All they need is the order to go ahead.;;;;;;;;;;;;;x
EVTOPTA_SOH_12529;Get me my test subject, now!;;;;;;;;;;;;;x
EVTOPTB_SOH_12529;No, this isn't the time...;;;;;;;;;;;;;x
EVTDESC_SOH_12530;The arrows came from nowhere, felling my guards before they could react. I can see a large number of armed individual bearing down on me, and considering the sudden ambush the better part of valor seems reasonable. I ride off as quickly as I can...;;;;;;;;;;;;;x
EVTDESC_SOH_12531;My agents have brought [abduction_target.GetBestName] to me, and [abduction_target.GetSheHe] is now locked up in a cell. I hope [abduction_target.GetSheHe] will be open to participating in my next medical experiment.;;;;;;;;;;;;;x
EVTOPTA_SOH_12531;I'm sure [abduction_target.GetSheHe] wants to contribute to the furtherance of science!;;;;;;;;;;;;;x
EVTDESC_SOH_12532;Disaster! Not only did [abduction_target.GetBestName] escape from my agents, but they somehow gave away that I was behind the attempt to abduct [abduction_target.GetHerHim].;;;;;;;;;;;;;x
EVTOPTA_SOH_12532;Imbeciles! Fools!;;;;;;;;;;;;;x
EVTDESC_SOH_12534;[abduction_target.GetBestName] is dead, and as such the abduction attempt will go nowhere.;;;;;;;;;;;;;x
EVTOPTA_SOH_12534;I can't very well experiment on the dead...;;;;;;;;;;;;;x
EVTDESC_SOH_12535;[abduction_target.GetBestName] has been imprisoned, and abducting [abduction_target.GetHerHim] is therefore not feasible.;;;;;;;;;;;;;x
EVTDESC_SOH_12536;[abduction_target.GetBestName] has proven frustratingly difficult to capture. Perhaps I should look elsewhere for a test subject...;;;;;;;;;;;;;x
EVTOPTA_SOH_12536;This is a waste of time...;;;;;;;;;;;;;x
EVTOPTB_SOH_12536;No, this can still work...;;;;;;;;;;;;;x
EVTDESC_SOH_12537;Now that [abduction_target.GetBestName] is a member of the Renowned Apothecary Society it would be considered most improper for me to abduct [abduction_target.GetHerHim], even if it is for science.;;;;;;;;;;;;;x
EVTOPTA_SOH_12537;I guess I should stop...;;;;;;;;;;;;;x
EVTDESC_SOH_12538;There are those in the Renowned Apothecary Society that seem to think that [alchemist_to_one_up.GetBestName] is a better alchemist than me, and [alchemist_to_one_up.GetSheHe] likes to point this out whenever we meet. I know better, of course, but perhaps I need to show people who truly is the better alchemist.;;;;;;;;;;;;;x
EVTOPTA_SOH_12538;I will prove that I know more about medicine!;;;;;;;;;;;;;x
EVTOPTB_SOH_12538;My poisons are second to none!;;;;;;;;;;;;;x
EVTOPTC_SOH_12538;I don't need to prove anything!;;;;;;;;;;;;;x
EVTDESC_SOH_12540;I add another ingredient to the concoction that I am brewing to finally show everyone that I am a better alchemist than [alchemist_to_one_up.GetBestName] and start to stir it vigorously. It is bubbling rather fiercely, but surely there is no reason to be worried. Or so I think right up until the moment the kettle explodes.;;;;;;;;;;;;;x 
EVTOPTA_SOH_12540;This cannot be!;;;;;;;;;;;;;x
EVTDESC_SOH_12541;I have received word that [From.GetBestName] has been killed in a laboratory accident. Apparently [From.GetSheHe] was attempting to brew something supposed to prove that [From.GetSheHe] was a better alchemist than me.;;;;;;;;;;;;;x
EVTOPTA_SOH_12541;A spectacular failure, that!;;;;;;;;;;;;;x
EVTDESC_SOH_12542;I add another ingredient to the concoction that I am brewing to finally show everyone that I am a better alchemist than [alchemist_to_one_up.GetBestName] and start to stir it vigorously. It is bubbling rather fiercely, and I realize something is wrong just quickly enough to escape the explosion of the kettle with my life, if not without harm.;;;;;;;;;;;;;x
EVTOPTA_SOH_12542;This did not go as planned!;;;;;;;;;;;;;x
EVTDESC_SOH_12543;I have received word that [From.GetBestName] has been badly maimed in a laboratory accident. Apparently [From.GetSheHe] was attempting to brew something supposed to prove that [From.GetSheHe] was a better alchemist than me.;;;;;;;;;;;;;x
EVTOPTA_SOH_12543;Remarkably inept, that [From.GetFirstName]...;;;;;;;;;;;;;x
EVTDESC_SOH_12544;I add another ingredient to the concoction that I am brewing to finally show everyone that I am a better alchemist than [alchemist_to_one_up.GetBestName] and start to stir it vigorously. I perhaps stir it more vigorously than I should, seeing as I manage to splash myslef with the hot liquid, and as I recoil in pain I knock the kettle over.;;;;;;;;;;;;;x
EVTOPTA_SOH_12544;Well, that didn't go well..;;;;;;;;;;;;;x
EVTDESC_SOH_12545;I have received word that [From.GetBestName] has been injured in a laboratory accident. Apparently [From.GetSheHe] was attempting to brew something supposed to prove that [From.GetSheHe] is a better alchemist than me.;;;;;;;;;;;;;x
EVTOPTA_SOH_12545;As if [From.GetSheHe] could have hoped to succeed!;;;;;;;;;;;;;x
EVTDESC_SOH_12546;In my attempt to prove that I am a better alchemist than [alchemist_to_one_up.GetBestName] I have been undertaking some riskier experiments than normal. They have not resulted in a favourable outcome, and several pieces of equipment have been damaged in the process.;;;;;;;;;;;;;x
EVTOPTA_SOH_12546;An expensive failure, this...;;;;;;;;;;;;;x
EVTDESC_SOH_12547;I have received word that [From.GetBestName] has had to purchase some new equipment after a lot was damaged during [From.GetHerHis] recent experiments. Apparently [From.GetSheHe] was attempting to brew something supposed to prove that [From.GetSheHe] is a better alchemist than me.;;;;;;;;;;;;;x
EVTOPTA_SOH_12547;Even the best equipment in the world would not help [From.GetHerHim] beat me!;;;;;;;;;;;;;x
EVTDESC_SOH_12548;There is something in the air, quite literally. I am not sure how that happened, but it was not what I expected when I tried to prove that I was a better alchemist than [alchemist_to_one_up.GetBestName]. Still, the colours and floating creatures are quite pretty to look at.;;;;;;;;;;;;;x
EVTOPTA_SOH_12548;I don't really mind this outcome!;;;;;;;;;;;;;x
EVTDESC_SOH_12549;I have received word that [From.GetBestName] is seeing strange visions following an attempt to brew some kind of experimental concoction. Apparently [From.GetSheHe] was attempting to brew something supposed to prove that [From.GetSheHe] is a better alchemist than me.;;;;;;;;;;;;;x
EVTOPTA_SOH_12549;An amusing failure, that!;;;;;;;;;;;;;x
EVTDESC_SOH_12550;While the concoction I have brewed is promising enough, it is perhaps somewhat lacking compared to some of those that I know that [alchemist_to_one_up.GetBestName] has managed to create in the past. The Renowned Apothecary Society will probably not think less of me for this, but it is not a victory.;;;;;;;;;;;;;x
EVTOPTA_SOH_12550;I guess I failed, this time...;;;;;;;;;;;;;x
EVTDESC_SOH_12551;I have just learned that [From.GetBestName] attempted to prove that [From.GetSheHe] is a better alchemist than me by brewing some kind of concoction that turned out just so slightly worse than some of my creations.;;;;;;;;;;;;;x
EVTOPTA_SOH_12551;I'll take it!;;;;;;;;;;;;;x
EVTDESC_SOH_12552;My concoction is clearly as good as those that [alchemist_to_one_up.GetBestName] has created in the past. It is just as clearly not any better than those.;;;;;;;;;;;;;x
EVTOPTA_SOH_12552;Not a loss, but not a victory, I guess...;;;;;;;;;;;;;x
EVTDESC_SOH_12553;I have just learned that [From.GetBestName] attempted to prove that [From.GetSheHe] is a better alchemist than me by brewing some kind of concoction that seems to be neither better nor worse than one of mine.;;;;;;;;;;;;;x
EVTOPTA_SOH_12553;I suppose that's not quite a loss...;;;;;;;;;;;;;x
EVTDESC_SOH_12554;I have managed to create a concoction that I am sure everyone will say is better than those of [alchemist_to_one_up.GetBestName], if not by much.;;;;;;;;;;;;;x
EVTOPTA_SOH_12554;I'll take it!;;;;;;;;;;;;;x
EVTDESC_SOH_12555;I have just learned that [From.GetBestName] attempted to prove that [From.GetSheHe] is a better alchemist than me by brewing some kind of concoction that turned out just so slightly better than some of my creations.;;;;;;;;;;;;;x
EVTOPTA_SOH_12555;Luck! Pure luck!;;;;;;;;;;;;;x
EVTDESC_SOH_12556;Not only did my concoction turn out quite well, but I learned quite a few new things while creating it. Clearly, I am the better alchemist, [alchemist_to_one_up.GetBestName]!;;;;;;;;;;;;;x
EVTOPTA_SOH_12556;Useful knowledge, this!;;;;;;;;;;;;;x
EVTDESC_SOH_12557;[From.GetBestName] has managed to create some kind of concoction that is better than my own, and rumour has it that [From.GetSheHe] also gained some useful insights in the process.;;;;;;;;;;;;;x
EVTOPTA_SOH_12557;I wonder what [From.GetSheHe] discovered...;;;;;;;;;;;;;x
EVTDESC_SOH_12558;All of the Renowned Apothecary Society now agrees that I am a better alchemist than [alchemist_to_one_up.GetBestName]. Well, [alchemist_to_one_up.GetSheHe] probably disagrees, but who cares about what [alchemist_to_one_up.GetSheHe] thinks?;;;;;;;;;;;;;x
EVTOPTA_SOH_12558;This is what true skill looks like!;;;;;;;;;;;;;x
EVTDESC_SOH_12559;[From.GetBestName] has managed to create some kind of concoction that is better than my own. Even worse, all of the Renowned Apothecary Society seems to think that this proves that [From.GetBestName] is a better alchemist overall.;;;;;;;;;;;;;x
EVTOPTA_SOH_12559;I will show [From.GetHerHim]! I will show them ALL!;;;;;;;;;;;;;x
EVTDESC_SOH_12562;I have been informed that there is a merchant in [Root.Capital.GetBestName] that is looking to sell a copy of the Zhouyi Cantong Qi, a useful alchemical text by all accounts.;;;;;;;;;;;;;x
EVTOPTA_SOH_12562;I want that book!;;;;;;;;;;;;;x
EVTOPTB_SOH_12562;I have better things to spend my money on...;;;;;;;;;;;;;x
EVTDESC_SOH_12563;I have been informed that there is a merchant in [Root.Capital.GetBestName] that is looking to sell a copy of the Baopuzi, a useful alchemical text by all accounts.;;;;;;;;;;;;;x
EVTOPTA_SOH_12563;I want that book!;;;;;;;;;;;;;x
EVTOPTB_SOH_12563;I have better things to spend my money on...;;;;;;;;;;;;;x
EVTDESC_SOH_12564;I have been informed that there is a merchant in [Root.Capital.GetBestName] that is looking to sell a copy of the Danjing Yaoyue, a useful alchemical text by all accounts.;;;;;;;;;;;;;x
EVTOPTA_SOH_12564;I want that book!;;;;;;;;;;;;;x
EVTOPTB_SOH_12564;I have better things to spend my money on...;;;;;;;;;;;;;x
EVTDESC_SOH_12565;I have been informed that there is a merchant in [Root.Capital.GetBestName] that is looking to sell a copy of the Hongbao Yuanbi Shi, a useful alchemical text by all accounts.;;;;;;;;;;;;;x
EVTOPTA_SOH_12565;I want that book!;;;;;;;;;;;;;x
EVTOPTB_SOH_12565;I have better things to spend my money on...;;;;;;;;;;;;;x
EVTDESC_SOH_12566;There are few volunteers for scientific experimentation around here. Perhaps I should simply leave a potion lying around to see if someone will drink them without being prompted to.;;;;;;;;;;;;;x
EVTOPTA_SOH_12566;For science!;;;;;;;;;;;;;x
EVTOPTB_SOH_12566;No, it would introduce too many unknown variables...;;;;;;;;;;;;;x
EVTDESC_SOH_12568;The potion I had left unattended has vanished. It seems some of the servants found it and decided to throw it out.;;;;;;;;;;;;;x
EVTOPTA_SOH_12568;Experiment failed due to unforeseen factors...;;;;;;;;;;;;;x
EVTDESC_SOH_12569;A few days ago, one of the servants found the potion I had left lying around. I have had some of the others keep the [Root.GetManWoman] under observation, and I have now been informed that [Root.GetSheHe] appears to have died.;;;;;;;;;;;;;x
EVTOPTA_SOH_12569;Fascinating!;;;;;;;;;;;;;x
EVTDESC_SOH_12570;A few days ago, one of the servants found the potion I had left lying around. I have had some of the others keep the [Root.GetManWoman] under observation, and I have now been informed that [Root.GetSheHe] appears to be feeling rather unwell.;;;;;;;;;;;;;x
EVTOPTA_SOH_12570;I'll make a note of this...;;;;;;;;;;;;;x
EVTDESC_SOH_12571;A few days ago, one of the servants found the potion I had left lying around. I have had some of the others keep the [Root.GetManWoman] under observation, but nothing of note seems to have happened as far as [Root.GetHerHis] health is concerned.;;;;;;;;;;;;;x
EVTOPTA_SOH_12571;Insufficient dosage, then...;;;;;;;;;;;;;x
EVTDESC_SOH_12572;A few days ago, one of the servants found the potion I had left lying around. I have had some of the others keep the [Root.GetManWoman] under observation, and I have now been informed that [Root.GetSheHe] appears to be feeling noticeably better than [Root.GetSheHe] did when [Root.GetSheHe] consumed the potion.;;;;;;;;;;;;;x
EVTOPTA_SOH_12572;Fascinating!;;;;;;;;;;;;;x
EVTDESC_SOH_12573;[potion_child.GetBestName] found the potion I had left lying around a few days ago. I had some of the servants keep [potion_child.GetHerHim] under observation, and I have now been informed that [potion_child.GetSheHe] appears to have died.;;;;;;;;;;;;;x
EVTOPTA_SOH_12573;Fascinating!;;;;;;;;;;;;;x
EVTDESC_SOH_12574;[potion_child.GetBestName] found the potion I had left lying around a few days ago. I had some of the servants keep [potion_child.GetHerHim] under observation, and I have now been informed that [potion_child.GetSheHe]  appears to be feeling rather unwell.;;;;;;;;;;;;;x
EVTOPTA_SOH_12574;I'll make a note of this...;;;;;;;;;;;;;x
EVTDESC_SOH_12575;[potion_child.GetBestName] found the potion I had left lying around a few days ago. I had some of the servants keep [potion_child.GetHerHim] under observation, but nothing of note seems to have happened as far as [potion_child.GetHerHis] health is concerned.;;;;;;;;;;;;;x
EVTOPTA_SOH_12575;Insufficient dosage, then...;;;;;;;;;;;;;x
EVTDESC_SOH_12576;[potion_child.GetBestName] found the potion I had left lying around a few days ago. I had some of the servants keep [potion_child.GetHerHim] under observation, and I have now been informed that [potion_child.GetSheHe]  appears to be feeling noticeably better than [potion_child.GetSheHe] did when [potion_child.GetSheHe] consumed the potion.;;;;;;;;;;;;;x
EVTOPTA_SOH_12576;Fascinating!;;;;;;;;;;;;;x
EVTDESC_SOH_12577;[potion_courtier.GetBestName] found the potion I had left lying around a few days ago. I had some of the servants keep [potion_courtier.GetHerHim] under observation, and I have now been informed that [potion_courtier.GetSheHe] appears to have died.;;;;;;;;;;;;;x
EVTOPTA_SOH_12577;Fascinating!;;;;;;;;;;;;;x
EVTDESC_SOH_12578;[potion_courtier.GetBestName] found the potion I had left lying around a few days ago. I had some of the servants keep [potion_courtier.GetHerHim] under observation, and I have now been informed that [potion_courtier.GetSheHe]  appears to be feeling rather unwell.;;;;;;;;;;;;;x
EVTOPTA_SOH_12578;I'll make a note of this...;;;;;;;;;;;;;x
EVTDESC_SOH_12579;[potion_courtier.GetBestName] found the potion I had left lying around a few days ago. I had some of the servants keep [potion_courtier.GetHerHim] under observation, and I have now been informed that [potion_courtier.GetSheHe]  appears to be feeling noticeably better than [potion_courtier.GetSheHe] did when [potion_courtier.GetSheHe] consumed the potion.;;;;;;;;;;;;;x
EVTOPTA_SOH_12579;Insufficient dosage, then...;;;;;;;;;;;;;x
EVTDESC_SOH_12580;[potion_courtier.GetBestName] found the potion I had left lying around a few days ago. I had some of the servants keep [potion_courtier.GetHerHim] under observation, and I have now been informed that [potion_courtier.GetSheHe]  appears to be feeling rather unwell.;;;;;;;;;;;;;x
EVTOPTA_SOH_12580;Fascinating!;;;;;;;;;;;;;x
EVTDESC_SOH_12582;I once put forth the idea of brewing a special potion that would increase the strength and ferocity of the drinker tenfold in a discussion. The others present called me mad, of course, but perhaps it is time for me to put my theory to the test...;;;;;;;;;;;;;x
EVTOPTA_SOH_12582;I will show them ALL!;;;;;;;;;;;;;x
EVTOPTB_SOH_12582;I have better things to do...;;;;;;;;;;;;;x
EVTDESC_SOH_12583;The potion is ready. Now I just need to decide who should drink it...;;;;;;;;;;;;;x
EVTOPTA_SOH_12583;I will make [serum_prisoner.GetBestName] drink it!;;;;;;;;;;;;;x
EVTOPTB_SOH_12583;I'm sure [serum_commander.GetBestName] will be willing to drink it!;;;;;;;;;;;;;x
EVTOPTC_SOH_12583;I will drink it myself!;;;;;;;;;;;;;x
EVTOPTD_SOH_12583;Actually, this feels like a terrible idea...;;;;;;;;;;;;;x
EVTDESC_SOH_12584;[From.GetBestName] entered my cell and had some of [From.GetHerHis] guards hold me down while [From.GetSheHe] fed me some kind of potion.;;;;;;;;;;;;;x
EVTOPTA_SOH_12584;That was vile!;;;;;;;;;;;;;x
EVTDESC_SOH_12586;Whatever it was that I was forced to drink has turned out to be quite deadly. I can feel my strength leaving me.;;;;;;;;;;;;;x
EVTOPTA_SOH_12586;I'm dying...;;;;;;;;;;;;;x
EVTDESC_SOH_12587;I have just been informed that [From.GetBestName] has died. Apparently the potion I made [From.GetHerHim] drink did not have the intended effect.;;;;;;;;;;;;;x
EVTOPTA_SOH_12587;Subject's involvement in my research has come to a premature end...;;;;;;;;;;;;;x
EVTDESC_SOH_12588;Whatever it was that I was forced to drink has turned out to be quite unpleasant, and certainly not good for my health.;;;;;;;;;;;;;x
EVTOPTA_SOH_12588;I'm going to be sick...;;;;;;;;;;;;;x
EVTDESC_SOH_12589;It seems [From.GetBestName] has become quite ill. This was not at all what I expected from the potion I made [From.GetHerHim] drink.;;;;;;;;;;;;;x
EVTOPTA_SOH_12589;Subject appears to be suffering from unforeseen side-effects...;;;;;;;;;;;;;x
EVTDESC_SOH_12590;While the potion I was forced to drink had a most unpleasant taste, it has not had any effect, good or bad.;;;;;;;;;;;;;x
EVTOPTA_SOH_12590;Is... is this all?;;;;;;;;;;;;;x
EVTDESC_SOH_12591;While [From.GetBestName] does not seem to be suffering any unforeseen side-effects from the potion I made [From.GetHerHim] drink [From.GetSheHe] also does not seem to be experiencing any of the intended effects.;;;;;;;;;;;;;x
EVTOPTA_SOH_12591;Results have proven inconclusive...;;;;;;;;;;;;;x
EVTDESC_SOH_12592;I feel healthier than I have in a good while. It must be the potion that I was forced to drink.;;;;;;;;;;;;;x
EVTOPTA_SOH_12592;This turned out quite excellent for me!;;;;;;;;;;;;;x
EVTDESC_SOH_12593;It seems [From.GetBestName] is healthier than [From.GetSheHe] before I made [From.GetHerHim] drink the potion I prepared. Unfortunately, that is not exactly the outcome I was going for.;;;;;;;;;;;;;x
EVTOPTA_SOH_12593;Subject's condition is stable, but the results have proven disappointing...;;;;;;;;;;;;;x
EVTDESC_SOH_12594;I can feel myself getting stronger and angrier. [FromFrom.GetBestName] did this! [FromFrom.GetSheHeCap] is to blame for everything! Kill! I must KILL!;;;;;;;;;;;;;x
EVTOPTA_SOH_12594;I WILL KILL [FromFrom.GetHerHimFullCaps]!;;;;;;;;;;;;;x
EVTDESC_SOH_12595;I have learned that [From.GetBestName] has gone into a great rage and has broken out of [From.GetHerHis] cell. Several guards have already been killed.;;;;;;;;;;;;;x
EVTOPTA_SOH_12595;Subject appears enraged! Proceeding to a safe distance!;;;;;;;;;;;;;x
EVTOPTB_SOH_12595;What did [FromFromFrom.GetBestName] do?;;;;;;;;;;;;;x
EVTDESC_SOH_12597;All fall before my fury as I make my way outside. The true target of my rage is nowhere to be seen, but I can at least escape from imprisonment!;;;;;;;;;;;;;x
EVTOPTA_SOH_12597;FREEDOM!;;;;;;;;;;;;;x
EVTDESC_SOH_12598;The guards' attempt to keep [From.GetBestName] contained prove inefficient. Luckily, [From.GetBestName] seems content to merely escape.;;;;;;;;;;;;;x
EVTOPTA_SOH_12598;Subject requires further monitoring... from a safe distance...;;;;;;;;;;;;;x
EVTOPTB_SOH_12598;Well, I hope that was that...;;;;;;;;;;;;;x
EVTDESC_SOH_12599;For each guard that I bring down, two more come running at me, and though I have become stronger than ever before they manage to wear me down over time.;;;;;;;;;;;;;x
EVTOPTA_SOH_12599;NO!;;;;;;;;;;;;;x
EVTDESC_SOH_12600;I have been informed that the guards have managed to kill [From.GetBestName], putting an end to [From.GetHerHis] rampage.;;;;;;;;;;;;;x
EVTOPTA_SOH_12600;The experiment had to be prematurely terminated...;;;;;;;;;;;;;x
EVTOPTB_SOH_12600;For the best...;;;;;;;;;;;;;x
EVTDESC_SOH_12601;I keep tearing my way through the guards until I spot [target_jailor.GetBestName]. [target_jailor.GetSheHeCap] calls for me to obey, but am not going to obey [target_jailor.GetHerHim]!;;;;;;;;;;;;;x
EVTOPTA_SOH_12601;DIE!;;;;;;;;;;;;;x
EVTDESC_SOH_12602;[From.GetBestName] is unstoppable, and despite my attempts to get away from [From.GetHerHim] [From.GetSheHe] manages to make [From.GetHerHis] way to where I am hiding.;;;;;;;;;;;;;x
EVTOPTA_SOH_12602;No! I am your creator! Obey me! OBEY ME!;;;;;;;;;;;;;x
EVTDESC_SOH_12603;[From.GetBestName] has presented me with some kind of potion that supposedly will give me the strength of ten [Root.GetMenWomen] if I drink it.;;;;;;;;;;;;;x
EVTOPTA_SOH_12603;That sounds excellent to me!;;;;;;;;;;;;;x
EVTOPTB_SOH_12603;Get that thing away from me!;;;;;;;;;;;;;x
EVTDESC_SOH_12604;[From.GetBestName] accepted the offer to drink the potion I prepared for [From.GetHerHim];;;;;;;;;;;;;x
EVTOPTA_SOH_12604;Let the experiment proceed!;;;;;;;;;;;;;x
EVTDESC_SOH_12606;My strength is fading, as is my life. I have made a terrible mistake.;;;;;;;;;;;;;x
EVTOPTA_SOH_12606;I should not have had that potion!;;;;;;;;;;;;;x
EVTDESC_SOH_12607;I have just been informed that [From.GetBestName] has died. Apparently the potion I had [From.GetHerHim] drink did not have the intended effect.;;;;;;;;;;;;;x
EVTOPTA_SOH_12607;Subject's involvement in my research has come to a premature end...;;;;;;;;;;;;;x
EVTDESC_SOH_12608;I am feeling rather poorly, very likely as a result of the potion that I was given to drink. It certainly did not make me ten times as strong.;;;;;;;;;;;;;x
EVTOPTA_SOH_12608;I'm going to be sick...;;;;;;;;;;;;;x
EVTDESC_SOH_12609;It seems [From.GetBestName] has become quite ill. This was not at all what I expected from the potion I had [From.GetHerHim] drink.;;;;;;;;;;;;;x
EVTOPTA_SOH_12609;Subject appears to be suffering from unforeseen side-effects...;;;;;;;;;;;;;x
EVTDESC_SOH_12610;The potion I drank has not had any effect, good or bad. I certainly do not feel stronger.;;;;;;;;;;;;;x
EVTOPTA_SOH_12610;Is... is this is?;;;;;;;;;;;;;x
EVTDESC_SOH_12611;While [From.GetBestName] does not seem to be suffering any unforeseen side-effects from the potion I had [From.GetHerHim] drink [From.GetSheHe] also does not seem to be experiencing any of the intended effects.;;;;;;;;;;;;;x
EVTOPTA_SOH_12611;Results have proven inconclusive...;;;;;;;;;;;;;x
EVTDESC_SOH_12612;I feel healthier than I have in a good while. It must be the potion that I drank.;;;;;;;;;;;;;x
EVTOPTA_SOH_12612;I still don't feel stronger, though...;;;;;;;;;;;;;x
EVTDESC_SOH_12613;It seems [From.GetBestName] is healthier than [From.GetSheHe] before I had [From.GetHerHim] drink the potion I prepared. Unfortunately, that is not exactly the outcome I was going for.;;;;;;;;;;;;;x
EVTOPTA_SOH_12613;Subject's condition is stable, but the results have proven disappointing...;;;;;;;;;;;;;x
EVTDESC_SOH_12614;I can feel myself getting stronger! And angrier! Such power! Such rage!;;;;;;;;;;;;;x
EVTOPTA_SOH_12614;YOU SHOULD ALL RUN!;;;;;;;;;;;;;x
EVTDESC_SOH_12615;[From.GetBestName] has grown stronger from the potion I had [From.GetHerHim] drink, as I expected. Unfortunately, there are some unexpected side-effects...;;;;;;;;;;;;;x
EVTOPTA_SOH_12615;Subject appears enraged! Proceeding to a safe distance!;;;;;;;;;;;;;x
EVTDESC_SOH_12617;The guards and servants all run from me, and I give chase until I get bored. [FromFromFromFrom.GetBestName]'s potion truly did what [FromFromFromFrom.GetSheHe] said it would! [FromFromFromFrom.GetSheHeCap] truly deserves my obedience!;;;;;;;;;;;;;x
EVTOPTA_SOH_12617;I OBEY!;;;;;;;;;;;;;x
EVTDESC_SOH_12618;It takes some time for [From.GetBestName]'s rage to subside, but when it does [From.GetSheHe] professes [From.GetHerHis] loyalty to me.;;;;;;;;;;;;;x
EVTOPTA_SOH_12618;The potion has proven an unqualified success!;;;;;;;;;;;;;x
EVTDESC_SOH_12619;I playfully chase some of the guards, but they seem to think I am trying to kill them and respond with violence. I try to push them away, but that only makes them more determined to kill me.;;;;;;;;;;;;;x
EVTOPTA_SOH_12619;NO!;;;;;;;;;;;;;x
EVTDESC_SOH_12620;My guards were forced to kill [From.GetBestName] as [From.GetHerHis] rage made [From.GetHerHim] a threat to everyone's safety.;;;;;;;;;;;;;x
EVTOPTA_SOH_12620;The experiment had to be prematurely terminated...;;;;;;;;;;;;;x
EVTDESC_SOH_12621;As I chase the guards and servants I spot [FromFromFromFrom.GetBestName] in the distance. I run over to [FromFromFromFrom.GetHerHim] to show [FromFromFromFrom.GetHerHim] that the potion worked and toss [FromFromFromFrom.GetHerHim] around a bit.;;;;;;;;;;;;;x
EVTOPTA_SOH_12621;GET UP! WHY ARE YOU NOT GETTING UP?;;;;;;;;;;;;;x
EVTDESC_SOH_12622;As I am trying to escape alongside some of my most trusted guards [From.GetBestName] comes running. It is clear that [From.GetSheHe] is not behaving rationally, and nothing seems to slow [From.GetHerHim] down.;;;;;;;;;;;;;x
EVTOPTA_SOH_12622;No! I am your creator! Obey me! OBEY ME!;;;;;;;;;;;;;x
EVTDESC_SOH_12623;[From.GetBestName] refused to drink my potion even though I told [From.GetHerHim] about the benefits it would bring [From.GetHerHim] if it worked.;;;;;;;;;;;;;x
EVTOPTA_SOH_12623;Fine! I'll drink it myself!;;;;;;;;;;;;;x
EVTOPTB_SOH_12623;I guess I will never know if it would have worked...;;;;;;;;;;;;;x
EVTDESC_SOH_12625;The potion I created did not turn out as it was supposed to. I can feel myself growing weaker by the moment...;;;;;;;;;;;;;x
EVTOPTA_SOH_12625;Wrong... dosage...;;;;;;;;;;;;;x
EVTDESC_SOH_12626;I am feeling quite unwell. I strongly suspect that the potion I created is to blame.;;;;;;;;;;;;;x
EVTOPTA_SOH_12626;Results not as expected...;;;;;;;;;;;;;x
EVTDESC_SOH_12627;The potion I created has not had any effects, whether the ones I expected or any unforeseen side-effects.;;;;;;;;;;;;;x
EVTOPTA_SOH_12627;Results inconclusive...;;;;;;;;;;;;;x
EVTDESC_SOH_12628;I feel a lot healthier after consuming my new potion. That is not what I was going for, but it is still perhaps not a bad outcome.;;;;;;;;;;;;;x
EVTOPTA_SOH_12628;Results might prove useful in other regards...;;;;;;;;;;;;;x
EVTDESC_SOH_12629;Strength! Power! Rage! I have them all! This will show them! This will show them ALL!;;;;;;;;;;;;;x
EVTOPTA_SOH_12629;TREMBLE BEFORE ME!;;;;;;;;;;;;;x
EVTDESC_SOH_12631;I chase the guards and servants around for a bit, tossing a few of them around before my rage subsides. I think I will like the new me!;;;;;;;;;;;;;x
EVTOPTA_SOH_12631;I am stronger than ever before!;;;;;;;;;;;;;x
EVTDESC_SOH_12632;The guards move to surround me as I start tossing servants around, and though they seem to recognize me as their rightful [Root.GetMasterMistress] that does not stop them from attacking me.;;;;;;;;;;;;;x
EVTOPTA_SOH_12632;NO!;;;;;;;;;;;;;x
EVTDESC_SOH_12633;By the time my rage subsides I find that several of the servants are dead, as is [killed_by_mad_alchemist.GetBestName]. I could not stop myself.;;;;;;;;;;;;;x
EVTOPTA_SOH_12633;Such is the cost of scientific progress...;;;;;;;;;;;;;x
EVTDESC_SOH_12635;I have received word that what might be an ancient alchemical laboratory has been discovered not far from [Root.Capital.GetName].;;;;;;;;;;;;;x
EVTOPTA_SOH_12635;It's secrets will be mine!;;;;;;;;;;;;;x
EVTOPTB_SOH_12635;I doubt it is safe to explore it...;;;;;;;;;;;;;x
EVTTITLE_SOH_12636;The Secrets of the Ancients;;;;;;;;;;;;;x
EVTDESC_SOH_12636;I have arrived at the site of the ancient alchemical laboratory. Set in the side of a mountain, the structure looks very grand despite the stones clearly showing signs of wear from wind and water. I cannot say it looks very inviting, but there might be vast stores of alchemical ingredients, ancient knowledge, valuable treasures, or other things of use found inside.\nI have sometimes heard that ancient ruins such as this might be as full of traps as they are of treasures, so perhaps turning back would be wise. Still, a little danger is to be expected in the pursuit of knowledge, and perhaps what I might find inside the laboratory will be well worth it.;;;;;;;;;;;;;x
EVTOPTA_SOH_12636;I will make my way inside!;;;;;;;;;;;;;x
EVTOPTB_SOH_12636;No, this does not feel right...;;;;;;;;;;;;;x
EVTDESC_SOH_12638;As I make my way towards the entrance of the ancient laboratory I feel something give way beneath my foot. Before I can react a number of large rocks come crashing down from above, burying me alive.;;;;;;;;;;;;;x
EVTOPTA_SOH_12638;So it ends...;;;;;;;;;;;;;x
EVTDESC_SOH_12639;As I make my way towards the entrance of the ancient laboratory I feel something give way beneath my foot. I step back in time to avoid most of the rocks that come crashing down from above, but I do not escape completely unharmed.;;;;;;;;;;;;;x
EVTOPTA_SOH_12639;That hurt!;;;;;;;;;;;;;x
EVTDESC_SOH_12640;As I make my way towards the entrance of the ancient laboratory I feel something about to give way beneath my foot. I carefully step backwards and examine the ground, noticing that there is a small pressure plate set in the floor. By the looks of things, it would send rocks crashing down on the person that stepped on it.;;;;;;;;;;;;;x
EVTOPTA_SOH_12640;That was close...;;;;;;;;;;;;;x
EVTDESC_SOH_12641;As I make my way towards the entrance of the ancient laboratory I feel something give way beneath my foot. Before I can react a seemingly bottomless pit opens up beneath me.;;;;;;;;;;;;;x
EVTOPTA_SOH_12641;I will not survive this!;;;;;;;;;;;;;x
EVTDESC_SOH_12642;As I make my way towards the entrance of the ancient laboratory I feel something about to give way beneath my foot. I carefully step backwards and examine the ground, noticing that there is a small pressure plate set in the floor. By the looks of things, it would trigger a massive trap door beneath the person that stepped on it.;;;;;;;;;;;;;x
EVTOPTA_SOH_12642;That was close...;;;;;;;;;;;;;x
EVTDESC_SOH_12643;As I make my way towards the entrance of the ancient laboratory I feel something give way beneath my foot. Before I can react a number of clay jugs fall down and shatter all around me, dousing me in oil. A moment later there is a spark, setting me ablaze.;;;;;;;;;;;;;x
EVTOPTA_SOH_12643;Fire! Fire!;;;;;;;;;;;;;x
EVTDESC_SOH_12644;As I make my way towards the entrance of the ancient laboratory I feel something give way beneath my foot. I step back in time to avoid most of the oil that spills forth from the clay jugs that fall down and shatter near me, but not all of it, and I am badly burned when a spark sets the oil ablaze.;;;;;;;;;;;;;x
EVTOPTA_SOH_12644;I'll never heal from this!;;;;;;;;;;;;;x
EVTDESC_SOH_12645;As I make my way towards the entrance of the ancient laboratory I feel something about to give way beneath my foot. I carefully step backwards and examine the ground, noticing that there is a small pressure plate set in the floor. By the looks of things, it would cause some clay jugs to fall down and shatter, as well as a spark on a slight delay.;;;;;;;;;;;;;x
EVTOPTA_SOH_12645;That was close...;;;;;;;;;;;;;x
EVTDESC_SOH_12646;I carefully make my way towards the entrance of the ancient laboratory, expecting a trap to be triggered at any moment. There is nothing but an eerie silence.;;;;;;;;;;;;;x
EVTOPTA_SOH_12646;Why can't I shake the feeling that something is wrong...?;;;;;;;;;;;;;x
EVTDESCA_SOH_12648;I have made my way inside the ancient laboratory. Now I need to decide what to look for while I am here. The place is enormous, so it will take quite some time to search the whole place.;;;;;;;;;;;;;x
EVTDESCB_SOH_12648;There might be a lot more to discover in this ancient laboratory. Judging by the size of the place, it will take quite some time for me to search the whole place.;;;;;;;;;;;;;x
EVTOPTA_SOH_12648;Surely there are ingredients to be found!;;;;;;;;;;;;;x
EVTOPTB_SOH_12648;I will look for valuable knowledge!;;;;;;;;;;;;;x
EVTOPTC_SOH_12648;There must be treasures somewhere around here!;;;;;;;;;;;;;x
EVTOPTD_SOH_12648;The alchemist that built this must have secrets hidden somewhere...;;;;;;;;;;;;;x
EVTDESC_SOH_12650;It does not take me very long to find a vast quantity of ingredients that all appear to be in good condition. Now I need to decide what to look for next.;;;;;;;;;;;;;x
EVTOPTA_SOH_12650;I'll search for more ingredients!;;;;;;;;;;;;;x
EVTOPTB_SOH_12650;I think I'll look for something else...;;;;;;;;;;;;;x
EVTOPTC_SOH_12650;Perhaps it is time to leave...;;;;;;;;;;;;;x
EVTDESC_SOH_12651;It does not take me very long to find a vast quantity of ingredients that all appear to be in good condition. As I move to pick them up the laboratory starts to tremble around me.;;;;;;;;;;;;;x
EVTOPTA_SOH_12651;I need to get out of here!;;;;;;;;;;;;;x
EVTDESC_SOH_12652;It takes me a fairly short amout of time to find a number of ingredients that all appear to be in good condition. Now I need to decide what to look for next.;;;;;;;;;;;;;x
EVTOPTA_SOH_12652;I'll search for more ingredients!;;;;;;;;;;;;;x
EVTOPTB_SOH_12652;I think I'll look for something else...;;;;;;;;;;;;;x
EVTOPTC_SOH_12652;Perhaps it is time to leave...;;;;;;;;;;;;;x
EVTDESC_SOH_12653;It dtakes me a fairly short amout of time to find a number of ingredients that all appear to be in good condition. As I move to pick them up the laboratory starts to tremble around me.;;;;;;;;;;;;;x
EVTOPTA_SOH_12653;I need to get out of here!;;;;;;;;;;;;;x
EVTDESC_SOH_12654;It takes me a while to find an ingredients that appears to be in good condition. Now I need to decide what to look for next.;;;;;;;;;;;;;x
EVTOPTA_SOH_12654;I'll search for more ingredients!;;;;;;;;;;;;;x
EVTOPTB_SOH_12654;I think I'll look for something else...;;;;;;;;;;;;;x
EVTOPTC_SOH_12654;Perhaps it is time to leave...;;;;;;;;;;;;;x
EVTDESC_SOH_12655;It takes me a while to find an ingredients that appears to be in good condition. As I move to pick it up, the laboratory starts to tremble around me.;;;;;;;;;;;;;x
EVTOPTA_SOH_12655;I need to get out of here!;;;;;;;;;;;;;x
EVTDESC_SOH_12657;I do not have to spend long to discover an abundance of ancient knowledge concerning the medical applications of various alchemical ingredients. Now I need to decide what to look for next.;;;;;;;;;;;;;x
EVTOPTA_SOH_12657;I'll search for more knowledge!;;;;;;;;;;;;;x
EVTOPTB_SOH_12657;I think I'll look for something else...;;;;;;;;;;;;;x
EVTOPTC_SOH_12657;Perhaps it is time to leave...;;;;;;;;;;;;;x
EVTDESC_SOH_12658;I do not have to spend long to discover an abundance of ancient knowledge concerning the medical applications of various alchemical ingredients. As I write them down the laboratory starts to tremble around me.;;;;;;;;;;;;;x
EVTOPTA_SOH_12658;I need to get out of here!;;;;;;;;;;;;;x
EVTDESC_SOH_12659;I do not have to spend long to discover an abundance of ancient knowledge concerning how to use various alchemical ingredients to cause great harm. Now I need to decide what to look for next.;;;;;;;;;;;;;x
EVTOPTA_SOH_12659;I'll search for more knowledge!;;;;;;;;;;;;;x
EVTOPTB_SOH_12659;I think I'll look for something else...;;;;;;;;;;;;;x
EVTOPTC_SOH_12659;Perhaps it is time to leave...;;;;;;;;;;;;;x
EVTDESC_SOH_12660;I do not have to spend long to discover an abundance of ancient knowledge concerning how to use various alchemical ingredients to cause great harm. As I write them down the laboratory starts to tremble around me.;;;;;;;;;;;;;x
EVTOPTA_SOH_12660;I need to get out of here!;;;;;;;;;;;;;x
EVTDESC_SOH_12661;It does not take me much time to discover a good number of interesting tidbits concerning the medical applications of various alchemical ingredients. Now I need to decide what to look for next.;;;;;;;;;;;;;x
EVTOPTA_SOH_12661;I'll search for more knowledge!;;;;;;;;;;;;;x
EVTOPTB_SOH_12661;I think I'll look for something else...;;;;;;;;;;;;;x
EVTOPTC_SOH_12661;Perhaps it is time to leave...;;;;;;;;;;;;;x
EVTDESC_SOH_12662;It does not take me much time to discover a good number of interesting tidbits concerning the medical applications of various alchemical ingredients. As I write them down the laboratory starts to tremble around me.;;;;;;;;;;;;;x
EVTOPTA_SOH_12662;I need to get out of here!;;;;;;;;;;;;;x
EVTDESC_SOH_12663;It does not take me much time to discover a good number of interesting tidbits concerning how to use various alchemical ingredients to cause great harm. Now I need to decide what to look for next.;;;;;;;;;;;;;x
EVTOPTA_SOH_12663;I'll search for more knowledge!;;;;;;;;;;;;;x
EVTOPTB_SOH_12663;I think I'll look for something else...;;;;;;;;;;;;;x
EVTOPTC_SOH_12663;Perhaps it is time to leave...;;;;;;;;;;;;;x
EVTDESC_SOH_12664;It does not take me much time to discover a good number of interesting tidbits concerning how to use various alchemical ingredients to cause great harm. As I write them down the laboratory starts to tremble around me.;;;;;;;;;;;;;x
EVTOPTA_SOH_12664;I need to get out of here!;;;;;;;;;;;;;x
EVTDESC_SOH_12665;It takes me some time to discover a few insights into the medical applications of some alchemical ingredients. Now I need to decide what to look for next.;;;;;;;;;;;;;x
EVTOPTA_SOH_12665;I'll search for more knowledge!;;;;;;;;;;;;;x
EVTOPTB_SOH_12665;I think I'll look for something else...;;;;;;;;;;;;;x
EVTOPTC_SOH_12665;Perhaps it is time to leave...;;;;;;;;;;;;;x
EVTDESC_SOH_12666;It takes me some time to discover a few insights into the medical applications of some alchemical ingredients. As I write them down the laboratory starts to tremble around me.;;;;;;;;;;;;;x
EVTOPTA_SOH_12666;I need to get out of here!;;;;;;;;;;;;;x
EVTDESC_SOH_12667;It takes me some time to discover a few insights into the harmful uses of some alchemical ingredients. Now I need to decide what to look for next.;;;;;;;;;;;;;x
EVTOPTA_SOH_12667;I'll search for more knowledge!;;;;;;;;;;;;;x
EVTOPTB_SOH_12667;I think I'll look for something else...;;;;;;;;;;;;;x
EVTOPTC_SOH_12667;Perhaps it is time to leave...;;;;;;;;;;;;;x
EVTDESC_SOH_12668;It takes me some time to discover a few insights into the harmful uses of some alchemical ingredients. As I write them down the laboratory starts to tremble around me.;;;;;;;;;;;;;x
EVTOPTA_SOH_12668;I need to get out of here!;;;;;;;;;;;;;x
EVTDESC_SOH_12670;I rather easily discover a good number number of valuable items inside the laboratory. Now I need to decide what to look for next.;;;;;;;;;;;;;x
EVTOPTA_SOH_12670;I'll search for more valuables!;;;;;;;;;;;;;x
EVTOPTB_SOH_12670;I think I'll look for something else...;;;;;;;;;;;;;x
EVTOPTC_SOH_12670;Perhaps it is time to leave...;;;;;;;;;;;;;x
EVTDESC_SOH_12671;I rather easily discover a good number number of valuable items inside the laboratory. As I move to pick them up the laboratory starts to tremble around me.;;;;;;;;;;;;;x
EVTOPTA_SOH_12671;I need to get out of here!;;;;;;;;;;;;;x
EVTDESC_SOH_12672;It does not take me an overly long to discover a decent number of valuable items inside the laboratory. Now I need to decide what to look for next.;;;;;;;;;;;;;x
EVTOPTA_SOH_12672;I'll search for more valuables!;;;;;;;;;;;;;x
EVTOPTB_SOH_12672;I think I'll look for something else...;;;;;;;;;;;;;x
EVTOPTC_SOH_12672;Perhaps it is time to leave...;;;;;;;;;;;;;x
EVTDESC_SOH_12673;It does not take me an overly long to discover a decent number of valuable items inside the laboratory. As I move to pick them up the laboratory starts to tremble around me.;;;;;;;;;;;;;x
EVTOPTA_SOH_12673;I need to get out of here!;;;;;;;;;;;;;x
EVTDESC_SOH_12674;It takes me a while to discover a small number of valuable items inside the laboratory. Now I need to decide what to look for next.;;;;;;;;;;;;;x
EVTOPTA_SOH_12674;I'll search for more valuables!;;;;;;;;;;;;;x
EVTOPTB_SOH_12674;I think I'll look for something else...;;;;;;;;;;;;;x
EVTOPTC_SOH_12674;Perhaps it is time to leave...;;;;;;;;;;;;;x
EVTDESC_SOH_12675;It takes me a while to discover a small number of valuable items inside the laboratory. As I move to pick them up the laboratory starts to tremble around me.;;;;;;;;;;;;;x
EVTOPTA_SOH_12675;I need to get out of here!;;;;;;;;;;;;;x
EVTDESC_SOH_12677;I have not managed to find anything that looks like it might lead into a more secret part of this ancient laboratory so far. Perhaps there is nothing to be found.;;;;;;;;;;;;;x
EVTOPTA_SOH_12677;There must be a hidden entrance somewhere!;;;;;;;;;;;;;x
EVTOPTB_SOH_12677;I think I'll look for something else...;;;;;;;;;;;;;x
EVTOPTC_SOH_12677;Perhaps it is time to leave...;;;;;;;;;;;;;x
EVTDESC_SOH_12678;I have not managed to find anything that looks like it might lead into a more secret part of this ancient laboratory so far, and judging by the fact that the laboratory has started to tremble around me I am out of time.;;;;;;;;;;;;;x
EVTOPTA_SOH_12678;I need to get out of here!;;;;;;;;;;;;;x
EVTDESC_SOH_12679;I have discovered a number of cleverly concealed pressure plates set in one of the walls, and when pressing them in the correct sequence part of the wall slides to the side, revealing a secret entrance.;;;;;;;;;;;;;x
EVTOPTA_SOH_12679;The secrets hidden inside will be mine!;;;;;;;;;;;;;x
EVTOPTB_SOH_12679;This might be a trap...;;;;;;;;;;;;;x
EVTOPTC_SOH_12679;Perhaps it is time to leave...;;;;;;;;;;;;;x
EVTDESC_SOH_12680;I have discovered a number of cleverly concealed pressure plates set in one of the walls, and when pressing them in the correct sequence part of the wall slides to the side, revealing a secret entrance. Unfortunately the laboratory has started to tremble all around me, and it would appear I am out of time.;;;;;;;;;;;;;x
EVTOPTA_SOH_12680;I need to get out of here!;;;;;;;;;;;;;x
EVTDESC_SOH_12682;I make my way down the stairway located behind the hidden entrance and enter the corridor at the bottom. Something gives way underneath my foot, and before I can react a number of darts come flying at me from each direction. A sense of numbness starts to spread from where the darts have pierced my flesh.;;;;;;;;;;;;;x
EVTOPTA_SOH_12682;Strength... fading...;;;;;;;;;;;;;x
EVTDESC_SOH_12683;I make my way down the stairway located behind the hidden entrance and enter the corridor at the bottom. Something almost gives way underneath my foot, and as I stop to investigate it I discover that a small pressure plate seems to be set in the floor, with the mechanism likely related to the small openings set in the wall all around me.;;;;;;;;;;;;;x
EVTOPTA_SOH_12683;That was close...;;;;;;;;;;;;;x
EVTDESC_SOH_12684;I make my way down the stairway located behind the hidden entrance and enter the corridor at the bottom. Something gives way underneath my foot, and before I can react the floor gives way underneath me. I can feel several bones breaking on impact, and as I inspect my surroundings I realize that I am in a holding cell of some kind. Nobody will find me here.;;;;;;;;;;;;;x
EVTOPTA_SOH_12684;So it ends...;;;;;;;;;;;;;x
EVTDESC_SOH_12685;I make my way down the stairway located behind the hidden entrance and enter the corridor at the bottom. Something almost gives way underneath my foot, and as I stop to investigate it I discover that a small pressure plate seems to be set in the floor, as well as a very large trap door doubtlessly triggered by it.;;;;;;;;;;;;;x
EVTOPTA_SOH_12685;That was close...;;;;;;;;;;;;;x
EVTDESC_SOH_12686;I make my way down the stairway located behind the hidden entrance and enter the corridor at the bottom. Something almost gives way underneath my foot, and a large section of the wall to my left opens up, revealing the skeleton of a large feline of some kind inside. Doubtlessly, it was meant to feed on trespassers when it was alive.;;;;;;;;;;;;;x
EVTOPTA_SOH_12686;A good thing it is dead!;;;;;;;;;;;;;x
EVTDESC_SOH_12687;I make my way down the stairway located behind the hidden entrance and enter the corridor at the bottom. I move carefully, expecting a trap to be sprung at any moment, but there is nothing.;;;;;;;;;;;;;x
EVTOPTA_SOH_12687;Something feels wrong about this...;;;;;;;;;;;;;x
EVTDESC_SOH_12689;At the end of the corridor there is a large chamber. Inside, I find a vast quantity of ingredients that seem exceptionally well preserved. As I move to pick them up the entire laboratory starts to tremble.;;;;;;;;;;;;;x
EVTOPTA_SOH_12689;I need to get out of here!;;;;;;;;;;;;;x
EVTDESC_SOH_12690;At the end of the corridor there is a large chamber. Inside, I find a vast quantity of alchemical knowledge written down on a number of scrolls. As I move to pick them up the entire laboratory starts to tremble.;;;;;;;;;;;;;x
EVTOPTA_SOH_12690;I need to get out of here!;;;;;;;;;;;;;x
EVTDESC_SOH_12691;At the end of the corridor there is a large chamber. Inside, I find a vast quantity of valuable items. As I move to pick them up the entire laboratory starts to tremble.;;;;;;;;;;;;;x
EVTOPTA_SOH_12691;I need to get out of here!;;;;;;;;;;;;;x
EVTDESC_SOH_12692;At the end of the corridor there is a large chamber. It contains nothing of note, though there is another stairway leading up towards what looks like a way out, judging by the sunlight that is coming down from there. Right as I notice this the entire laboratory starts to tremble.;;;;;;;;;;;;;x
EVTOPTA_SOH_12692;How convenient!;;;;;;;;;;;;;x
EVTDESC_SOH_12693;I hurry up the stairway and out through the opening found there, emerging some distance away from where I entered the laboratory. As I turn and watch, the entire laboratory collapses in on itself, burying anything still left inside.;;;;;;;;;;;;;x
EVTOPTA_SOH_12693;I got out just in time...;;;;;;;;;;;;;x
EVTDESC_SOH_12694;I head back out the way I entered the laboratory. Behind me, I can hear a loud rumbling sound, and as I turn and watch I can see the entire laboratory collapses in on itself, burying anything still left inside.;;;;;;;;;;;;;x
EVTOPTA_SOH_12694;I got out just in time...;;;;;;;;;;;;;x
EVTDESC_SOH_12696;I hurry back towards the entrance as quickly as I can, but I am not quick enough. Rocks fall and block the way forward, and as I turn around to look for another way out the passageway behind me is also sealed off. Then the ceiling starts falling down, piece by piece.;;;;;;;;;;;;;x
EVTOPTA_SOH_12696;No! Not like this!;;;;;;;;;;;;;x
EVTDESC_SOH_12697;Rocks fall all around me as I hurry back towards the entrance, some of them shattering and sending sharp shards flying everywhere, others staying in one piece. Some of them strike me, and though I manage to make it outside before the laboratory can fully collapse I am grievously injured in the process.;;;;;;;;;;;;;x
EVTOPTA_SOH_12697;At least I am still alive...;;;;;;;;;;;;;x
EVTDESC_SOH_12698;Rocks fall all around me as I hurry back towards the entrance, some of them shattering and sending sharp shards flying everywhere, others staying in one piece. I avoid the worst of it, but I am still injured by the time I make it outside the collapsing laboratory.;;;;;;;;;;;;;x
EVTOPTA_SOH_12698;It could have been a lot worse...;;;;;;;;;;;;;x
EVTDESC_SOH_12699;I hurry back towards the entrance to the ancient laboratory, barely outrunning the rocks that come crashing down as the place collapses all around me. As I reach safety, I turn around and watch as the remaining secrets are buried forever.;;;;;;;;;;;;;x
EVTOPTA_SOH_12699;A clever trap, but not clever enough!;;;;;;;;;;;;;x
EVTDESC_SOH_12701;While my alchemical laboratory is not terrible, I could perhaps accomplish more with a more extensive one. Perhaps I should have it expanded?;;;;;;;;;;;;;x
EVTOPTA_SOH_12701;I need it for science!;;;;;;;;;;;;;x
EVTOPTB_SOH_12701;I can make do with my current laboratory...;;;;;;;;;;;;;x
EVTDESC_SOH_12702;The improvements to my alchemical laboratory have been completed. Now nothing will stand in the way of my discoveries.;;;;;;;;;;;;;x
EVTOPTA_SOH_12702;This is a great day for science!;;;;;;;;;;;;;x
EVTDESC_SOH_12703;Word has spread of my accomplishments as an alchemist, and I am now considered a Renowned Physician.;;;;;;;;;;;;;x
EVTOPTA_SOH_12703;My genius is finally recognized!;;;;;;;;;;;;;x
EVTTITLE_SOH_12704;Waiver of Liability;;;;;;;;;;;;;x
EVTDESC_SOH_12704;"Do not consume alchemical potions without first consulting a Renowned Physician if you are pregnant, trying to become pregnant, or trying to get someone pregnant. Always store your alchemical potions well out of reach of young children, and never operate heavy mechanisms under the influence of an alchemical potion.\nBy drinking this potion, you hereby agree that you will not hold the alchemist that brewed this potion liable for any side-effects you may experience, including, but not limited to, headaches, nausea, vomiting, cramps, diarrhea, loss of libido, loss of memory, madness, and in rare cases death. A state of arousal lasting longer than four hours, while rare..."\nThe slip of paper attached to an empty potion bottle seems to go on forever, but its inclusion seems quite sensible.;;;;;;;;;;;;;x
EVTOPTA_SOH_12704;I should remember to always include something similar!;;;;;;;;;;;;;x
EVTDESC_SOH_12705;My recent alchemical experiments have unfortunately not gone well in all regards. I lost a valuable ingredient when I spilled an experimental potion.;;;;;;;;;;;;;x
EVTOPTA_SOH_12705;I could have made good use of it...;;;;;;;;;;;;;x
EVTDESC_SOH_12706;Considering that I am a member of the Renowned Apothecary Society and therefore put a great deal of faith in waidan -- external alchemy -- perhaps Zhengyi Dao, the Way of Orthodox Unity, has a greater appeal for me than I previously would have thought.;;;;;;;;;;;;;x
EVTOPTA_SOH_12706;It truly is the true way forward!;;;;;;;;;;;;;x
EVTOPTB_SOH_12706;I don't think so...;;;;;;;;;;;;;x
EVTDESC_SOH_12707;There are those in the Renowned Apothecary Society that do not respect me or my potions. Some of them even call me mad!;;;;;;;;;;;;;x
EVTOPTA_SOH_12707;I will show them! I will show them ALL!;;;;;;;;;;;;;x
EVTDESC_SOH_12708;I recently came into possession of an ancient scroll containing various insights into how different alchemical ingredients might be used to brew more potent medical potions.;;;;;;;;;;;;;x
EVTOPTA_SOH_12708;Knowledge is power!;;;;;;;;;;;;;x
EVTDESC_SOH_12709;I recently came into possession of an ancient scroll containing various insights into how different alchemical ingredients might be used in both helpful and harmful fashions.;;;;;;;;;;;;;x
EVTOPTA_SOH_12709;Knowledge is power!;;;;;;;;;;;;;x
EVTDESC_SOH_12710;I recently came into possession of an ancient scroll containing various insights into how different alchemical ingredients might be used to brew more potent poisons.;;;;;;;;;;;;;x
EVTOPTA_SOH_12710;Knowledge is power!;;;;;;;;;;;;;x
EVTDESC_SOH_12711;There are other members of the Renowned Apothecary Society that I am close to. Perhaps they would benefit from some of what I know?;;;;;;;;;;;;;x
EVTOPTA_SOH_12711;I will share some of my knowledge!;;;;;;;;;;;;;x
EVTOPTB_SOH_12711;My knowledge is for me and me alone!;;;;;;;;;;;;;x
EVTDESC_SOH_12712;I just received several piles of notes from [From.GetBestName], containing some alchemical insights that [From.GetSheHe] seems to think would be of use for me. At a glance, [From.GetSheHe] would seem be correct.;;;;;;;;;;;;;x
EVTOPTA_SOH_12712;I appreciate it!;;;;;;;;;;;;;x
EVTDESC_SOH_12713;There are other members of the Renowned Apothecary Society that are less knowledgeable than I am. Perhaps I would gain their respect if I shared some of what I know?;;;;;;;;;;;;;x
EVTOPTA_SOH_12713;I will share some of my knowledge!;;;;;;;;;;;;;x
EVTOPTB_SOH_12713;My knowledge is for me and me alone!;;;;;;;;;;;;;x
EVTDESC_SOH_12714;I just received several piles of notes from [From.GetBestName], containing some alchemical insights that [From.GetSheHe] seems to think would be of use for me. At a glance, [From.GetSheHe] would seem be correct.;;;;;;;;;;;;;x
EVTOPTA_SOH_12714;I appreciate it!;;;;;;;;;;;;;x
EVTDESC_SOH_12715;[former_associate.GetBestName] is considered a dangerous mad[From.GetManWoman] by many in the Renowned Apothecary Society. My close association with [former_associate.GetHerHim] does not reflect well on me.;;;;;;;;;;;;;x
EVTOPTA_SOH_12715;I should distance myself from [former_associate.GetHerHim]...;;;;;;;;;;;;;x
EVTOPTB_SOH_12715;I will stand by [former_associate.GetFirstName] to the end!;;;;;;;;;;;;;x
EVTDESC_SOH_12716;[From.GetBestName] has let me know that [From.GetSheHe] would prefer not to associate with me any longer, apparently buying into the rumours that I am a dangerous mad[Root.GetManWoman].;;;;;;;;;;;;;x
EVTOPTA_SOH_12716;Mark my words! You'll rue this day!;;;;;;;;;;;;;x
EVTDESC_SOH_12717;There are those in the Renowned Apothecary Society that I seem to have a hard time getting along with, potentially because I tend to be rather willing to show just how brilliant I am.;;;;;;;;;;;;;x
EVTOPTA_SOH_12717;It's hardly my fault they are stupid!;;;;;;;;;;;;;x
EVTOPTB_SOH_12717;Perhaps a more diplomatic approach would be better...;;;;;;;;;;;;;x
EVTDESC_SOH_12718;It is sometimes said that there is a fine line between genius and insanity...;;;;;;;;;;;;;x
EVTOPTA_SOH_12718;...and perhaps that line is behind me...;;;;;;;;;;;;;x
EVTDESC_SOH_12719;My alchemical experiments sometimes take quite a bit of work, but it is work that needs to be done, and science demands sacrifice.;;;;;;;;;;;;;x
EVTOPTA_SOH_12719;I will keep working harder!;;;;;;;;;;;;;x
EVTDESC_SOH_12720;My alchemical experiments sometimes take quite a bit of time to finish up, but it is time well spent, and science demands sacrifice.;;;;;;;;;;;;;x
EVTOPTA_SOH_12720;A little patience always pays off!;;;;;;;;;;;;;x
EVTDESC_SOH_12721;There are some alchemists that are not above using their skills to brew potent poisons or to trick gullible fools into buying snake oil, but I do not think that that is something I want to do.;;;;;;;;;;;;;x
EVTOPTA_SOH_12721;I should strive to not do any harm!;;;;;;;;;;;;;x
EVTDESC_SOH_12722;I have realized that there is no need for false modesty after all of my alchemical accomplishments.;;;;;;;;;;;;;x
EVTOPTA_SOH_12722;I am good at what I do!;;;;;;;;;;;;;x
EVTDESC_SOH_12723;I have heard about many alchemists, both living and dead, that achieved far greater things than I have. Their accomplishments fill me with envy.;;;;;;;;;;;;;x
EVTOPTA_SOH_12723;I want to be more famous than them!;;;;;;;;;;;;;x
EVTDESC_SOH_12724;I have had some success with my alchemical potions, but I am not yet content with what I have accomplished.;;;;;;;;;;;;;x
EVTOPTA_SOH_12724;I will achieve greater things yet!;;;;;;;;;;;;;x
EVTDESC_SOH_12725;There are those that would let silly little things like "ethics", "laws", and "morality" hold their research back. I do not share their caution, and I doubt they can deny my discoveries.;;;;;;;;;;;;;x
EVTOPTA_SOH_12725;Forbidden knowledge is still knowledge!;;;;;;;;;;;;;x
EVTDESC_SOH_12726;There are those that think that science should be carried out in an overly cautious and controlled fashion. A foolish waste of time, if you ask me!;;;;;;;;;;;;;x
EVTOPTA_SOH_12726;The riskier the experiment, the greater the rewards!;;;;;;;;;;;;;x
EVTDESC_SOH_12727;Some members of the Renowned Apothecary Society are very concerned with keeping up appearances and never doing any harm as they delve deeper into the mysteries of alchemy and science. As for me, I do not find myself agreeing with their reasoning.;;;;;;;;;;;;;x
EVTOPTA_SOH_12727;I will allow none to stand in the way of science!;;;;;;;;;;;;;x
EVTDESC_SOH_12728;Some of the people I have tried to help over the years have been reluctant to drink my potions after learning what I put in them. Bending the truth a bit will allow me to help more people.;;;;;;;;;;;;;x
EVTOPTA_SOH_12728;What those that drink my potions don't know won't harm them...;;;;;;;;;;;;;x
EVTDESC_SOH_12729;I have started to amass quite the collection of books of late, and find myself reading late into the evening rather often.;;;;;;;;;;;;;x
EVTOPTA_SOH_12729;Reading is fun!;;;;;;;;;;;;;x
EVTDESC_SOH_12730;Some in the Renowned Apothecary Society would prefer not to disclose what they have put in their potions when those that drink them ask. That is hardly a good way to make someone trust that you mean well.;;;;;;;;;;;;;x
EVTOPTA_SOH_12730;Of course you should tell them what the potion contains!;;;;;;;;;;;;;x
EVTDESC_SOH_12731;Everyone in the Renowned Apothecary Society seeks to do better than everyone else. Sharing what you know is foolish, for few are willing to share what they know with you.;;;;;;;;;;;;;x
EVTOPTA_SOH_12731;They all want my secrets, and they shall not have them!;;;;;;;;;;;;;x
EVTDESC_SOH_12732;There are those that think that I am rather too focused on my potions than I should be. They do not understand how important this is to me.;;;;;;;;;;;;;x
EVTOPTA_SOH_12732;I will not stop! Not yet!;;;;;;;;;;;;;x
EVTDESC_SOH_12733;"Do you have the poison?" I ask my somewhat dim-witted assistant.\n"The poison?" he asks. "The poison for [bad_potion_target.GetFirstName]? The poison chosen specifically to kill [bad_potion_target.GetFirstName]? [bad_potion_target.GetFirstName]'s poison? That poison?";;;;;;;;;;;;;x
EVTOPTA_SOH_12733;Yes, that poison!;;;;;;;;;;;;;x
EVTDESC_SOH_12734;As my assistant stirs the poison I go over the recipe one last time, realizing that it is missing one rather vital ingredient. Luckily, I do have it on hand!;;;;;;;;;;;;;x
EVTOPTA_SOH_12734;It needs more... body!;;;;;;;;;;;;;x
EVTDESC_SOH_12735;I just had the greatest idea for my next potion. I need to do some experiments right away!;;;;;;;;;;;;;x
EVTOPTA_SOH_12735;To the secret lab!;;;;;;;;;;;;;x
EVTDESC_SOH_12736;While the methods of the Hermetics are different from those of the Renowned Apothecary Society, I have found that it is always a good idea to discuss my findings with [new_friend.GetBestName] when I need an outside perspective, and over time we have become close friends.;;;;;;;;;;;;;x
EVTOPTA_SOH_12736;Together, we will discover all there is to alchemy!;;;;;;;;;;;;;x
EVTDESC_SOH_12737;While the methods of the Renowned Apothecary Society are different from those of the Hermetics, I have found that it is always a good idea to discuss my findings with [From.GetBestName] when I need an outside perspective, and over time we have become close friends.;;;;;;;;;;;;;x
EVTOPTA_SOH_12737;Together, we will discover all there is to alchemy!;;;;;;;;;;;;;x
EVTDESC_SOH_12738;While there perhaps are members of the Hermetics that would be worth discussing alchemy with, [new_rival.GetBestName] certainly is not one of them. That [new_rival.GetManWoman] is a most unpleasant person, and hearing that [new_rival.GetHerHis] latest experiment quite literally blew up in [new_rival.GetHerHis] face would greatly please me.;;;;;;;;;;;;;x
EVTOPTA_SOH_12738;[new_rival.GetSheHeCap] knows nothing of true alchemy!;;;;;;;;;;;;;x
EVTDESC_SOH_12739;While there perhaps are members of the Renowned Apothecary Society that would be worth discussing alchemy with, [From.GetBestName] certainly is not one of them. That [From.GetManWoman] is a most unpleasant person, and hearing that [From.GetHerHis] latest experiment quite literally blew up in [From.GetHerHis] face would greatly please me.;;;;;;;;;;;;;x
EVTOPTA_SOH_12739;[From.GetSheHeCap] knows nothing of true alchemy!;;;;;;;;;;;;;x

EVTTOOLTIP_SOH_12527;The plan to abduct [This.GetFirstName] is set in motion.;;;;;;;;;;;;;x
EVTTOOLTIP_SOH_12529;The abduction attempt is carried out.;;;;;;;;;;;;;x
EVTTOOLTIP_SOH_12530_PERP;My guards tell me they suspect [From.GetTitledName] of this outrage!;;;;;;;;;;;;;x
everything_discovered_is_lost;Everything you found in the ancient laboratory is buried alongside you.;;;;;;;;;;;;;x